fecha,id_cliente,producto,categoria,ciudad,unidades,precio_unitario,descuento,canal,ventas
2025-11-03,13375,Guantes gym,Deportes,Bogota,4,48100.0,0.05,En linea,182780.0
2025-06-05,19441,Licuadora,Hogar,Barranquilla,5,81800.0,0.0,Tienda,409000.0
2025-06-02,10603,Tapete yoga,Deportes,Bogota,2,75200.0,0.1,En linea,135360.0
2025-11-15,10698,Bicicleta estatica,Deportes,Bogota,3,42300.0,0.0,Tienda,126900.0
2025-08-29,15539,Tenis urbanos,Moda,Cali,1,94500.0,0.05,Tienda,89775.0
2025-03-04,19653,Audifonos BT,Tecnologia,Medellin,2,597200.0,0.0,Tienda,1194400.0
2025-08-23,15795,Aspiradora,Hogar,Cali,2,122600.0,0.15,Tienda,208420.0
2025-07-08,10901,Bolso cuero,Moda,Medellin,1,36400.0,0.15,En linea,30940.0
2025-09-11,13964,Juego de ollas,Hogar,Cali,3,244900.0,0.1,En linea,661230.0
2025-08-14,14338,Balon futbol,Deportes,Bogota,1,70100.0,0.0,Tienda,70100.0
2025-01-17,15460,Aspiradora,Hogar,Barranquilla,1,60400.0,0.0,Tienda,60400.0
2025-03-12,14985,Jean slim,Moda,Cali,1,66200.0,0.1,Tienda,59580.0
2025-11-12,13735,Juego de ollas,Hogar,Bogota,4,52700.0,0.15,Tienda,179180.0
2025-08-28,19566,Lampara LED,Hogar,Bogota,5,73700.0,0.1,Tienda,331650.0
2025-03-28,15688,Balon futbol,Deportes,Barranquilla,1,31300.0,0.0,En linea,31300.0
2025-08-05,16890,Bolso cuero,Moda,Medellin,3,117900.0,0.05,Tienda,336015.0
2025-06-18,12430,Portatil 14,Tecnologia,Cali,3,440100.0,0.15,En linea,1122255.0
2025-08-30,14718,Set de sabanas,Hogar,Cali,2,85400.0,0.15,En linea,145180.0
2025-06-13,12350,Monitor 24,Tecnologia,Cali,1,718200.0,0.1,Tienda,646380.0
2025-07-27,12981,Chaqueta impermeable,Moda,Cali,1,41600.0,0.15,En linea,35360.0
2025-11-09,17313,Tenis urbanos,Moda,Bogota,2,38600.0,0.05,En linea,73340.0
2025-10-10,15739,Bicicleta estatica,Deportes,Barranquilla,3,30300.0,0.1,Tienda,81810.0
2025-02-05,15938,Bolso cuero,Moda,Bogota,4,74900.0,0.05,Tienda,284620.0
2025-02-10,13763,Juego de ollas,Hogar,Bogota,1,22100.0,0.05,Tienda,20995.0
2025-07-30,12093,Lampara LED,Hogar,Cali,1,44000.0,0.0,En linea,39600.0
2025-02-16,14456,Mancuernas 5kg,Deportes,Cali,4,19500.0,0.15,En linea,66300.0
2025-08-27,15903,Bolso cuero,Moda,Medellin,1,28800.0,0.0,En linea,28800.0
2025-03-24,10153,Tenis urbanos,Moda,Medellin,1,29800.0,0.05,Tienda,28310.0
2025-05-10,10159,Licuadora,Hogar,Barranquilla,4,33800.0,0.0,Tienda,135200.0
2025-02-28,18571,Jean slim,Moda,Bogota,2,48700.0,0.0,Tienda,97400.0
2025-06-17,19658,Aspiradora,Hogar,Medellin,4,205100.0,0.05,Tienda,779380.0
2025-01-18,19173,Balon futbol,Deportes,Bogota,3,60600.0,0.0,Tienda,181800.0
2025-12-25,10189,Audifonos BT,Tecnologia,Barranquilla,3,466600.0,0.15,En linea,1189830.0
2025-04-11,15681,Portatil 14,Tecnologia,Bogota,1,485600.0,0.0,Tienda,485600.0
2025-01-24,11495,Set de sabanas,Hogar,Barranquilla,1,57400.0,0.1,En linea,51660.0
2025-10-11,17236,Jean slim,Moda,Cali,1,82200.0,0.0,Tienda,82200.0
2025-03-10,17582,Lampara LED,Hogar,Cali,3,218700.0,0.1,En linea,590490.0
2025-10-01,13507,Lampara LED,Hogar,Barranquilla,5,62200.0,0.15,Tienda,264350.0
2025-09-16,16659,Monitor 24,Tecnologia,Bogota,2,231400.0,0.0,Tienda,462800.0
2025-04-24,17488,Mancuernas 5kg,Deportes,Bogota,2,93600.0,0.0,Tienda,187200.0
2025-04-01,17792,Mancuernas 5kg,Deportes,Cali,1,27700.0,0.0,Tienda,27700.0
2025-03-06,16249,Tenis urbanos,Moda,Bogota,1,64100.0,0.0,En linea,64100.0
2025-03-10,14315,Lampara LED,Hogar,Medellin,2,50900.0,0.0,En linea,101800.0
2025-06-27,13049,Tenis urbanos,Moda,Cali,2,34800.0,0.05,Tienda,66120.0
2025-12-31,13389,Bicicleta estatica,Deportes,Barranquilla,2,31100.0,0.0,Tienda,62200.0
2025-03-10,13351,Audifonos BT,Tecnologia,Medellin,3,1102700.0,0.1,Tienda,2977290.0
2025-05-14,10728,Balon futbol,Deportes,Medellin,1,125800.0,0.1,En linea,113220.0
2025-07-13,14612,Chaqueta impermeable,Moda,Bogota,1,66200.0,0.0,En linea,66200.0
2025-10-14,18569,Licuadora,Hogar,Bogota,3,88300.0,0.05,Tienda,251655.0
2025-02-22,14393,Monitor 24,Tecnologia,Barranquilla,1,718100.0,0.0,En linea,718100.0
2025-05-01,15491,Teclado mecanico,Tecnologia,Medellin,1,503600.0,0.0,En linea,503600.0
2025-10-01,11535,Tablet 10,Tecnologia,Cali,2,254300.0,0.2,En linea,406880.0
2025-07-27,11708,Aspiradora,Hogar,Bogota,1,82400.0,0.0,En linea,82400.0
2025-05-17,19369,Audifonos BT,Tecnologia,Medellin,2,137500.0,0.05,En linea,261250.0
2025-05-13,16162,Lampara LED,Hogar,Barranquilla,3,48200.0,0.05,Tienda,137370.0
2025-03-03,13730,Juego de ollas,Hogar,Cali,2,31500.0,0.15,En linea,53550.0
2025-08-29,19423,Bicicleta estatica,Deportes,Barranquilla,1,34500.0,0.0,En linea,34500.0
2025-03-31,13969,Monitor 24,Tecnologia,Bogota,2,184500.0,0.0,Tienda,369000.0
2025-02-15,10124,Audifonos BT,Tecnologia,Bogota,3,338200.0,0.0,En linea,1014600.0
2025-10-21,11689,Bolso cuero,Moda,Medellin,1,62900.0,0.05,Tienda,59755.0
2025-02-12,11085,Set de sabanas,Hogar,Cali,4,65900.0,0.0,En linea,263600.0
2025-02-20,12876,Juego de ollas,Hogar,Medellin,5,89900.0,0.05,Tienda,427025.0
2025-07-23,17962,Camiseta basica,Moda,Medellin,2,28400.0,0.0,En linea,56800.0
2025-07-25,17167,Juego de ollas,Hogar,Medellin,1,63300.0,0.2,En linea,50640.0
2025-01-22,16021,Aspiradora,Hogar,Barranquilla,1,69200.0,0.0,Tienda,69200.0
2025-07-21,14840,Portatil 14,Tecnologia,Bogota,2,296600.0,0.0,En linea,593200.0
2025-01-15,13764,Bolso cuero,Moda,Medellin,3,78300.0,0.1,Tienda,211410.0
2025-05-04,14935,Bicicleta estatica,Deportes,Medellin,2,70100.0,0.0,En linea,140200.0
2025-10-12,11048,Guantes gym,Deportes,Bogota,3,28700.0,0.05,En linea,81795.0
2025-04-15,16612,Portatil 14,Tecnologia,Barranquilla,1,1140600.0,0.0,Tienda,1140600.0
2025-03-13,11508,Juego de ollas,Hogar,Medellin,5,64900.0,0.05,Tienda,308275.0
2025-10-20,14200,Juego de ollas,Hogar,Cali,3,108300.0,0.15,Tienda,276165.0
2025-11-14,18936,Portatil 14,Tecnologia,Cali,2,318900.0,0.0,Tienda,637800.0
2025-09-21,19479,Bolso cuero,Moda,Cali,1,70100.0,0.05,En linea,66595.0
2025-06-18,11169,Aspiradora,Hogar,Cali,5,207000.0,0.1,En linea,931500.0
2025-01-04,15752,Camiseta basica,Moda,Medellin,4,37500.0,0.0,Tienda,150000.0
2025-01-01,19356,Licuadora,Hogar,Barranquilla,2,34800.0,0.15,Tienda,59160.0
2025-11-10,19872,Set de sabanas,Hogar,Bogota,3,84600.0,0.0,En linea,253800.0
2025-05-04,14132,Tenis urbanos,Moda,Bogota,4,64700.0,0.15,En linea,219980.0
2025-08-01,10485,Chaqueta impermeable,Moda,Cali,3,69600.0,0.1,En linea,187920.0
2025-03-26,16321,Camiseta basica,Moda,Bogota,3,55900.0,0.2,Tienda,134160.0
2025-08-15,15068,Lampara LED,Hogar,Bogota,4,49600.0,0.0,En linea,198400.0
2025-11-06,16185,Lampara LED,Hogar,Bogota,5,36700.0,0.15,Tienda,155975.0
2025-08-31,18316,Tablet 10,Tecnologia,Medellin,3,448000.0,0.0,En linea,1344000.0
2025-08-04,14499,Monitor 24,Tecnologia,Bogota,1,237000.0,0.15,En linea,201450.0
2025-10-10,16899,Teclado mecanico,Tecnologia,Barranquilla,1,93700.0,0.05,Tienda,89015.0
2025-03-13,17142,Audifonos BT,Tecnologia,Barranquilla,2,671700.0,0.2,Tienda,1074720.0
2025-09-18,13941,Licuadora,Hogar,Cali,4,77200.0,0.1,Tienda,277920.0
2025-01-27,19039,Tenis urbanos,Moda,Barranquilla,3,47100.0,0.0,Tienda,141300.0
2025-04-11,10531,Licuadora,Hogar,Cali,4,33600.0,0.0,Tienda,134400.0
2025-01-06,11245,Camiseta basica,Moda,Medellin,2,30300.0,0.15,Tienda,51510.0
2025-01-08,15460,Monitor 24,Tecnologia,Cali,1,261600.0,0.0,En linea,261600.0
2025-01-20,13816,Set de sabanas,Hogar,Barranquilla,1,140000.0,0.2,Tienda,112000.0
2025-04-15,10152,Bolso cuero,Moda,Barranquilla,3,37800.0,0.0,Tienda,113400.0
2025-09-14,18113,Chaqueta impermeable,Moda,Bogota,2,82700.0,0.15,Tienda,140590.0
2025-08-01,13923,Portatil 14,Tecnologia,Medellin,3,221400.0,0.1,En linea,597780.0
2025-06-16,14016,Juego de ollas,Hogar,Medellin,4,65500.0,0.15,Tienda,222700.0
2025-07-30,18765,Jean slim,Moda,Bogota,2,61500.0,0.0,En linea,123000.0
2025-11-18,19382,Tablet 10,Tecnologia,Medellin,3,713800.0,0.05,Tienda,2034330.0
2025-05-30,12041,Tapete yoga,Deportes,Cali,2,52300.0,0.05,En linea,99370.0
2025-10-12,13459,Bolso cuero,Moda,Cali,1,97200.0,0.1,En linea,87480.0
2025-09-24,12717,Juego de ollas,Hogar,Barranquilla,5,36700.0,0.0,Tienda,183500.0
2025-02-08,12374,Licuadora,Hogar,Bogota,2,23600.0,0.0,En linea,47200.0
2025-07-16,19052,Guantes gym,Deportes,Medellin,3,29400.0,0.0,Tienda,88200.0
2025-02-19,16819,Mancuernas 5kg,Deportes,Medellin,1,72900.0,0.05,Tienda,69255.0
2025-12-11,13723,Audifonos BT,Tecnologia,Medellin,3,271500.0,0.2,Tienda,651600.0
2025-05-03,14962,Licuadora,Hogar,Medellin,2,91600.0,0.2,Tienda,146560.0
2025-01-13,18538,Licuadora,Hogar,Barranquilla,4,35000.0,0.0,En linea,140000.0
2025-10-25,17224,Aspiradora,Hogar,Barranquilla,2,34100.0,0.05,En linea,64790.0
2025-02-13,13596,Camiseta basica,Moda,Bogota,4,71400.0,0.0,En linea,285600.0
2025-10-14,15867,Lampara LED,Hogar,Cali,2,67600.0,0.15,En linea,114920.0
2025-12-15,12423,Licuadora,Hogar,Cali,4,51400.0,0.0,En linea,205600.0
2025-09-25,17752,Jean slim,Moda,Cali,2,87100.0,0.05,En linea,165490.0
2025-10-17,12934,Licuadora,Hogar,Barranquilla,4,37300.0,0.1,Tienda,134280.0
2025-07-05,19768,Bolso cuero,Moda,Bogota,2,50700.0,0.05,Tienda,96330.0
2025-10-25,10476,Guantes gym,Deportes,Bogota,3,22300.0,0.05,Tienda,63555.0
2025-08-19,18892,Juego de ollas,Hogar,Medellin,5,187400.0,0.3,Tienda,655900.0
2025-07-12,15625,Bicicleta estatica,Deportes,Barranquilla,4,39100.0,0.0,En linea,156400.0
2025-04-23,17468,Juego de ollas,Hogar,Cali,5,105700.0,0.05,Tienda,502075.0
2025-07-22,11642,Monitor 24,Tecnologia,Cali,2,431300.0,0.1,En linea,776340.0
2025-10-21,15376,Lampara LED,Hogar,Bogota,4,35100.0,0.3,Tienda,98280.0
2025-02-14,11259,Bolso cuero,Moda,Cali,2,73600.0,0.0,Tienda,139840.0
2025-06-03,10043,Tenis urbanos,Moda,Bogota,3,120900.0,0.05,Tienda,344565.0
2025-09-26,17470,Chaqueta impermeable,Moda,Bogota,4,47300.0,0.1,En linea,170280.0
2025-08-27,13673,Tablet 10,Tecnologia,Bogota,2,628500.0,0.05,En linea,1194150.0
2025-09-13,13158,Set de sabanas,Hogar,Cali,5,39700.0,0.2,Tienda,158800.0
2025-06-25,15020,Lampara LED,Hogar,Bogota,2,61800.0,0.05,Tienda,117420.0
2025-01-05,12560,Balon futbol,Deportes,Medellin,4,37000.0,0.0,En linea,148000.0
2025-02-07,17658,Guantes gym,Deportes,Medellin,4,56200.0,0.1,Tienda,202320.0
2025-07-18,10630,Juego de ollas,Hogar,Barranquilla,1,123600.0,0.0,Tienda,123600.0
2025-10-13,16070,Mancuernas 5kg,Deportes,Barranquilla,1,68000.0,0.15,Tienda,57800.0
2025-12-15,12261,Bolso cuero,Moda,Barranquilla,4,22000.0,0.0,Tienda,88000.0
2025-11-20,16496,Audifonos BT,Tecnologia,Barranquilla,2,249200.0,0.2,En linea,398720.0
2025-10-08,10318,Aspiradora,Hogar,Cali,1,49400.0,0.15,Tienda,41990.0
2025-10-14,18024,Camiseta basica,Moda,Medellin,3,87700.0,0.0,Tienda,263100.0
2025-06-22,19569,Aspiradora,Hogar,Medellin,3,55500.0,0.05,Tienda,158175.0
2025-04-10,14150,Guantes gym,Deportes,Medellin,4,50100.0,0.1,En linea,180360.0
2025-06-05,10848,Guantes gym,Deportes,Bogota,2,28500.0,0.0,En linea,57000.0
2025-11-15,18643,Teclado mecanico,Tecnologia,Bogota,3,212400.0,0.0,Tienda,637200.0
2025-03-04,13266,Set de sabanas,Hogar,Medellin,5,50100.0,0.15,Tienda,212925.0
2025-11-02,19570,Aspiradora,Hogar,Medellin,5,100300.0,0.15,Tienda,426275.0
2025-03-06,12586,Guantes gym,Deportes,Barranquilla,3,44300.0,0.1,En linea,119610.0
2025-10-02,19876,Mancuernas 5kg,Deportes,Bogota,1,45600.0,0.0,Tienda,45600.0
2025-06-17,11863,Bicicleta estatica,Deportes,Barranquilla,3,81700.0,0.1,En linea,220590.0
2025-11-02,13884,Licuadora,Hogar,Cali,2,86800.0,0.05,Tienda,164920.0
2025-12-18,16075,Chaqueta impermeable,Moda,Barranquilla,3,34000.0,0.15,Tienda,86700.0
2025-12-04,11734,Mancuernas 5kg,Deportes,Medellin,1,23400.0,0.1,Tienda,21060.0
2025-10-29,17716,Portatil 14,Tecnologia,Medellin,2,590800.0,0.1,Tienda,1063440.0
2025-09-07,19598,Tapete yoga,Deportes,Medellin,3,33100.0,0.0,Tienda,99300.0
2025-12-30,18063,Set de sabanas,Hogar,Medellin,3,78000.0,0.0,Tienda,234000.0
2025-05-15,12766,Jean slim,Moda,Medellin,2,34200.0,0.0,En linea,68400.0
2025-02-24,10183,Juego de ollas,Hogar,Barranquilla,3,74200.0,0.0,Tienda,222600.0
2025-01-10,14767,Juego de ollas,Hogar,Medellin,4,82100.0,0.2,Tienda,262720.0
2025-12-20,17174,Guantes gym,Deportes,Barranquilla,2,34600.0,0.0,En linea,69200.0
2025-08-13,15635,Guantes gym,Deportes,Medellin,1,60400.0,0.15,En linea,51340.0
2025-10-07,14309,Monitor 24,Tecnologia,Medellin,2,209700.0,0.0,Tienda,419400.0
2025-01-02,16259,Portatil 14,Tecnologia,Barranquilla,3,132700.0,0.05,Tienda,378195.0
2025-05-03,11691,Monitor 24,Tecnologia,Medellin,3,690900.0,0.0,Tienda,2072700.0
2025-06-15,15726,Bolso cuero,Moda,Medellin,4,50600.0,0.0,Tienda,202400.0
2025-06-12,16598,Set de sabanas,Hogar,Medellin,3,23400.0,0.0,En linea,70200.0
2025-09-14,14037,Teclado mecanico,Tecnologia,Cali,1,430700.0,0.15,En linea,366095.0
2025-04-13,12838,Camiseta basica,Moda,Cali,2,53200.0,0.0,Tienda,106400.0
2025-04-21,10556,Licuadora,Hogar,Cali,4,134700.0,0.05,Tienda,511860.0
2025-06-16,19718,Licuadora,Hogar,Medellin,2,80100.0,0.0,En linea,160200.0
2025-01-29,15959,Juego de ollas,Hogar,Bogota,3,38200.0,0.0,En linea,114600.0
2025-12-09,15329,Tablet 10,Tecnologia,Medellin,3,417500.0,0.15,En linea,1064625.0
2025-07-17,13224,Teclado mecanico,Tecnologia,Cali,2,195800.0,0.1,Tienda,352440.0
2025-11-22,11143,Jean slim,Moda,Barranquilla,4,92300.0,0.0,En linea,369200.0
2025-11-29,10892,Tapete yoga,Deportes,Cali,3,49300.0,0.1,Tienda,133110.0
2025-05-09,16780,Tenis urbanos,Moda,Bogota,4,115300.0,0.0,En linea,461200.0
2025-04-26,16601,Licuadora,Hogar,Cali,1,88600.0,0.1,Tienda,79740.0
2025-11-21,17816,Aspiradora,Hogar,Cali,1,121800.0,0.0,Tienda,121800.0
2025-09-12,14408,Licuadora,Hogar,Cali,4,54500.0,0.0,En linea,218000.0
2025-03-24,13957,Juego de ollas,Hogar,Medellin,4,39800.0,0.0,Tienda,159200.0
2025-05-10,19426,Audifonos BT,Tecnologia,Barranquilla,1,243400.0,0.0,Tienda,243400.0
2025-03-28,19714,Bicicleta estatica,Deportes,Bogota,1,109600.0,0.0,Tienda,109600.0
2025-04-23,13763,Licuadora,Hogar,Bogota,2,48200.0,0.0,En linea,96400.0
2025-08-21,11783,Chaqueta impermeable,Moda,Cali,4,55300.0,0.05,Tienda,210140.0
2025-01-16,18443,Aspiradora,Hogar,Medellin,1,46000.0,0.0,En linea,46000.0
2025-10-24,10854,Bicicleta estatica,Deportes,Medellin,1,48100.0,0.0,Tienda,48100.0
2025-07-02,18764,Bolso cuero,Moda,Bogota,2,33200.0,0.2,En linea,53120.0
2025-03-10,17743,Chaqueta impermeable,Moda,Medellin,3,90200.0,0.05,Tienda,257070.0
2025-09-14,13793,Jean slim,Moda,Medellin,1,60700.0,0.0,En linea,60700.0
2025-08-17,18537,Set de sabanas,Hogar,Cali,5,42100.0,0.0,Tienda,210500.0
2025-11-18,10325,Bolso cuero,Moda,Bogota,4,88900.0,0.1,Tienda,320040.0
2025-03-18,18938,Bolso cuero,Moda,Cali,3,46900.0,0.0,En linea,140700.0
2025-01-11,19504,Audifonos BT,Tecnologia,Barranquilla,2,329800.0,0.05,En linea,626620.0
2025-11-23,12214,Set de sabanas,Hogar,Bogota,5,92300.0,0.1,En linea,415350.0
2025-07-20,16392,Tablet 10,Tecnologia,Bogota,3,217800.0,0.0,Tienda,653400.0
2025-12-31,13282,Tenis urbanos,Moda,Medellin,4,88400.0,0.0,Tienda,353600.0
2025-12-19,18044,Audifonos BT,Tecnologia,Cali,1,418200.0,0.1,En linea,376380.0
2025-03-11,10837,Jean slim,Moda,Bogota,4,22200.0,0.1,Tienda,79920.0
2025-12-20,14173,Bolso cuero,Moda,Cali,1,50200.0,0.15,Tienda,42670.0
2025-12-15,16586,Monitor 24,Tecnologia,Medellin,2,101500.0,0.0,Tienda,203000.0
2025-08-12,14263,Audifonos BT,Tecnologia,Medellin,3,160600.0,0.1,Tienda,433620.0
2025-09-29,18451,Bolso cuero,Moda,Bogota,3,126500.0,0.15,Tienda,322575.0
2025-10-29,12300,Tenis urbanos,Moda,Medellin,1,70800.0,0.0,Tienda,70800.0
2025-08-12,16527,Aspiradora,Hogar,Barranquilla,5,119700.0,0.0,En linea,598500.0
2025-01-20,12345,Juego de ollas,Hogar,Bogota,1,82000.0,0.0,Tienda,82000.0
2025-06-08,19162,Set de sabanas,Hogar,Medellin,5,72700.0,0.0,En linea,363500.0
2025-07-27,15639,Tapete yoga,Deportes,Bogota,1,54300.0,0.0,En linea,54300.0
2025-02-21,17497,Tapete yoga,Deportes,Bogota,4,40300.0,0.2,Tienda,128960.0
2025-03-31,18120,Bolso cuero,Moda,Barranquilla,2,42800.0,0.05,En linea,81320.0
2025-07-20,14168,Juego de ollas,Hogar,Cali,4,179200.0,0.05,Tienda,680960.0
2025-03-29,16600,Guantes gym,Deportes,Bogota,3,50400.0,0.15,Tienda,128520.0
2025-04-03,10202,Mancuernas 5kg,Deportes,Medellin,2,25500.0,0.05,En linea,48450.0
2025-07-20,14638,Guantes gym,Deportes,Medellin,3,29400.0,0.05,Tienda,83790.0
2025-05-27,15052,Tapete yoga,Deportes,Medellin,4,52900.0,0.05,Tienda,201020.0
2025-08-25,11811,Jean slim,Moda,Cali,2,86100.0,0.0,En linea,172200.0
2025-02-11,16877,Aspiradora,Hogar,Medellin,1,93100.0,0.0,En linea,93100.0
2025-05-30,18461,Lampara LED,Hogar,Cali,1,275600.0,0.1,Tienda,248040.0
2025-12-08,12144,Camiseta basica,Moda,Cali,2,55100.0,0.2,Tienda,88160.0
2025-05-26,13908,Bolso cuero,Moda,Cali,4,35800.0,0.1,En linea,128880.0
2025-11-14,15097,Mancuernas 5kg,Deportes,Barranquilla,2,67700.0,0.0,Tienda,135400.0
2025-09-02,17782,Tapete yoga,Deportes,Medellin,2,62600.0,0.0,Tienda,125200.0
2025-08-29,19169,Portatil 14,Tecnologia,Medellin,2,604500.0,0.05,Tienda,1148550.0
2025-11-02,16156,Lampara LED,Hogar,Medellin,3,218100.0,0.0,Tienda,654300.0
2025-04-04,16367,Set de sabanas,Hogar,Medellin,3,37300.0,0.15,En linea,95115.0
2025-06-03,15971,Lampara LED,Hogar,Bogota,5,58600.0,0.05,En linea,278350.0
2025-03-04,16259,Chaqueta impermeable,Moda,Medellin,2,47300.0,0.0,Tienda,94600.0
2025-04-27,13429,Chaqueta impermeable,Moda,Barranquilla,1,51600.0,0.0,Tienda,51600.0
2025-04-12,11787,Bicicleta estatica,Deportes,Medellin,1,35900.0,0.0,En linea,35900.0
2025-08-07,17808,Bicicleta estatica,Deportes,Barranquilla,3,70900.0,0.05,En linea,202065.0
2025-05-14,12643,Jean slim,Moda,Barranquilla,4,55100.0,0.0,Tienda,220400.0
2025-05-31,11150,Lampara LED,Hogar,Medellin,3,32400.0,0.2,Tienda,77760.0
2025-04-07,15624,Set de sabanas,Hogar,Medellin,2,71100.0,0.0,Tienda,120870.0
2025-09-04,10800,Portatil 14,Tecnologia,Barranquilla,1,606700.0,0.2,En linea,485360.0
2025-12-05,18994,Juego de ollas,Hogar,Medellin,1,230900.0,0.15,Tienda,196265.0
2025-05-14,10018,Tapete yoga,Deportes,Medellin,4,39400.0,0.0,Tienda,157600.0
2025-09-18,16168,Portatil 14,Tecnologia,Bogota,1,510900.0,0.05,Tienda,485355.0
2025-11-27,13342,Aspiradora,Hogar,Barranquilla,5,66900.0,0.0,Tienda,334500.0
2025-10-24,13095,Tapete yoga,Deportes,Medellin,2,69200.0,0.05,Tienda,131480.0
2025-07-08,12480,Juego de ollas,Hogar,Cali,1,100500.0,0.1,En linea,90450.0
2025-04-19,17223,Jean slim,Moda,Barranquilla,3,41900.0,0.05,Tienda,119415.0
2025-04-21,13456,Lampara LED,Hogar,Barranquilla,2,36700.0,0.0,Tienda,73400.0
2025-03-29,14582,Teclado mecanico,Tecnologia,Medellin,1,217600.0,0.1,En linea,195840.0
2025-02-05,10746,Lampara LED,Hogar,Bogota,5,55700.0,0.05,Tienda,264575.0
2025-07-17,15081,Chaqueta impermeable,Moda,Bogota,4,34300.0,0.0,Tienda,137200.0
2025-02-17,14930,Juego de ollas,Hogar,Bogota,1,77300.0,0.05,Tienda,73435.0
2025-04-29,16595,Monitor 24,Tecnologia,Bogota,2,860800.0,0.0,Tienda,1721600.0
2025-05-23,10038,Lampara LED,Hogar,Cali,5,174200.0,0.0,Tienda,871000.0
2025-06-04,19364,Guantes gym,Deportes,Cali,1,37800.0,0.1,En linea,34020.0
2025-10-04,19204,Jean slim,Moda,Bogota,4,111300.0,0.0,Tienda,445200.0
2025-08-27,10279,Lampara LED,Hogar,Bogota,5,42000.0,0.15,Tienda,178500.0
2025-04-25,11413,Set de sabanas,Hogar,Bogota,3,54600.0,0.0,Tienda,163800.0
2025-08-16,16411,Bolso cuero,Moda,Barranquilla,4,59200.0,0.3,En linea,165760.0
2025-10-03,19685,Tablet 10,Tecnologia,Bogota,3,416400.0,0.0,Tienda,1249200.0
2025-06-04,19197,Chaqueta impermeable,Moda,Bogota,2,112300.0,0.0,Tienda,224600.0
2025-03-22,11849,Tapete yoga,Deportes,Bogota,4,48100.0,0.1,En linea,173160.0
2025-05-17,16052,Set de sabanas,Hogar,Bogota,3,27900.0,0.15,En linea,71145.0
2025-05-04,13441,Mancuernas 5kg,Deportes,Barranquilla,3,49400.0,0.05,En linea,140790.0
2025-06-17,15729,Monitor 24,Tecnologia,Barranquilla,2,356000.0,0.0,Tienda,712000.0
2025-12-25,19806,Jean slim,Moda,Medellin,3,52100.0,0.1,Tienda,140670.0
2025-08-10,18546,Jean slim,Moda,Cali,2,76000.0,0.2,En linea,121600.0
2025-07-19,15570,Juego de ollas,Hogar,Bogota,2,107500.0,0.0,Tienda,193500.0
2025-04-07,12920,Chaqueta impermeable,Moda,Bogota,2,72700.0,0.0,En linea,145400.0
2025-08-21,16449,Bicicleta estatica,Deportes,Cali,4,74500.0,0.2,En linea,238400.0
2025-10-05,11718,Lampara LED,Hogar,Bogota,2,92600.0,0.05,Tienda,175940.0
2025-11-18,18985,Audifonos BT,Tecnologia,Bogota,1,216200.0,0.1,Tienda,194580.0
2025-01-29,14363,Tenis urbanos,Moda,Medellin,3,29100.0,0.15,En linea,74205.0
2025-10-14,13885,Tenis urbanos,Moda,Medellin,4,41400.0,0.1,Tienda,149040.0
2025-11-19,13025,Tapete yoga,Deportes,Medellin,2,34900.0,0.1,En linea,62820.0
2025-04-20,17369,Aspiradora,Hogar,Medellin,1,22200.0,0.0,En linea,22200.0
2025-05-05,15791,Lampara LED,Hogar,Medellin,1,29000.0,0.05,En linea,27550.0
2025-04-07,16701,Chaqueta impermeable,Moda,Bogota,2,68900.0,0.0,Tienda,137800.0
2025-11-19,14134,Mancuernas 5kg,Deportes,Bogota,2,50000.0,0.0,Tienda,100000.0
2025-02-21,18970,Teclado mecanico,Tecnologia,Medellin,1,240400.0,0.0,Tienda,240400.0
2025-09-16,15152,Licuadora,Hogar,Barranquilla,3,55300.0,0.15,En linea,141015.0
2025-04-06,19691,Juego de ollas,Hogar,Medellin,3,92600.0,0.0,En linea,277800.0
2025-03-07,15683,Lampara LED,Hogar,Bogota,4,53700.0,0.0,Tienda,214800.0
2025-12-30,12029,Guantes gym,Deportes,Bogota,4,89500.0,0.1,En linea,322200.0
2025-10-03,12334,Lampara LED,Hogar,Bogota,4,92300.0,0.0,Tienda,369200.0
2025-08-28,12235,Licuadora,Hogar,Barranquilla,3,30700.0,0.0,Tienda,92100.0
2025-09-25,11741,Jean slim,Moda,Barranquilla,3,91200.0,0.0,Tienda,218880.0
2025-01-16,13953,Jean slim,Moda,Bogota,3,89700.0,0.0,Tienda,269100.0
2025-09-28,17988,Jean slim,Moda,Barranquilla,1,88200.0,0.3,Tienda,61740.0
2025-11-02,12933,Juego de ollas,Hogar,Cali,3,72600.0,0.2,Tienda,174240.0
2025-07-20,14490,Set de sabanas,Hogar,Medellin,4,89400.0,0.0,Tienda,357600.0
2025-11-19,18039,Jean slim,Moda,Medellin,4,49300.0,0.1,Tienda,177480.0
2025-06-18,18494,Teclado mecanico,Tecnologia,Cali,3,269300.0,0.15,En linea,686715.0
2025-06-24,10488,Jean slim,Moda,Cali,1,58000.0,0.0,Tienda,58000.0
2025-04-07,17589,Monitor 24,Tecnologia,Cali,1,289700.0,0.0,Tienda,289700.0
2025-12-11,14157,Licuadora,Hogar,Cali,2,54800.0,0.15,Tienda,93160.0
2025-08-10,12619,Tablet 10,Tecnologia,Barranquilla,2,1415300.0,0.0,Tienda,2830600.0
2025-02-04,16943,Teclado mecanico,Tecnologia,Medellin,2,204900.0,0.0,En linea,409800.0
2025-03-03,12559,Guantes gym,Deportes,Barranquilla,1,49000.0,0.05,Tienda,46550.0
2025-10-15,11359,Aspiradora,Hogar,Medellin,4,30200.0,0.1,En linea,108720.0
2025-01-23,14483,Juego de ollas,Hogar,Medellin,1,92800.0,0.0,Tienda,92800.0
2025-01-24,17000,Guantes gym,Deportes,Bogota,1,74400.0,0.1,Tienda,66960.0
2025-09-06,15612,Teclado mecanico,Tecnologia,Barranquilla,1,372300.0,0.2,Tienda,297840.0
2025-02-17,10642,Jean slim,Moda,Bogota,4,48300.0,0.2,En linea,154560.0
2025-01-26,13387,Lampara LED,Hogar,Cali,3,66900.0,0.1,Tienda,180630.0
2025-06-05,16989,Set de sabanas,Hogar,Cali,1,80800.0,0.1,En linea,72720.0
2025-05-23,14100,Set de sabanas,Hogar,Bogota,1,92200.0,0.05,Tienda,87590.0
2025-01-30,19450,Juego de ollas,Hogar,Medellin,2,91100.0,0.0,En linea,182200.0
2025-08-21,17665,Licuadora,Hogar,Medellin,2,94400.0,0.1,En linea,169920.0
2025-03-06,11912,Licuadora,Hogar,Medellin,4,103000.0,0.2,En linea,329600.0
2025-03-21,17533,Guantes gym,Deportes,Barranquilla,4,20300.0,0.2,Tienda,64960.0
2025-04-24,12482,Tenis urbanos,Moda,Medellin,2,70900.0,0.0,Tienda,141800.0
2025-01-05,14427,Juego de ollas,Hogar,Medellin,4,44700.0,0.0,En linea,178800.0
2025-06-03,14980,Juego de ollas,Hogar,Medellin,5,117300.0,0.15,En linea,498525.0
2025-02-11,13355,Tenis urbanos,Moda,Barranquilla,3,82500.0,0.0,En linea,247500.0
2025-09-28,13715,Chaqueta impermeable,Moda,Cali,2,67500.0,0.0,En linea,135000.0
2025-09-18,14843,Bicicleta estatica,Deportes,Medellin,1,45900.0,0.05,Tienda,43605.0
2025-04-13,10413,Set de sabanas,Hogar,Bogota,1,100600.0,0.0,En linea,100600.0
2025-01-30,19756,Lampara LED,Hogar,Cali,3,140400.0,0.0,Tienda,421200.0
2025-08-10,15001,Tablet 10,Tecnologia,Bogota,2,155600.0,0.05,Tienda,295640.0
2025-09-04,11157,Licuadora,Hogar,Cali,3,46800.0,0.05,Tienda,133380.0
2025-01-11,19011,Portatil 14,Tecnologia,Bogota,3,84800.0,0.0,Tienda,254400.0
2025-12-16,14702,Licuadora,Hogar,Medellin,4,99100.0,0.0,Tienda,396400.0
2025-03-08,17117,Chaqueta impermeable,Moda,Bogota,4,73700.0,0.15,Tienda,250580.0
2025-01-01,12990,Tenis urbanos,Moda,Barranquilla,4,73300.0,0.1,Tienda,263880.0
2025-09-10,13056,Teclado mecanico,Tecnologia,Medellin,1,534500.0,0.0,En linea,534500.0
2025-02-13,17789,Juego de ollas,Hogar,Bogota,1,47200.0,0.15,En linea,40120.0
2025-11-07,15669,Juego de ollas,Hogar,Cali,1,116200.0,0.15,Tienda,98770.0
2025-08-28,13003,Tapete yoga,Deportes,Bogota,3,33600.0,0.0,Tienda,100800.0
2025-06-05,13633,Balon futbol,Deportes,Medellin,3,35000.0,0.05,Tienda,99750.0
2025-08-17,16274,Guantes gym,Deportes,Cali,4,56600.0,0.15,Tienda,192440.0
2025-01-20,15869,Aspiradora,Hogar,Cali,3,92200.0,0.0,Tienda,276600.0
2025-02-26,10819,Juego de ollas,Hogar,Cali,3,85100.0,0.0,En linea,255300.0
2025-01-09,12673,Teclado mecanico,Tecnologia,Medellin,3,131600.0,0.0,En linea,394800.0
2025-01-31,12748,Set de sabanas,Hogar,Medellin,2,38000.0,0.3,En linea,53200.0
2025-08-05,16901,Portatil 14,Tecnologia,Cali,2,236000.0,0.0,Tienda,472000.0
2025-07-07,11412,Licuadora,Hogar,Cali,3,60500.0,0.1,Tienda,163350.0
2025-11-22,14756,Bolso cuero,Moda,Bogota,2,82500.0,0.05,Tienda,156750.0
2025-09-28,16351,Juego de ollas,Hogar,Barranquilla,5,41600.0,0.0,En linea,208000.0
2025-08-16,15423,Audifonos BT,Tecnologia,Cali,1,786500.0,0.05,En linea,747175.0
2025-04-08,17610,Bolso cuero,Moda,Medellin,4,54200.0,0.15,Tienda,184280.0
2025-05-11,14880,Portatil 14,Tecnologia,Cali,2,499700.0,0.0,Tienda,999400.0
2025-02-08,16542,Camiseta basica,Moda,Cali,1,30900.0,0.2,Tienda,24720.0
2025-09-16,15906,Audifonos BT,Tecnologia,Medellin,3,189100.0,0.0,Tienda,567300.0
2025-02-17,19756,Lampara LED,Hogar,Cali,2,39200.0,0.05,En linea,74480.0
2025-07-22,11606,Licuadora,Hogar,Bogota,3,46800.0,0.0,Tienda,140400.0
2025-03-11,19846,Guantes gym,Deportes,Bogota,1,50600.0,0.1,En linea,45540.0
2025-02-06,11021,Set de sabanas,Hogar,Bogota,4,65600.0,0.0,Tienda,262400.0
2025-01-15,15654,Teclado mecanico,Tecnologia,Barranquilla,1,510900.0,0.1,Tienda,459810.0
2025-09-03,18703,Juego de ollas,Hogar,Bogota,4,61600.0,0.05,Tienda,234080.0
2025-08-22,12790,Camiseta basica,Moda,Medellin,1,68100.0,0.1,En linea,61290.0
2025-05-01,18000,Jean slim,Moda,Medellin,1,36800.0,0.0,En linea,36800.0
2025-06-05,13390,Guantes gym,Deportes,Cali,4,57200.0,0.05,En linea,217360.0
2025-10-26,14559,Aspiradora,Hogar,Medellin,2,138800.0,0.0,En linea,277600.0
2025-06-16,12226,Camiseta basica,Moda,Bogota,1,45900.0,0.15,Tienda,39015.0
2025-03-08,12714,Camiseta basica,Moda,Medellin,1,125800.0,0.0,Tienda,125800.0
2025-10-19,16225,Guantes gym,Deportes,Medellin,2,44100.0,0.0,En linea,88200.0
2025-04-21,10990,Licuadora,Hogar,Bogota,5,159600.0,0.1,En linea,718200.0
2025-04-08,11238,Jean slim,Moda,Medellin,1,358300.0,0.1,Tienda,322470.0
2025-06-04,17719,Portatil 14,Tecnologia,Medellin,3,396800.0,0.0,Tienda,1190400.0
2025-09-06,13131,Bolso cuero,Moda,Bogota,1,104700.0,0.3,Tienda,73290.0
2025-04-03,15287,Chaqueta impermeable,Moda,Medellin,2,64300.0,0.0,Tienda,115740.0
2025-02-23,18418,Guantes gym,Deportes,Medellin,3,95400.0,0.0,Tienda,286200.0
2025-08-23,17842,Licuadora,Hogar,Bogota,4,74900.0,0.0,Tienda,299600.0
2025-10-10,10978,Teclado mecanico,Tecnologia,Bogota,3,682300.0,0.15,Tienda,1739865.0
2025-01-29,14698,Bolso cuero,Moda,Barranquilla,1,85700.0,0.15,Tienda,72845.0
2025-10-12,18280,Chaqueta impermeable,Moda,Medellin,4,65000.0,0.1,Tienda,234000.0
2025-09-02,19342,Juego de ollas,Hogar,Medellin,5,86300.0,0.0,En linea,431500.0
2025-03-31,14910,Tablet 10,Tecnologia,Barranquilla,3,385400.0,0.1,En linea,1040580.0
2025-01-24,16997,Balon futbol,Deportes,Medellin,4,54700.0,0.15,Tienda,185980.0
2025-04-01,18749,Juego de ollas,Hogar,Barranquilla,5,61800.0,0.1,En linea,278100.0
2025-02-03,17275,Monitor 24,Tecnologia,Medellin,1,353400.0,0.1,En linea,318060.0
2025-02-21,17028,Jean slim,Moda,Barranquilla,2,75800.0,0.1,Tienda,136440.0
2025-05-05,16119,Juego de ollas,Hogar,Cali,2,87800.0,0.1,En linea,158040.0
2025-04-24,18418,Bolso cuero,Moda,Barranquilla,3,47400.0,0.2,Tienda,113760.0
2025-06-06,14110,Juego de ollas,Hogar,Bogota,4,60400.0,0.15,En linea,205360.0
2025-03-06,19005,Audifonos BT,Tecnologia,Cali,2,346200.0,0.1,En linea,623160.0
2025-06-20,10218,Teclado mecanico,Tecnologia,Barranquilla,3,300800.0,0.0,En linea,902400.0
2025-12-22,17301,Audifonos BT,Tecnologia,Cali,3,411400.0,0.0,Tienda,1234200.0
2025-11-23,13950,Juego de ollas,Hogar,Medellin,2,105300.0,0.1,En linea,189540.0
2025-04-29,10143,Camiseta basica,Moda,Barranquilla,4,89700.0,0.05,Tienda,340860.0
2025-06-15,17867,Aspiradora,Hogar,Medellin,4,82900.0,0.1,Tienda,298440.0
2025-12-29,17911,Tapete yoga,Deportes,Medellin,3,41000.0,0.0,Tienda,123000.0
2025-12-24,15387,Chaqueta impermeable,Moda,Bogota,3,36100.0,0.0,Tienda,108300.0
2025-11-04,19538,Licuadora,Hogar,Cali,3,64300.0,0.0,Tienda,192900.0
2025-09-26,14316,Set de sabanas,Hogar,Medellin,5,116100.0,0.0,En linea,580500.0
2025-08-26,14430,Camiseta basica,Moda,Bogota,4,113000.0,0.1,Tienda,406800.0
2025-11-05,17776,Tapete yoga,Deportes,Bogota,4,44200.0,0.0,Tienda,176800.0
2025-11-04,19316,Audifonos BT,Tecnologia,Medellin,1,881700.0,0.15,En linea,749445.0
2025-12-05,18268,Jean slim,Moda,Cali,1,63500.0,0.15,En linea,53975.0
2025-09-19,11253,Tenis urbanos,Moda,Bogota,2,116100.0,0.05,Tienda,220590.0
2025-08-28,18196,Portatil 14,Tecnologia,Cali,3,394800.0,0.15,Tienda,1006740.0
2025-08-31,18246,Jean slim,Moda,Bogota,2,39700.0,0.2,Tienda,63520.0
2025-04-13,19120,Jean slim,Moda,Medellin,4,152400.0,0.3,En linea,426720.0
2025-09-14,12159,Balon futbol,Deportes,Barranquilla,1,86700.0,0.15,Tienda,73695.0
2025-10-28,15672,Lampara LED,Hogar,Barranquilla,1,75900.0,0.05,Tienda,72105.0
2025-03-31,14136,Juego de ollas,Hogar,Cali,1,68600.0,0.0,En linea,68600.0
2025-06-17,18922,Balon futbol,Deportes,Bogota,4,26000.0,0.0,Tienda,104000.0
2025-02-09,12412,Monitor 24,Tecnologia,Barranquilla,1,511800.0,0.05,Tienda,486210.0
2025-05-17,18013,Aspiradora,Hogar,Medellin,2,56100.0,0.05,Tienda,106590.0
2025-04-23,18651,Camiseta basica,Moda,Bogota,1,24600.0,0.05,En linea,23370.0
2025-07-03,15502,Aspiradora,Hogar,Bogota,5,57800.0,0.05,Tienda,274550.0
2025-04-05,12928,Set de sabanas,Hogar,Barranquilla,4,87300.0,0.1,Tienda,314280.0
2025-03-19,17788,Aspiradora,Hogar,Cali,3,63200.0,0.05,Tienda,180120.0
2025-05-13,13913,Mancuernas 5kg,Deportes,Bogota,4,40300.0,0.0,En linea,161200.0
2025-09-27,13471,Jean slim,Moda,Bogota,3,100700.0,0.0,Tienda,302100.0
2025-02-09,10407,Audifonos BT,Tecnologia,Medellin,3,329400.0,0.15,Tienda,839970.0
2025-12-12,10552,Aspiradora,Hogar,Medellin,2,62700.0,0.0,Tienda,125400.0
2025-11-08,12191,Juego de ollas,Hogar,Cali,5,105300.0,0.0,Tienda,526500.0
2025-12-19,19446,Tenis urbanos,Moda,Bogota,3,31000.0,0.0,En linea,93000.0
2025-06-04,17529,Aspiradora,Hogar,Medellin,3,94100.0,0.15,En linea,239955.0
2025-10-07,13203,Set de sabanas,Hogar,Medellin,5,72000.0,0.1,En linea,324000.0
2025-04-06,18597,Bolso cuero,Moda,Cali,1,45500.0,0.2,Tienda,36400.0
2025-02-18,15210,Lampara LED,Hogar,Cali,4,55500.0,0.1,Tienda,199800.0
2025-04-01,16666,Mancuernas 5kg,Deportes,Cali,3,58100.0,0.15,En linea,148155.0
2025-07-12,13493,Tenis urbanos,Moda,Bogota,3,59800.0,0.0,En linea,179400.0
2025-06-12,12484,Bicicleta estatica,Deportes,Medellin,4,61500.0,0.0,Tienda,246000.0
2025-10-15,15060,Mancuernas 5kg,Deportes,Bogota,3,58400.0,0.05,En linea,166440.0
2025-01-04,10883,Aspiradora,Hogar,Cali,5,78100.0,0.1,En linea,351450.0
2025-11-27,18681,Set de sabanas,Hogar,Cali,3,97800.0,0.15,En linea,249390.0
2025-10-12,13100,Tablet 10,Tecnologia,Medellin,1,459200.0,0.0,Tienda,459200.0
2025-02-24,15183,Juego de ollas,Hogar,Medellin,1,94200.0,0.0,En linea,94200.0
2025-08-15,18197,Tablet 10,Tecnologia,Medellin,2,330600.0,0.05,Tienda,628140.0
2025-03-18,11790,Tenis urbanos,Moda,Bogota,1,80000.0,0.2,Tienda,64000.0
2025-06-29,15197,Balon futbol,Deportes,Barranquilla,4,51800.0,0.0,En linea,207200.0
2025-10-09,14821,Bolso cuero,Moda,Barranquilla,4,89600.0,0.3,Tienda,250880.0
2025-12-30,17608,Lampara LED,Hogar,Bogota,2,97100.0,0.0,Tienda,194200.0
2025-04-22,13076,Aspiradora,Hogar,Cali,1,64800.0,0.0,Tienda,64800.0
2025-05-17,16156,Camiseta basica,Moda,Barranquilla,2,87300.0,0.2,En linea,139680.0
2025-03-28,13037,Chaqueta impermeable,Moda,Cali,4,38300.0,0.05,Tienda,145540.0
2025-05-02,19722,Juego de ollas,Hogar,Cali,2,101600.0,0.05,Tienda,193040.0
2025-11-19,14590,Bolso cuero,Moda,Medellin,3,87600.0,0.3,Tienda,183960.0
2025-11-07,18819,Mancuernas 5kg,Deportes,Medellin,4,28600.0,0.15,Tienda,97240.0
2025-12-04,11275,Mancuernas 5kg,Deportes,Bogota,1,73700.0,0.1,En linea,66330.0
2025-07-17,18609,Chaqueta impermeable,Moda,Bogota,4,57800.0,0.0,Tienda,231200.0
2025-01-10,14094,Lampara LED,Hogar,Barranquilla,4,193100.0,0.2,En linea,617920.0
2025-10-16,12423,Juego de ollas,Hogar,Cali,2,89200.0,0.1,Tienda,160560.0
2025-12-17,12604,Bicicleta estatica,Deportes,Bogota,2,43600.0,0.0,Tienda,87200.0
2025-05-11,15803,Juego de ollas,Hogar,Medellin,1,116400.0,0.0,Tienda,116400.0
2025-03-05,10908,Tapete yoga,Deportes,Cali,2,31600.0,0.0,En linea,63200.0
2025-06-07,16399,Licuadora,Hogar,Cali,2,63100.0,0.1,Tienda,113580.0
2025-05-24,15140,Licuadora,Hogar,Medellin,1,86000.0,0.0,Tienda,86000.0
2025-02-14,16474,Guantes gym,Deportes,Bogota,3,49400.0,0.2,En linea,118560.0
2025-09-25,18721,Jean slim,Moda,Medellin,2,67200.0,0.0,En linea,134400.0
2025-09-07,16237,Lampara LED,Hogar,Bogota,1,24200.0,0.15,Tienda,20570.0
2025-03-09,14029,Lampara LED,Hogar,Cali,1,67100.0,0.0,Tienda,67100.0
2025-10-24,13945,Lampara LED,Hogar,Bogota,3,68300.0,0.0,Tienda,204900.0
2025-08-09,10536,Camiseta basica,Moda,Barranquilla,4,89700.0,0.1,Tienda,322920.0
2025-07-24,18045,Tenis urbanos,Moda,Bogota,2,117600.0,0.0,Tienda,235200.0
2025-05-06,18352,Teclado mecanico,Tecnologia,Medellin,1,254300.0,0.0,Tienda,254300.0
2025-09-01,14255,Set de sabanas,Hogar,Medellin,4,90900.0,0.0,En linea,363600.0
2025-01-20,13719,Guantes gym,Deportes,Bogota,1,26200.0,0.1,Tienda,23580.0
2025-10-12,16996,Teclado mecanico,Tecnologia,Cali,2,175500.0,0.0,En linea,351000.0
2025-11-17,19384,Balon futbol,Deportes,Bogota,2,27000.0,0.05,Tienda,51300.0
2025-04-02,10394,Monitor 24,Tecnologia,Bogota,3,360500.0,0.0,En linea,1081500.0
2025-04-18,18365,Licuadora,Hogar,Medellin,3,43400.0,0.2,Tienda,104160.0
2025-01-01,12151,Chaqueta impermeable,Moda,Cali,4,39200.0,0.0,Tienda,156800.0
2025-12-21,13906,Tablet 10,Tecnologia,Medellin,2,386800.0,0.0,Tienda,773600.0
2025-01-05,11266,Bicicleta estatica,Deportes,Barranquilla,4,32500.0,0.0,Tienda,130000.0
2025-05-26,10708,Juego de ollas,Hogar,Cali,1,73700.0,0.0,Tienda,73700.0
2025-07-11,15372,Camiseta basica,Moda,Barranquilla,1,100600.0,0.1,En linea,90540.0
2025-10-02,15859,Aspiradora,Hogar,Bogota,1,109700.0,0.15,Tienda,93245.0
2025-05-30,15353,Lampara LED,Hogar,Barranquilla,3,99800.0,0.1,Tienda,269460.0
2025-03-23,19772,Tenis urbanos,Moda,Bogota,4,122800.0,0.1,Tienda,442080.0
2025-01-24,18924,Bicicleta estatica,Deportes,Barranquilla,4,56100.0,0.0,Tienda,224400.0
2025-09-18,13303,Licuadora,Hogar,Cali,4,93400.0,0.0,En linea,373600.0
2025-10-15,10512,Portatil 14,Tecnologia,Cali,3,895800.0,0.05,Tienda,2553030.0
2025-12-12,19179,Camiseta basica,Moda,Bogota,1,26100.0,0.1,Tienda,23490.0
2025-08-06,18484,Aspiradora,Hogar,Barranquilla,3,137500.0,0.0,Tienda,412500.0
2025-04-27,13541,Aspiradora,Hogar,Cali,3,62700.0,0.2,En linea,150480.0
2025-05-24,10670,Aspiradora,Hogar,Cali,2,45500.0,0.1,Tienda,81900.0
2025-07-31,15954,Set de sabanas,Hogar,Medellin,2,47800.0,0.0,Tienda,95600.0
2025-06-03,10888,Camiseta basica,Moda,Cali,4,115000.0,0.1,En linea,414000.0
2025-06-20,17798,Juego de ollas,Hogar,Medellin,2,113800.0,0.15,En linea,193460.0
2025-09-27,15847,Balon futbol,Deportes,Barranquilla,1,83300.0,0.1,Tienda,74970.0
2025-10-13,13213,Mancuernas 5kg,Deportes,Bogota,4,36600.0,0.05,En linea,139080.0
2025-04-18,11561,Balon futbol,Deportes,Cali,1,23200.0,0.2,Tienda,18560.0
2025-03-18,18058,Juego de ollas,Hogar,Bogota,3,27400.0,0.15,En linea,69870.0
2025-12-22,19336,Jean slim,Moda,Cali,1,54500.0,0.3,Tienda,38150.0
2025-05-02,18741,Monitor 24,Tecnologia,Medellin,2,380200.0,0.05,Tienda,722380.0
2025-07-28,13180,Set de sabanas,Hogar,Barranquilla,4,79200.0,0.05,Tienda,300960.0
2025-06-12,14326,Guantes gym,Deportes,Barranquilla,3,58800.0,0.0,En linea,176400.0
2025-10-12,13135,Guantes gym,Deportes,Barranquilla,3,52600.0,0.1,Tienda,142020.0
2025-03-22,17325,Chaqueta impermeable,Moda,Barranquilla,1,63300.0,0.1,Tienda,56970.0
2025-10-17,10830,Set de sabanas,Hogar,Bogota,3,133100.0,0.2,Tienda,319440.0
2025-02-05,10282,Licuadora,Hogar,Bogota,3,49900.0,0.0,Tienda,149700.0
2025-10-13,10406,Set de sabanas,Hogar,Cali,3,183900.0,0.0,Tienda,551700.0
2025-01-15,12041,Mancuernas 5kg,Deportes,Bogota,2,31100.0,0.1,En linea,55980.0
2025-04-08,15728,Lampara LED,Hogar,Medellin,5,59500.0,0.1,En linea,267750.0
2025-07-02,14167,Bicicleta estatica,Deportes,Medellin,3,69600.0,0.05,Tienda,198360.0
2025-11-22,12535,Juego de ollas,Hogar,Cali,4,70600.0,0.0,Tienda,282400.0
2025-07-03,15047,Juego de ollas,Hogar,Barranquilla,5,80200.0,0.05,Tienda,380950.0
2025-11-26,18472,Juego de ollas,Hogar,Barranquilla,4,17900.0,0.2,En linea,57280.0
2025-06-04,17429,Jean slim,Moda,Barranquilla,4,48100.0,0.0,Tienda,192400.0
2025-12-30,18275,Tablet 10,Tecnologia,Bogota,3,91600.0,0.1,En linea,247320.0
2025-10-08,18975,Bolso cuero,Moda,Cali,1,32200.0,0.0,Tienda,32200.0
2025-09-16,15862,Chaqueta impermeable,Moda,Barranquilla,1,26900.0,0.0,En linea,26900.0
2025-08-09,11942,Mancuernas 5kg,Deportes,Medellin,1,48000.0,0.0,En linea,48000.0
2025-10-29,13573,Chaqueta impermeable,Moda,Medellin,4,36500.0,0.0,En linea,146000.0
2025-12-05,12069,Tenis urbanos,Moda,Barranquilla,2,44400.0,0.0,Tienda,88800.0
2025-06-12,16726,Chaqueta impermeable,Moda,Medellin,3,35200.0,0.0,Tienda,95040.0
2025-09-19,14864,Monitor 24,Tecnologia,Bogota,1,259600.0,0.05,Tienda,246620.0
2025-09-23,13675,Aspiradora,Hogar,Medellin,3,41600.0,0.15,En linea,106080.0
2025-07-16,16539,Licuadora,Hogar,Cali,1,34200.0,0.0,Tienda,34200.0
2025-10-18,10337,Mancuernas 5kg,Deportes,Bogota,4,33500.0,0.05,Tienda,127300.0
2025-12-19,11077,Chaqueta impermeable,Moda,Barranquilla,3,144900.0,0.15,Tienda,369495.0
2025-12-13,15964,Camiseta basica,Moda,Bogota,4,103300.0,0.0,Tienda,413200.0
2025-12-29,12625,Tenis urbanos,Moda,Barranquilla,4,126300.0,0.0,Tienda,505200.0
2025-10-03,10159,Lampara LED,Hogar,Cali,1,49700.0,0.0,Tienda,49700.0
2025-02-23,15672,Lampara LED,Hogar,Cali,5,95900.0,0.0,En linea,479500.0
2025-08-09,12272,Tenis urbanos,Moda,Bogota,2,61500.0,0.1,En linea,110700.0
2025-09-17,12546,Teclado mecanico,Tecnologia,Medellin,2,358500.0,0.05,Tienda,681150.0
2025-05-26,15309,Tenis urbanos,Moda,Bogota,3,109300.0,0.0,En linea,327900.0
2025-09-16,19865,Audifonos BT,Tecnologia,Cali,3,265000.0,0.1,En linea,715500.0
2025-03-30,13965,Lampara LED,Hogar,Medellin,5,51400.0,0.15,Tienda,218450.0
2025-11-03,13252,Camiseta basica,Moda,Cali,4,25600.0,0.0,Tienda,102400.0
2025-01-01,12477,Audifonos BT,Tecnologia,Medellin,1,2471800.0,0.0,Tienda,2471800.0
2025-12-06,11381,Tenis urbanos,Moda,Bogota,2,44800.0,0.0,Tienda,89600.0
2025-06-04,10733,Balon futbol,Deportes,Barranquilla,3,81600.0,0.0,Tienda,244800.0
2025-06-30,12081,Chaqueta impermeable,Moda,Bogota,1,62300.0,0.0,En linea,62300.0
2025-07-24,11195,Tablet 10,Tecnologia,Cali,3,174100.0,0.0,En linea,522300.0
2025-01-20,10891,Chaqueta impermeable,Moda,Medellin,4,26700.0,0.05,En linea,101460.0
2025-12-26,10702,Bicicleta estatica,Deportes,Barranquilla,3,43900.0,0.0,Tienda,131700.0
2025-08-08,12805,Mancuernas 5kg,Deportes,Medellin,4,81700.0,0.2,En linea,261440.0
2025-08-07,16466,Bolso cuero,Moda,Bogota,3,26600.0,0.0,Tienda,79800.0
2025-02-16,11170,Bicicleta estatica,Deportes,Bogota,1,42500.0,0.0,En linea,42500.0
2025-05-01,17121,Jean slim,Moda,Bogota,3,79100.0,0.0,Tienda,237300.0
2025-05-09,13616,Licuadora,Hogar,Medellin,3,40600.0,0.0,En linea,121800.0
2025-06-29,10419,Tenis urbanos,Moda,Bogota,1,58000.0,0.0,En linea,58000.0
2025-08-24,13459,Camiseta basica,Moda,Medellin,1,75800.0,0.0,En linea,75800.0
2025-07-12,12473,Set de sabanas,Hogar,Cali,1,61600.0,0.15,Tienda,52360.0
2025-03-09,13482,Set de sabanas,Hogar,Bogota,2,65700.0,0.15,Tienda,111690.0
2025-05-25,10904,Chaqueta impermeable,Moda,Barranquilla,1,111300.0,0.15,Tienda,94605.0
2025-10-30,11183,Lampara LED,Hogar,Bogota,4,54500.0,0.05,Tienda,207100.0
2025-11-03,15271,Juego de ollas,Hogar,Bogota,5,62800.0,0.05,Tienda,298300.0
2025-06-17,18740,Balon futbol,Deportes,Medellin,1,72800.0,0.2,En linea,58240.0
2025-02-15,17210,Licuadora,Hogar,Bogota,4,63200.0,0.3,Tienda,176960.0
2025-02-28,19288,Bicicleta estatica,Deportes,Medellin,3,23800.0,0.1,En linea,64260.0
2025-05-25,15399,Juego de ollas,Hogar,Bogota,2,57500.0,0.15,Tienda,97750.0
2025-06-07,12555,Balon futbol,Deportes,Cali,3,83000.0,0.15,En linea,211650.0
2025-07-21,13555,Teclado mecanico,Tecnologia,Medellin,3,442100.0,0.15,Tienda,1127355.0
2025-11-17,10936,Set de sabanas,Hogar,Medellin,1,40700.0,0.2,Tienda,32560.0
2025-08-30,15218,Camiseta basica,Moda,Barranquilla,3,34600.0,0.0,Tienda,103800.0
2025-06-07,18221,Monitor 24,Tecnologia,Cali,3,393800.0,0.0,Tienda,1181400.0
2025-08-30,11680,Set de sabanas,Hogar,Cali,1,63900.0,0.3,Tienda,44730.0
2025-11-17,19533,Mancuernas 5kg,Deportes,Cali,3,130600.0,0.15,Tienda,333030.0
2025-04-27,10436,Jean slim,Moda,Barranquilla,3,85900.0,0.0,Tienda,257700.0
2025-01-06,16555,Tapete yoga,Deportes,Medellin,4,71200.0,0.0,Tienda,284800.0
2025-05-08,11972,Mancuernas 5kg,Deportes,Cali,2,37500.0,0.0,En linea,75000.0
2025-12-10,18923,Jean slim,Moda,Medellin,4,78600.0,0.0,En linea,314400.0
2025-03-04,15428,Juego de ollas,Hogar,Medellin,3,42500.0,0.0,En linea,127500.0
2025-09-28,11589,Tapete yoga,Deportes,Barranquilla,2,123200.0,0.1,En linea,221760.0
2025-01-27,19411,Tablet 10,Tecnologia,Medellin,1,387000.0,0.05,En linea,367650.0
2025-10-05,14066,Camiseta basica,Moda,Medellin,3,120100.0,0.0,Tienda,360300.0
2025-12-07,16186,Tenis urbanos,Moda,Barranquilla,3,119800.0,0.3,En linea,251580.0
2025-05-13,10186,Tenis urbanos,Moda,Cali,1,54900.0,0.15,Tienda,46665.0
2025-12-31,12676,Monitor 24,Tecnologia,Medellin,1,1003100.0,0.0,Tienda,1003100.0
2025-02-09,10745,Mancuernas 5kg,Deportes,Bogota,1,71500.0,0.0,Tienda,71500.0
2025-02-05,15495,Camiseta basica,Moda,Cali,3,74100.0,0.15,En linea,188955.0
2025-01-10,18757,Bolso cuero,Moda,Bogota,1,85800.0,0.0,Tienda,85800.0
2025-10-29,15130,Tablet 10,Tecnologia,Medellin,1,292100.0,0.0,Tienda,292100.0
2025-08-24,12864,Monitor 24,Tecnologia,Medellin,2,574100.0,0.0,Tienda,1148200.0
2025-01-16,16379,Tenis urbanos,Moda,Barranquilla,1,42700.0,0.3,En linea,29890.0
2025-10-11,15277,Portatil 14,Tecnologia,Bogota,3,618900.0,0.0,Tienda,1856700.0
2025-08-25,14208,Aspiradora,Hogar,Cali,1,94700.0,0.05,Tienda,89965.0
2025-10-06,19179,Camiseta basica,Moda,Barranquilla,2,64500.0,0.0,Tienda,129000.0
2025-11-04,19205,Portatil 14,Tecnologia,Medellin,1,395200.0,0.05,En linea,375440.0
2025-05-13,17977,Lampara LED,Hogar,Bogota,5,57700.0,0.0,Tienda,288500.0
2025-08-20,13398,Aspiradora,Hogar,Medellin,1,47000.0,0.0,En linea,47000.0
2025-10-07,18498,Jean slim,Moda,Barranquilla,3,25100.0,0.0,En linea,75300.0
2025-06-14,12965,Aspiradora,Hogar,Medellin,4,53100.0,0.1,En linea,191160.0
2025-07-06,13720,Juego de ollas,Hogar,Medellin,1,76300.0,0.15,Tienda,64855.0
2025-02-12,17344,Portatil 14,Tecnologia,Cali,2,380000.0,0.1,Tienda,684000.0
2025-05-17,10479,Juego de ollas,Hogar,Medellin,1,87800.0,0.0,Tienda,87800.0
2025-08-13,17864,Guantes gym,Deportes,Bogota,4,22700.0,0.05,Tienda,86260.0
2025-05-01,15816,Camiseta basica,Moda,Barranquilla,2,95000.0,0.15,Tienda,161500.0
2025-01-25,10074,Licuadora,Hogar,Bogota,2,122600.0,0.0,Tienda,245200.0
2025-04-10,16572,Balon futbol,Deportes,Cali,3,56600.0,0.0,Tienda,169800.0
2025-11-26,17332,Portatil 14,Tecnologia,Medellin,2,331800.0,0.05,Tienda,630420.0
2025-10-03,14582,Tablet 10,Tecnologia,Bogota,3,138000.0,0.0,Tienda,414000.0
2025-02-21,11137,Set de sabanas,Hogar,Medellin,3,192100.0,0.0,Tienda,576300.0
2025-09-04,13873,Tenis urbanos,Moda,Cali,4,96200.0,0.1,Tienda,346320.0
2025-05-24,15507,Bolso cuero,Moda,Medellin,3,53200.0,0.0,En linea,159600.0
2025-08-22,16930,Audifonos BT,Tecnologia,Bogota,3,305800.0,0.1,Tienda,825660.0
2025-08-04,19610,Bicicleta estatica,Deportes,Cali,4,35200.0,0.1,En linea,126720.0
2025-01-30,13570,Guantes gym,Deportes,Cali,1,101600.0,0.05,Tienda,96520.0
2025-01-12,11938,Camiseta basica,Moda,Bogota,2,135600.0,0.3,Tienda,189840.0
2025-12-10,13919,Audifonos BT,Tecnologia,Barranquilla,2,292300.0,0.2,Tienda,467680.0
2025-09-12,18674,Chaqueta impermeable,Moda,Bogota,3,73100.0,0.1,En linea,197370.0
2025-05-19,17940,Chaqueta impermeable,Moda,Medellin,3,43500.0,0.0,En linea,130500.0
2025-06-08,19749,Lampara LED,Hogar,Bogota,4,42500.0,0.1,Tienda,153000.0
2025-10-26,17242,Monitor 24,Tecnologia,Medellin,1,296700.0,0.15,Tienda,252195.0
2025-07-08,14521,Aspiradora,Hogar,Cali,4,77600.0,0.0,En linea,310400.0
2025-09-09,15604,Chaqueta impermeable,Moda,Cali,1,108500.0,0.1,Tienda,97650.0
2025-04-11,10045,Tenis urbanos,Moda,Cali,3,88100.0,0.05,Tienda,251085.0
2025-01-24,10142,Aspiradora,Hogar,Cali,3,45400.0,0.3,Tienda,95340.0
2025-09-24,17426,Bolso cuero,Moda,Cali,2,43800.0,0.05,Tienda,83220.0
2025-12-09,13960,Tapete yoga,Deportes,Medellin,2,39100.0,0.05,Tienda,74290.0
2025-12-02,16814,Mancuernas 5kg,Deportes,Cali,3,25600.0,0.0,Tienda,76800.0
2025-06-27,15682,Monitor 24,Tecnologia,Cali,2,256600.0,0.2,Tienda,410560.0
2025-02-09,10531,Set de sabanas,Hogar,Medellin,4,97800.0,0.05,En linea,371640.0
2025-08-18,17824,Tapete yoga,Deportes,Bogota,4,126800.0,0.1,Tienda,456480.0
2025-01-24,12354,Teclado mecanico,Tecnologia,Medellin,3,464900.0,0.2,En linea,1115760.0
2025-02-24,14323,Camiseta basica,Moda,Cali,2,33300.0,0.05,Tienda,63270.0
2025-05-31,16342,Tapete yoga,Deportes,Medellin,3,65000.0,0.0,Tienda,195000.0
2025-07-28,17616,Tenis urbanos,Moda,Cali,3,77200.0,0.0,En linea,231600.0
2025-11-18,12307,Balon futbol,Deportes,Medellin,3,32100.0,0.05,En linea,91485.0
2025-12-31,16088,Mancuernas 5kg,Deportes,Medellin,4,33100.0,0.1,En linea,119160.0
2025-12-27,14198,Set de sabanas,Hogar,Cali,3,119500.0,0.2,En linea,286800.0
2025-01-03,10031,Tapete yoga,Deportes,Medellin,3,30300.0,0.0,Tienda,90900.0
2025-09-27,10118,Chaqueta impermeable,Moda,Cali,2,70000.0,0.0,En linea,140000.0
2025-03-08,11613,Mancuernas 5kg,Deportes,Medellin,3,26700.0,0.0,Tienda,80100.0
2025-06-04,12744,Bolso cuero,Moda,Cali,2,138300.0,0.0,Tienda,276600.0
2025-09-04,13295,Juego de ollas,Hogar,Cali,2,135300.0,0.15,Tienda,230010.0
2025-11-17,14942,Bolso cuero,Moda,Bogota,4,131000.0,0.1,Tienda,471600.0
2025-11-12,14507,Camiseta basica,Moda,Cali,4,137100.0,0.0,Tienda,548400.0
2025-03-04,14030,Lampara LED,Hogar,Bogota,2,99100.0,0.0,En linea,198200.0
2025-10-20,16447,Licuadora,Hogar,Cali,4,86100.0,0.0,Tienda,344400.0
2025-11-08,13474,Aspiradora,Hogar,Medellin,2,86200.0,0.05,Tienda,163780.0
2025-06-28,18318,Portatil 14,Tecnologia,Cali,3,58700.0,0.0,Tienda,176100.0
2025-08-13,12317,Bicicleta estatica,Deportes,Barranquilla,2,33300.0,0.15,Tienda,56610.0
2025-09-12,18002,Audifonos BT,Tecnologia,Barranquilla,1,1180000.0,0.05,En linea,1121000.0
2025-01-01,17110,Set de sabanas,Hogar,Cali,3,44900.0,0.05,En linea,127965.0
2025-05-18,16919,Balon futbol,Deportes,Barranquilla,2,138300.0,0.0,En linea,276600.0
2025-08-31,10461,Tablet 10,Tecnologia,Barranquilla,2,445800.0,0.0,En linea,891600.0
2025-01-18,13455,Tablet 10,Tecnologia,Medellin,1,1029400.0,0.1,Tienda,926460.0
2025-09-08,11166,Portatil 14,Tecnologia,Barranquilla,2,394100.0,0.0,Tienda,788200.0
2025-08-18,15234,Bicicleta estatica,Deportes,Barranquilla,3,68400.0,0.0,Tienda,205200.0
2025-08-07,11046,Monitor 24,Tecnologia,Barranquilla,1,756500.0,0.05,Tienda,718675.0
2025-12-19,11421,Guantes gym,Deportes,Cali,4,56400.0,0.1,En linea,203040.0
2025-02-17,10123,Bicicleta estatica,Deportes,Cali,3,65600.0,0.0,En linea,196800.0
2025-02-26,19965,Lampara LED,Hogar,Medellin,3,38100.0,0.05,Tienda,108585.0
2025-06-02,17532,Chaqueta impermeable,Moda,Barranquilla,4,27900.0,0.0,Tienda,111600.0
2025-04-08,18370,Mancuernas 5kg,Deportes,Medellin,4,26100.0,0.0,En linea,104400.0
2025-06-04,19968,Tablet 10,Tecnologia,Medellin,2,226300.0,0.0,Tienda,452600.0
2025-02-03,17646,Licuadora,Hogar,Medellin,3,61700.0,0.2,En linea,148080.0
2025-01-19,11262,Tablet 10,Tecnologia,Bogota,2,371000.0,0.0,Tienda,742000.0
2025-08-26,18169,Juego de ollas,Hogar,Bogota,4,89400.0,0.0,Tienda,357600.0
2025-04-24,12084,Camiseta basica,Moda,Medellin,2,37800.0,0.0,En linea,75600.0
2025-11-16,11812,Jean slim,Moda,Medellin,1,51300.0,0.3,Tienda,35910.0
2025-11-15,18231,Teclado mecanico,Tecnologia,Barranquilla,3,525500.0,0.1,En linea,1418850.0
2025-08-08,16685,Aspiradora,Hogar,Medellin,2,26400.0,0.05,Tienda,50160.0
2025-10-09,15785,Tablet 10,Tecnologia,Bogota,3,270500.0,0.0,Tienda,811500.0
2025-11-09,11063,Audifonos BT,Tecnologia,Cali,3,1367800.0,0.0,En linea,4103400.0
2025-10-08,12865,Chaqueta impermeable,Moda,Cali,1,12200.0,0.0,Tienda,12200.0
2025-11-26,18054,Juego de ollas,Hogar,Bogota,1,50900.0,0.0,Tienda,50900.0
2025-01-26,19925,Chaqueta impermeable,Moda,Cali,2,54300.0,0.05,En linea,103170.0
2025-03-08,19905,Tenis urbanos,Moda,Cali,4,80800.0,0.1,Tienda,290880.0
2025-04-22,13169,Licuadora,Hogar,Cali,3,72900.0,0.05,En linea,207765.0
2025-03-26,17597,Tenis urbanos,Moda,Cali,1,41100.0,0.05,En linea,39045.0
2025-07-02,17699,Juego de ollas,Hogar,Medellin,4,81600.0,0.1,Tienda,293760.0
2025-09-01,16422,Jean slim,Moda,Cali,4,62100.0,0.05,Tienda,235980.0
2025-09-14,19195,Set de sabanas,Hogar,Bogota,4,54300.0,0.05,Tienda,206340.0
2025-03-04,18254,Teclado mecanico,Tecnologia,Cali,2,1165600.0,0.05,En linea,2214640.0
2025-04-06,16690,Bicicleta estatica,Deportes,Bogota,1,28100.0,0.3,Tienda,19670.0
2025-06-13,12143,Lampara LED,Hogar,Medellin,1,56300.0,0.0,En linea,56300.0
2025-11-17,17395,Jean slim,Moda,Cali,2,83100.0,0.0,En linea,166200.0
2025-06-24,12313,Tapete yoga,Deportes,Medellin,4,74900.0,0.15,Tienda,254660.0
2025-08-19,12819,Mancuernas 5kg,Deportes,Bogota,2,72700.0,0.05,Tienda,138130.0
2025-04-23,13455,Mancuernas 5kg,Deportes,Medellin,1,41200.0,0.1,En linea,37080.0
2025-07-30,18758,Teclado mecanico,Tecnologia,Cali,3,177700.0,0.15,En linea,453135.0
2025-06-10,16169,Licuadora,Hogar,Barranquilla,5,34000.0,0.0,Tienda,170000.0
2025-07-05,18000,Guantes gym,Deportes,Bogota,1,99400.0,0.0,En linea,99400.0
2025-04-03,13662,Chaqueta impermeable,Moda,Bogota,4,47200.0,0.1,Tienda,169920.0
2025-12-23,17834,Aspiradora,Hogar,Bogota,4,75300.0,0.0,Tienda,301200.0
2025-05-28,18498,Camiseta basica,Moda,Bogota,4,69600.0,0.1,Tienda,250560.0
2025-08-26,10102,Tablet 10,Tecnologia,Bogota,1,222900.0,0.0,Tienda,222900.0
2025-10-11,19752,Guantes gym,Deportes,Medellin,3,63800.0,0.0,Tienda,191400.0
2025-08-02,12448,Juego de ollas,Hogar,Bogota,5,68200.0,0.0,Tienda,341000.0
2025-10-15,15452,Jean slim,Moda,Medellin,2,65500.0,0.2,En linea,104800.0
2025-05-16,18935,Chaqueta impermeable,Moda,Cali,2,48400.0,0.0,En linea,96800.0
2025-09-27,17978,Lampara LED,Hogar,Cali,3,43100.0,0.0,Tienda,129300.0
2025-02-11,19383,Guantes gym,Deportes,Cali,1,111500.0,0.0,Tienda,111500.0
2025-03-14,16407,Aspiradora,Hogar,Barranquilla,3,96000.0,0.0,En linea,288000.0
2025-08-14,17048,Aspiradora,Hogar,Bogota,5,105300.0,0.05,Tienda,500175.0
2025-12-16,15629,Bolso cuero,Moda,Barranquilla,3,63700.0,0.0,En linea,191100.0
2025-02-20,19265,Jean slim,Moda,Cali,3,34400.0,0.05,En linea,98040.0
2025-01-18,15125,Aspiradora,Hogar,Medellin,4,65800.0,0.1,En linea,236880.0
2025-06-05,12847,Juego de ollas,Hogar,Cali,4,59100.0,0.1,Tienda,212760.0
2025-12-11,11204,Set de sabanas,Hogar,Medellin,3,152800.0,0.05,En linea,435480.0
2025-10-31,11545,Chaqueta impermeable,Moda,Barranquilla,2,166400.0,0.0,Tienda,332800.0
2025-10-13,14937,Bicicleta estatica,Deportes,Barranquilla,4,21900.0,0.1,En linea,78840.0
2025-10-25,17474,Teclado mecanico,Tecnologia,Barranquilla,1,307700.0,0.15,Tienda,261545.0
2025-01-02,14729,Mancuernas 5kg,Deportes,Medellin,1,61300.0,0.0,Tienda,61300.0
2025-01-31,12185,Jean slim,Moda,Barranquilla,1,56600.0,0.0,Tienda,56600.0
2025-07-27,18827,Juego de ollas,Hogar,Medellin,3,46800.0,0.0,En linea,140400.0
2025-10-22,14474,Lampara LED,Hogar,Bogota,1,114400.0,0.05,En linea,108680.0
2025-07-26,18310,Mancuernas 5kg,Deportes,Cali,1,90400.0,0.0,Tienda,90400.0
2025-01-18,17995,Jean slim,Moda,Barranquilla,1,74600.0,0.0,Tienda,74600.0
2025-08-19,11477,Tenis urbanos,Moda,Medellin,3,70400.0,0.0,Tienda,211200.0
2025-02-24,12923,Bolso cuero,Moda,Bogota,2,38900.0,0.0,En linea,77800.0
2025-06-16,13134,Balon futbol,Deportes,Bogota,4,74800.0,0.15,Tienda,254320.0
2025-10-30,11066,Tapete yoga,Deportes,Bogota,2,62900.0,0.0,Tienda,125800.0
2025-05-09,13844,Tenis urbanos,Moda,Cali,1,84600.0,0.2,En linea,67680.0
2025-05-16,17120,Chaqueta impermeable,Moda,Bogota,1,34800.0,0.0,Tienda,34800.0
2025-08-03,19430,Chaqueta impermeable,Moda,Barranquilla,3,38500.0,0.2,En linea,92400.0
2025-06-20,16941,Juego de ollas,Hogar,Cali,3,81300.0,0.1,Tienda,219510.0
2025-03-12,12996,Tenis urbanos,Moda,Bogota,3,59100.0,0.0,Tienda,177300.0
2025-01-21,17577,Mancuernas 5kg,Deportes,Medellin,1,69900.0,0.05,En linea,66405.0
2025-08-11,19477,Juego de ollas,Hogar,Bogota,5,76700.0,0.15,En linea,325975.0
2025-04-22,11749,Chaqueta impermeable,Moda,Cali,3,117600.0,0.2,En linea,282240.0
2025-11-19,17251,Juego de ollas,Hogar,Bogota,2,113500.0,0.0,Tienda,227000.0
2025-08-04,12101,Aspiradora,Hogar,Bogota,1,114000.0,0.05,En linea,108300.0
2025-06-13,17508,Jean slim,Moda,Medellin,3,61400.0,0.0,Tienda,184200.0
2025-06-24,15518,Guantes gym,Deportes,Barranquilla,2,28400.0,0.15,Tienda,48280.0
2025-03-18,15455,Juego de ollas,Hogar,Bogota,2,44000.0,0.05,En linea,83600.0
2025-02-05,11550,Juego de ollas,Hogar,Medellin,4,81500.0,0.1,Tienda,293400.0
2025-03-03,15842,Tapete yoga,Deportes,Cali,2,102600.0,0.1,Tienda,184680.0
2025-10-17,14653,Aspiradora,Hogar,Cali,2,67500.0,0.0,Tienda,135000.0
2025-06-13,17546,Tenis urbanos,Moda,Barranquilla,3,63200.0,0.0,En linea,189600.0
2025-10-17,16425,Portatil 14,Tecnologia,Cali,3,372100.0,0.05,Tienda,1060485.0
2025-10-05,11318,Juego de ollas,Hogar,Barranquilla,1,106900.0,0.2,Tienda,85520.0
2025-07-05,11141,Tenis urbanos,Moda,Bogota,1,59500.0,0.05,En linea,56525.0
2025-03-16,19179,Jean slim,Moda,Cali,1,50400.0,0.05,Tienda,47880.0
2025-07-08,14328,Tablet 10,Tecnologia,Medellin,3,190100.0,0.2,Tienda,456240.0
2025-11-13,17661,Tapete yoga,Deportes,Medellin,3,57300.0,0.2,Tienda,137520.0
2025-12-26,13131,Chaqueta impermeable,Moda,Medellin,2,39600.0,0.0,Tienda,79200.0
2025-04-19,10251,Lampara LED,Hogar,Medellin,4,91600.0,0.0,En linea,366400.0
2025-10-26,15928,Bolso cuero,Moda,Medellin,4,58700.0,0.15,Tienda,199580.0
2025-03-14,13018,Aspiradora,Hogar,Bogota,1,71900.0,0.05,Tienda,68305.0
2025-10-24,14988,Mancuernas 5kg,Deportes,Barranquilla,4,47800.0,0.0,Tienda,191200.0
2025-10-03,14436,Camiseta basica,Moda,Medellin,2,61800.0,0.2,Tienda,98880.0
2025-01-07,15418,Juego de ollas,Hogar,Bogota,1,105900.0,0.15,En linea,90015.0
2025-03-10,18262,Bolso cuero,Moda,Cali,4,41900.0,0.0,Tienda,167600.0
2025-03-31,18570,Bicicleta estatica,Deportes,Bogota,3,48000.0,0.0,Tienda,144000.0
2025-05-21,16528,Juego de ollas,Hogar,Cali,4,94600.0,0.0,En linea,378400.0
2025-08-01,11432,Bolso cuero,Moda,Barranquilla,3,33600.0,0.15,En linea,85680.0
2025-03-22,14296,Tenis urbanos,Moda,Medellin,2,29400.0,0.2,En linea,47040.0
2025-11-03,14909,Bolso cuero,Moda,Cali,2,35400.0,0.2,Tienda,56640.0
2025-06-12,19148,Set de sabanas,Hogar,Bogota,1,29400.0,0.05,Tienda,27930.0
2025-12-26,11665,Tenis urbanos,Moda,Cali,1,86500.0,0.15,Tienda,73525.0
2025-08-08,14641,Set de sabanas,Hogar,Cali,3,130100.0,0.1,Tienda,351270.0
2025-07-31,15787,Bolso cuero,Moda,Cali,3,42900.0,0.15,Tienda,109395.0
2025-11-01,17910,Teclado mecanico,Tecnologia,Cali,2,188700.0,0.1,Tienda,339660.0
2025-03-13,13239,Bolso cuero,Moda,Cali,2,68700.0,0.0,Tienda,137400.0
2025-07-01,18657,Portatil 14,Tecnologia,Medellin,2,490300.0,0.2,Tienda,784480.0
2025-05-13,13279,Aspiradora,Hogar,Bogota,5,89200.0,0.0,Tienda,446000.0
2025-10-25,12230,Juego de ollas,Hogar,Bogota,3,85900.0,0.15,Tienda,219045.0
2025-02-20,14999,Tenis urbanos,Moda,Barranquilla,3,128900.0,0.2,En linea,309360.0
2025-01-02,12436,Bolso cuero,Moda,Cali,2,49400.0,0.2,Tienda,79040.0
2025-11-11,10079,Camiseta basica,Moda,Bogota,3,159100.0,0.1,En linea,429570.0
2025-03-07,13041,Monitor 24,Tecnologia,Bogota,1,187500.0,0.0,Tienda,187500.0
2025-08-17,12919,Bolso cuero,Moda,Bogota,2,85900.0,0.0,Tienda,171800.0
2025-12-07,17505,Tenis urbanos,Moda,Medellin,1,77100.0,0.15,En linea,65535.0
2025-05-20,18255,Bolso cuero,Moda,Medellin,4,49300.0,0.0,En linea,197200.0
2025-05-27,12272,Bolso cuero,Moda,Barranquilla,1,30400.0,0.1,Tienda,27360.0
2025-02-24,14176,Chaqueta impermeable,Moda,Bogota,1,90000.0,0.1,Tienda,81000.0
2025-11-30,18606,Juego de ollas,Hogar,Cali,2,62600.0,0.0,En linea,125200.0
2025-02-26,16988,Tenis urbanos,Moda,Bogota,3,61700.0,0.1,Tienda,166590.0
2025-09-16,10144,Audifonos BT,Tecnologia,Medellin,1,259000.0,0.0,En linea,259000.0
2025-03-11,15873,Aspiradora,Hogar,Barranquilla,2,48000.0,0.05,Tienda,91200.0
2025-07-19,19286,Tenis urbanos,Moda,Bogota,3,24100.0,0.2,Tienda,57840.0
2025-04-02,18469,Tenis urbanos,Moda,Medellin,1,49800.0,0.0,En linea,49800.0
2025-09-01,16644,Camiseta basica,Moda,Medellin,2,67700.0,0.05,En linea,128630.0
2025-12-15,15367,Aspiradora,Hogar,Barranquilla,4,167800.0,0.0,Tienda,671200.0
2025-11-26,14147,Lampara LED,Hogar,Medellin,4,46300.0,0.0,Tienda,185200.0
2025-01-01,10843,Monitor 24,Tecnologia,Cali,2,311000.0,0.05,Tienda,590900.0
2025-05-13,10481,Jean slim,Moda,Barranquilla,4,44300.0,0.2,Tienda,141760.0
2025-09-08,18111,Tapete yoga,Deportes,Bogota,1,43700.0,0.0,En linea,43700.0
2025-01-20,19286,Licuadora,Hogar,Medellin,3,207400.0,0.15,Tienda,528870.0
2025-04-01,16292,Tenis urbanos,Moda,Medellin,3,41400.0,0.2,En linea,99360.0
2025-04-13,13527,Chaqueta impermeable,Moda,Medellin,1,55900.0,0.05,Tienda,53105.0
2025-07-25,19488,Set de sabanas,Hogar,Medellin,3,146100.0,0.0,En linea,438300.0
2025-12-13,10193,Set de sabanas,Hogar,Barranquilla,1,27500.0,0.0,En linea,27500.0
2025-04-08,17481,Tenis urbanos,Moda,Medellin,4,53100.0,0.0,Tienda,212400.0
2025-09-28,12325,Licuadora,Hogar,Bogota,2,49200.0,0.0,Tienda,98400.0
2025-08-22,16416,Audifonos BT,Tecnologia,Bogota,3,372600.0,0.0,En linea,1117800.0
2025-01-31,12694,Lampara LED,Hogar,Barranquilla,3,233400.0,0.05,Tienda,665190.0
2025-03-11,18577,Jean slim,Moda,Medellin,4,150600.0,0.1,Tienda,542160.0
2025-06-03,10748,Aspiradora,Hogar,Barranquilla,2,169000.0,0.1,En linea,304200.0
2025-04-22,11679,Licuadora,Hogar,Medellin,5,30600.0,0.0,En linea,153000.0
2025-05-17,15678,Juego de ollas,Hogar,Cali,5,43900.0,0.05,Tienda,208525.0
2025-02-15,18263,Jean slim,Moda,Bogota,3,75100.0,0.0,Tienda,225300.0
2025-01-12,17870,Bolso cuero,Moda,Bogota,3,67600.0,0.1,En linea,182520.0
2025-04-01,10944,Bicicleta estatica,Deportes,Medellin,1,111200.0,0.1,Tienda,100080.0
2025-10-03,10290,Juego de ollas,Hogar,Medellin,2,97700.0,0.1,En linea,175860.0
2025-09-30,19844,Aspiradora,Hogar,Bogota,1,108900.0,0.15,Tienda,92565.0
2025-09-19,11927,Jean slim,Moda,Bogota,1,74200.0,0.15,Tienda,63070.0
2025-06-26,11099,Jean slim,Moda,Bogota,2,64200.0,0.0,Tienda,128400.0
2025-12-21,18828,Portatil 14,Tecnologia,Barranquilla,2,140200.0,0.0,Tienda,280400.0
2025-01-30,17538,Chaqueta impermeable,Moda,Medellin,3,133900.0,0.1,En linea,361530.0
2025-02-14,19918,Chaqueta impermeable,Moda,Cali,2,70800.0,0.1,Tienda,127440.0
2025-01-14,12228,Audifonos BT,Tecnologia,Barranquilla,2,256500.0,0.0,Tienda,513000.0
2025-04-20,19809,Guantes gym,Deportes,Barranquilla,2,61000.0,0.2,Tienda,97600.0
2025-11-06,13110,Chaqueta impermeable,Moda,Bogota,3,63200.0,0.1,En linea,170640.0
2025-11-23,19672,Tablet 10,Tecnologia,Medellin,1,481500.0,0.0,Tienda,481500.0
2025-06-22,16643,Camiseta basica,Moda,Bogota,1,47600.0,0.1,En linea,42840.0
2025-12-04,11568,Chaqueta impermeable,Moda,Medellin,3,133200.0,0.05,Tienda,379620.0
2025-07-01,13646,Chaqueta impermeable,Moda,Cali,2,36400.0,0.0,Tienda,72800.0
2025-07-25,11485,Camiseta basica,Moda,Barranquilla,4,59900.0,0.05,En linea,227620.0
2025-06-15,16185,Licuadora,Hogar,Bogota,1,146000.0,0.0,En linea,146000.0
2025-09-29,18576,Guantes gym,Deportes,Barranquilla,3,36500.0,0.0,En linea,109500.0
2025-04-22,12967,Guantes gym,Deportes,Medellin,4,90800.0,0.0,Tienda,363200.0
2025-07-03,14355,Aspiradora,Hogar,Barranquilla,2,108700.0,0.0,Tienda,217400.0
2025-01-26,17341,Licuadora,Hogar,Barranquilla,3,141300.0,0.1,En linea,381510.0
2025-07-06,14041,Mancuernas 5kg,Deportes,Cali,4,75800.0,0.1,Tienda,272880.0
2025-11-08,17213,Lampara LED,Hogar,Medellin,2,41200.0,0.15,Tienda,70040.0
2025-10-14,12280,Chaqueta impermeable,Moda,Barranquilla,1,111100.0,0.0,Tienda,111100.0
2025-01-27,18142,Lampara LED,Hogar,Bogota,5,98200.0,0.15,Tienda,417350.0
2025-12-27,12598,Teclado mecanico,Tecnologia,Cali,2,256900.0,0.05,Tienda,488110.0
2025-07-30,19704,Portatil 14,Tecnologia,Medellin,1,420600.0,0.0,Tienda,420600.0
2025-04-15,18144,Monitor 24,Tecnologia,Barranquilla,3,279000.0,0.0,Tienda,837000.0
2025-02-14,16532,Tenis urbanos,Moda,Medellin,4,101700.0,0.0,En linea,406800.0
2025-11-08,17566,Audifonos BT,Tecnologia,Cali,2,279100.0,0.15,En linea,474470.0
2025-06-27,16664,Lampara LED,Hogar,Medellin,2,68800.0,0.2,Tienda,110080.0
2025-05-30,15502,Set de sabanas,Hogar,Barranquilla,5,70200.0,0.0,Tienda,351000.0
2025-10-12,13141,Jean slim,Moda,Bogota,1,95900.0,0.0,En linea,95900.0
2025-12-03,10055,Tapete yoga,Deportes,Bogota,2,71900.0,0.0,Tienda,143800.0
2025-01-07,16929,Jean slim,Moda,Barranquilla,2,40200.0,0.05,En linea,76380.0
2025-07-10,10486,Bolso cuero,Moda,Medellin,3,30900.0,0.05,Tienda,88065.0
2025-06-28,11522,Bolso cuero,Moda,Bogota,2,68000.0,0.0,Tienda,136000.0
2025-07-15,13515,Aspiradora,Hogar,Barranquilla,2,60100.0,0.0,Tienda,120200.0
2025-12-09,11908,Bolso cuero,Moda,Bogota,2,138500.0,0.0,En linea,263150.0
2025-11-07,14221,Camiseta basica,Moda,Bogota,3,96300.0,0.0,Tienda,288900.0
2025-11-02,14503,Guantes gym,Deportes,Cali,1,79900.0,0.0,Tienda,79900.0
2025-10-26,13017,Lampara LED,Hogar,Bogota,5,40200.0,0.0,Tienda,201000.0
2025-04-18,19561,Bolso cuero,Moda,Barranquilla,4,152600.0,0.0,Tienda,610400.0
2025-07-15,11298,Aspiradora,Hogar,Cali,3,194600.0,0.0,En linea,583800.0
2025-10-11,13416,Tablet 10,Tecnologia,Cali,2,119100.0,0.1,Tienda,214380.0
2025-10-18,15885,Jean slim,Moda,Bogota,4,33100.0,0.2,Tienda,105920.0
2025-09-10,17180,Balon futbol,Deportes,Barranquilla,4,64200.0,0.0,En linea,205440.0
2025-08-24,16976,Bolso cuero,Moda,Medellin,2,125200.0,0.15,En linea,212840.0
2025-10-08,14204,Guantes gym,Deportes,Medellin,1,71800.0,0.1,En linea,64620.0
2025-06-25,13229,Chaqueta impermeable,Moda,Medellin,3,64200.0,0.05,Tienda,182970.0
2025-11-08,13738,Juego de ollas,Hogar,Cali,5,31900.0,0.05,Tienda,151525.0
2025-06-19,14213,Juego de ollas,Hogar,Cali,2,90300.0,0.15,Tienda,153510.0
2025-05-17,12822,Tapete yoga,Deportes,Medellin,2,59500.0,0.15,Tienda,101150.0
2025-02-04,18944,Juego de ollas,Hogar,Medellin,3,52300.0,0.0,En linea,156900.0
2025-07-08,16983,Licuadora,Hogar,Barranquilla,5,44800.0,0.05,Tienda,212800.0
2025-09-12,15832,Licuadora,Hogar,Cali,2,64400.0,0.0,En linea,128800.0
2025-02-28,19764,Teclado mecanico,Tecnologia,Cali,3,211000.0,0.0,Tienda,633000.0
2025-03-12,13248,Chaqueta impermeable,Moda,Bogota,2,47400.0,0.0,Tienda,94800.0
2025-12-31,17839,Lampara LED,Hogar,Bogota,4,49100.0,0.0,Tienda,196400.0
2025-01-31,10805,Bolso cuero,Moda,Barranquilla,3,79700.0,0.0,En linea,239100.0
2025-11-20,16641,Chaqueta impermeable,Moda,Cali,2,70100.0,0.0,Tienda,140200.0
2025-03-25,18158,Guantes gym,Deportes,Barranquilla,1,52900.0,0.0,En linea,52900.0
2025-03-09,18575,Guantes gym,Deportes,Medellin,2,39100.0,0.05,Tienda,74290.0
2025-05-05,19115,Camiseta basica,Moda,Medellin,3,114400.0,0.1,Tienda,308880.0
2025-07-03,12020,Juego de ollas,Hogar,Medellin,4,92200.0,0.0,Tienda,368800.0
2025-09-20,14827,Jean slim,Moda,Medellin,3,89100.0,0.1,En linea,240570.0
2025-10-09,17144,Bicicleta estatica,Deportes,Barranquilla,4,37700.0,0.05,En linea,143260.0
2025-12-08,17751,Set de sabanas,Hogar,Barranquilla,1,56100.0,0.15,En linea,47685.0
2025-06-22,13246,Portatil 14,Tecnologia,Bogota,3,225000.0,0.0,Tienda,675000.0
2025-08-05,12527,Chaqueta impermeable,Moda,Barranquilla,2,35200.0,0.15,En linea,59840.0
2025-10-23,11184,Tenis urbanos,Moda,Medellin,2,89200.0,0.0,Tienda,178400.0
2025-01-30,16014,Licuadora,Hogar,Medellin,5,123800.0,0.0,En linea,619000.0
2025-10-23,17693,Balon futbol,Deportes,Medellin,1,86700.0,0.0,En linea,86700.0
2025-07-18,16003,Tapete yoga,Deportes,Medellin,3,47100.0,0.0,Tienda,141300.0
2025-03-24,11258,Lampara LED,Hogar,Barranquilla,5,81200.0,0.0,Tienda,406000.0
2025-01-22,11564,Bicicleta estatica,Deportes,Medellin,4,99700.0,0.05,En linea,378860.0
2025-12-01,19736,Aspiradora,Hogar,Medellin,5,134600.0,0.05,Tienda,639350.0
2025-11-28,18721,Monitor 24,Tecnologia,Bogota,3,282800.0,0.15,Tienda,721140.0
2025-09-01,14238,Lampara LED,Hogar,Bogota,1,42600.0,0.1,En linea,38340.0
2025-05-10,15620,Aspiradora,Hogar,Cali,3,53000.0,0.15,Tienda,135150.0
2025-05-04,14419,Bolso cuero,Moda,Medellin,4,49400.0,0.0,En linea,197600.0
2025-06-04,19549,Bicicleta estatica,Deportes,Cali,2,34200.0,0.15,Tienda,58140.0
2025-12-08,15926,Juego de ollas,Hogar,Cali,3,131800.0,0.0,En linea,395400.0
2025-08-07,14457,Tenis urbanos,Moda,Medellin,1,43300.0,0.0,Tienda,43300.0
2025-09-29,12402,Teclado mecanico,Tecnologia,Barranquilla,3,124700.0,0.05,En linea,355395.0
2025-10-07,19674,Juego de ollas,Hogar,Bogota,2,116500.0,0.0,Tienda,233000.0
2025-04-15,18627,Bolso cuero,Moda,Cali,4,71800.0,0.05,Tienda,272840.0
2025-03-13,19054,Bolso cuero,Moda,Barranquilla,3,73900.0,0.1,En linea,199530.0
2025-01-05,10894,Jean slim,Moda,Bogota,2,30000.0,0.1,En linea,54000.0
2025-03-29,11217,Set de sabanas,Hogar,Medellin,3,86900.0,0.2,Tienda,208560.0
2025-03-27,13804,Teclado mecanico,Tecnologia,Medellin,1,380200.0,0.0,Tienda,380200.0
2025-10-21,19168,Juego de ollas,Hogar,Medellin,3,16500.0,0.0,En linea,49500.0
2025-05-09,14050,Tapete yoga,Deportes,Medellin,3,28700.0,0.0,En linea,86100.0
2025-11-06,11610,Aspiradora,Hogar,Bogota,3,110200.0,0.0,En linea,330600.0
2025-08-13,15982,Lampara LED,Hogar,Cali,3,110900.0,0.0,Tienda,332700.0
2025-04-09,16275,Mancuernas 5kg,Deportes,Cali,1,30200.0,0.3,En linea,21140.0
2025-08-15,11799,Set de sabanas,Hogar,Medellin,1,62200.0,0.15,En linea,52870.0
2025-07-10,17640,Jean slim,Moda,Cali,4,60700.0,0.15,Tienda,206380.0
2025-06-17,19471,Set de sabanas,Hogar,Bogota,1,43300.0,0.0,En linea,43300.0
2025-08-29,14554,Tablet 10,Tecnologia,Cali,1,565200.0,0.0,En linea,565200.0
2025-05-27,11513,Teclado mecanico,Tecnologia,Bogota,2,420000.0,0.05,En linea,798000.0
2025-07-16,19918,Audifonos BT,Tecnologia,Medellin,1,296600.0,0.15,En linea,252110.0
2025-10-03,12000,Licuadora,Hogar,Medellin,2,91400.0,0.0,Tienda,182800.0
2025-04-08,18425,Monitor 24,Tecnologia,Medellin,2,952400.0,0.05,Tienda,1809560.0
2025-03-10,19017,Licuadora,Hogar,Medellin,5,61800.0,0.15,Tienda,262650.0
2025-02-12,14727,Balon futbol,Deportes,Medellin,1,146100.0,0.1,En linea,131490.0
2025-11-22,10823,Chaqueta impermeable,Moda,Bogota,3,32900.0,0.05,En linea,93765.0
2025-05-01,18050,Portatil 14,Tecnologia,Medellin,3,265900.0,0.05,En linea,757815.0
2025-09-11,18749,Licuadora,Hogar,Medellin,4,206400.0,0.1,Tienda,743040.0
2025-03-02,15633,Set de sabanas,Hogar,Bogota,2,53300.0,0.05,En linea,101270.0
2025-01-06,13710,Tapete yoga,Deportes,Barranquilla,1,20200.0,0.1,Tienda,18180.0
2025-05-23,16002,Aspiradora,Hogar,Barranquilla,5,49900.0,0.2,Tienda,199600.0
2025-05-03,15380,Tapete yoga,Deportes,Cali,3,100500.0,0.15,En linea,256275.0
2025-12-13,13187,Set de sabanas,Hogar,Bogota,5,57400.0,0.2,En linea,229600.0
2025-07-19,17403,Set de sabanas,Hogar,Barranquilla,4,46900.0,0.0,En linea,187600.0
2025-11-17,12488,Balon futbol,Deportes,Barranquilla,1,65600.0,0.0,En linea,65600.0
2025-09-22,12966,Aspiradora,Hogar,Bogota,1,41800.0,0.0,En linea,41800.0
2025-12-17,11384,Portatil 14,Tecnologia,Barranquilla,3,313800.0,0.15,Tienda,800190.0
2025-11-14,19514,Bolso cuero,Moda,Medellin,4,128200.0,0.05,En linea,487160.0
2025-02-23,10795,Camiseta basica,Moda,Medellin,4,43300.0,0.0,Tienda,173200.0
2025-05-04,19040,Tenis urbanos,Moda,Bogota,4,37300.0,0.2,En linea,119360.0
2025-05-17,11687,Lampara LED,Hogar,Bogota,5,52500.0,0.3,Tienda,183750.0
2025-07-20,18528,Guantes gym,Deportes,Medellin,3,47200.0,0.0,En linea,141600.0
2025-03-13,14991,Camiseta basica,Moda,Bogota,3,29700.0,0.0,Tienda,89100.0
2025-01-05,19653,Teclado mecanico,Tecnologia,Cali,2,282600.0,0.0,Tienda,565200.0
2025-12-02,15399,Aspiradora,Hogar,Cali,4,78200.0,0.0,Tienda,312800.0
2025-10-20,13011,Licuadora,Hogar,Barranquilla,1,153500.0,0.05,En linea,145825.0
2025-03-19,16909,Tablet 10,Tecnologia,Barranquilla,3,253300.0,0.0,En linea,759900.0
2025-11-08,16479,Teclado mecanico,Tecnologia,Cali,1,247100.0,0.0,Tienda,247100.0
2025-08-12,16133,Teclado mecanico,Tecnologia,Cali,2,322500.0,0.1,Tienda,580500.0
2025-04-15,10282,Teclado mecanico,Tecnologia,Cali,3,380000.0,0.05,Tienda,1083000.0
2025-06-05,13667,Guantes gym,Deportes,Cali,1,43300.0,0.05,En linea,41135.0
2025-04-29,18893,Mancuernas 5kg,Deportes,Medellin,4,80000.0,0.0,En linea,320000.0
2025-05-23,18297,Guantes gym,Deportes,Medellin,3,70400.0,0.0,Tienda,211200.0
2025-06-24,19914,Audifonos BT,Tecnologia,Cali,3,359600.0,0.1,En linea,970920.0
2025-05-21,19468,Balon futbol,Deportes,Barranquilla,1,95900.0,0.0,Tienda,95900.0
2025-06-12,11492,Lampara LED,Hogar,Bogota,2,68900.0,0.0,Tienda,137800.0
2025-03-19,10991,Bicicleta estatica,Deportes,Medellin,2,40100.0,0.05,En linea,76190.0
2025-10-10,14285,Lampara LED,Hogar,Bogota,4,67500.0,0.15,Tienda,229500.0
2025-07-16,10075,Lampara LED,Hogar,Cali,2,71900.0,0.0,En linea,143800.0
2025-05-12,17494,Jean slim,Moda,Cali,2,220800.0,0.0,En linea,441600.0
2025-11-01,10971,Lampara LED,Hogar,Cali,4,60600.0,0.0,Tienda,242400.0
2025-07-22,11087,Teclado mecanico,Tecnologia,Medellin,2,218500.0,0.0,Tienda,437000.0
2025-11-29,10659,Licuadora,Hogar,Barranquilla,2,42200.0,0.15,En linea,71740.0
2025-03-10,13708,Bolso cuero,Moda,Barranquilla,1,57300.0,0.05,En linea,54435.0
2025-09-21,11262,Tenis urbanos,Moda,Medellin,3,225100.0,0.3,En linea,472710.0
2025-12-16,18402,Jean slim,Moda,Bogota,4,127900.0,0.05,En linea,486020.0
2025-06-24,16618,Aspiradora,Hogar,Bogota,1,69200.0,0.2,En linea,55360.0
2025-05-31,17421,Mancuernas 5kg,Deportes,Medellin,2,79900.0,0.15,En linea,135830.0
2025-04-20,15161,Set de sabanas,Hogar,Barranquilla,2,147800.0,0.0,Tienda,295600.0
2025-01-07,14949,Chaqueta impermeable,Moda,Cali,2,78100.0,0.0,En linea,156200.0
2025-12-15,14404,Camiseta basica,Moda,Barranquilla,4,47300.0,0.05,Tienda,179740.0
2025-02-23,10153,Licuadora,Hogar,Medellin,3,102200.0,0.1,Tienda,275940.0
2025-04-08,19481,Tenis urbanos,Moda,Medellin,1,49900.0,0.0,En linea,49900.0
2025-04-02,16246,Chaqueta impermeable,Moda,Barranquilla,3,238400.0,0.0,Tienda,715200.0
2025-06-29,15160,Juego de ollas,Hogar,Medellin,5,123200.0,0.2,Tienda,492800.0
2025-01-14,11579,Aspiradora,Hogar,Barranquilla,1,87300.0,0.05,Tienda,82935.0
2025-03-02,19385,Chaqueta impermeable,Moda,Medellin,3,172100.0,0.1,En linea,464670.0
2025-08-30,11240,Mancuernas 5kg,Deportes,Barranquilla,2,114100.0,0.05,En linea,216790.0
2025-03-29,12398,Juego de ollas,Hogar,Barranquilla,2,106900.0,0.0,En linea,213800.0
2025-01-27,15816,Set de sabanas,Hogar,Bogota,2,53800.0,0.05,Tienda,102220.0
2025-10-28,13483,Tenis urbanos,Moda,Barranquilla,2,49100.0,0.0,Tienda,98200.0
2025-05-20,14957,Jean slim,Moda,Barranquilla,3,39000.0,0.0,En linea,117000.0
2025-05-02,11396,Set de sabanas,Hogar,Medellin,4,54200.0,0.0,Tienda,216800.0
2025-10-16,17982,Chaqueta impermeable,Moda,Bogota,4,41100.0,0.2,En linea,131520.0
2025-03-09,18717,Chaqueta impermeable,Moda,Medellin,2,93300.0,0.3,Tienda,130620.0
2025-04-22,13887,Bicicleta estatica,Deportes,Bogota,2,111500.0,0.05,Tienda,211850.0
2025-01-13,15542,Audifonos BT,Tecnologia,Medellin,3,481700.0,0.15,En linea,1228335.0
2025-11-13,12978,Tenis urbanos,Moda,Cali,2,51600.0,0.0,Tienda,103200.0
2025-03-31,10027,Juego de ollas,Hogar,Cali,2,93900.0,0.0,Tienda,187800.0
2025-06-05,13209,Tablet 10,Tecnologia,Bogota,1,499000.0,0.15,En linea,424150.0
2025-09-22,10152,Licuadora,Hogar,Medellin,4,53300.0,0.0,Tienda,213200.0
2025-05-28,12824,Portatil 14,Tecnologia,Barranquilla,1,365000.0,0.15,Tienda,310250.0
2025-07-05,13974,Mancuernas 5kg,Deportes,Medellin,2,92900.0,0.15,Tienda,157930.0
2025-08-06,10439,Camiseta basica,Moda,Medellin,1,59300.0,0.05,Tienda,56335.0
2025-09-15,15973,Tapete yoga,Deportes,Barranquilla,3,108100.0,0.0,En linea,324300.0
2025-05-03,11683,Camiseta basica,Moda,Medellin,4,37700.0,0.1,En linea,135720.0
2025-08-01,14740,Lampara LED,Hogar,Bogota,2,115500.0,0.2,Tienda,184800.0
2025-09-14,15691,Set de sabanas,Hogar,Cali,1,151100.0,0.05,En linea,143545.0
2025-03-21,17472,Chaqueta impermeable,Moda,Medellin,1,68500.0,0.0,Tienda,68500.0
2025-05-13,11908,Tapete yoga,Deportes,Cali,1,79600.0,0.15,Tienda,67660.0
2025-10-07,13101,Mancuernas 5kg,Deportes,Medellin,2,47000.0,0.0,Tienda,94000.0
2025-05-03,17902,Camiseta basica,Moda,Medellin,2,30300.0,0.0,En linea,60600.0
2025-02-01,14097,Portatil 14,Tecnologia,Barranquilla,2,127200.0,0.0,En linea,254400.0
2025-02-28,18573,Licuadora,Hogar,Medellin,4,107700.0,0.05,En linea,409260.0
2025-03-15,17942,Aspiradora,Hogar,Bogota,5,37000.0,0.05,En linea,175750.0
2025-11-23,16094,Lampara LED,Hogar,Bogota,4,139800.0,0.05,En linea,531240.0
2025-09-24,13426,Bolso cuero,Moda,Medellin,1,43100.0,0.0,Tienda,43100.0
2025-04-19,13997,Portatil 14,Tecnologia,Medellin,3,340500.0,0.0,En linea,1021500.0
2025-09-21,14680,Camiseta basica,Moda,Bogota,2,174000.0,0.1,Tienda,313200.0
2025-12-08,13817,Set de sabanas,Hogar,Medellin,3,62800.0,0.2,En linea,150720.0
2025-07-16,15419,Licuadora,Hogar,Medellin,1,55300.0,0.0,Tienda,55300.0
2025-10-23,17375,Set de sabanas,Hogar,Cali,4,109900.0,0.0,En linea,439600.0
2025-09-08,10932,Licuadora,Hogar,Barranquilla,5,132800.0,0.1,En linea,597600.0
2025-03-16,17144,Portatil 14,Tecnologia,Bogota,3,208100.0,0.05,Tienda,593085.0
2025-06-11,10649,Bolso cuero,Moda,Cali,1,39900.0,0.0,Tienda,39900.0
2025-05-05,16039,Juego de ollas,Hogar,Bogota,3,45800.0,0.0,Tienda,137400.0
2025-05-18,16459,Tapete yoga,Deportes,Barranquilla,4,34900.0,0.15,Tienda,118660.0
2025-04-15,19815,Bicicleta estatica,Deportes,Bogota,2,23800.0,0.0,Tienda,47600.0
2025-10-12,16327,Licuadora,Hogar,Cali,5,81400.0,0.0,Tienda,407000.0
2025-10-03,12644,Lampara LED,Hogar,Medellin,5,70900.0,0.15,Tienda,301325.0
2025-08-04,18754,Tenis urbanos,Moda,Bogota,1,51000.0,0.0,En linea,51000.0
2025-01-07,16794,Camiseta basica,Moda,Cali,1,98200.0,0.05,Tienda,93290.0
2025-12-16,15955,Aspiradora,Hogar,Bogota,4,86100.0,0.0,En linea,344400.0
2025-07-16,10213,Lampara LED,Hogar,Cali,2,73900.0,0.0,Tienda,147800.0
2025-09-16,15094,Tablet 10,Tecnologia,Cali,2,336600.0,0.15,Tienda,572220.0
2025-09-03,12547,Licuadora,Hogar,Cali,4,59000.0,0.05,Tienda,224200.0
2025-10-01,15042,Camiseta basica,Moda,Medellin,3,78400.0,0.2,Tienda,188160.0
2025-09-17,10514,Juego de ollas,Hogar,Medellin,5,149300.0,0.15,Tienda,634525.0
2025-05-17,12262,Tapete yoga,Deportes,Medellin,3,67600.0,0.15,Tienda,172380.0
2025-08-24,18305,Bolso cuero,Moda,Medellin,2,53700.0,0.0,En linea,107400.0
2025-11-29,11651,Bolso cuero,Moda,Barranquilla,4,91100.0,0.0,En linea,364400.0
2025-01-03,13983,Jean slim,Moda,Medellin,1,37000.0,0.05,Tienda,35150.0
2025-08-15,12548,Audifonos BT,Tecnologia,Bogota,3,263400.0,0.05,En linea,750690.0
2025-06-22,12887,Tenis urbanos,Moda,Barranquilla,1,43700.0,0.2,En linea,34960.0
2025-07-31,10411,Jean slim,Moda,Barranquilla,3,42600.0,0.15,Tienda,108630.0
2025-07-19,12755,Bicicleta estatica,Deportes,Medellin,4,82500.0,0.1,En linea,297000.0
2025-01-07,19114,Tapete yoga,Deportes,Barranquilla,2,26300.0,0.1,Tienda,47340.0
2025-07-09,10914,Juego de ollas,Hogar,Bogota,3,105300.0,0.0,En linea,315900.0
2025-07-05,19020,Monitor 24,Tecnologia,Bogota,1,158400.0,0.1,Tienda,142560.0
2025-10-26,19943,Tablet 10,Tecnologia,Medellin,2,397900.0,0.0,En linea,795800.0
2025-12-31,17007,Jean slim,Moda,Barranquilla,3,117500.0,0.0,Tienda,352500.0
2025-12-19,19205,Licuadora,Hogar,Medellin,2,92300.0,0.0,En linea,156910.0
2025-08-03,13774,Guantes gym,Deportes,Medellin,3,79700.0,0.2,Tienda,191280.0
2025-01-07,10730,Juego de ollas,Hogar,Medellin,5,83200.0,0.1,En linea,374400.0
2025-01-02,18408,Jean slim,Moda,Cali,2,64900.0,0.0,Tienda,129800.0
2025-09-18,11776,Aspiradora,Hogar,Barranquilla,5,80600.0,0.2,Tienda,322400.0
2025-11-28,10972,Juego de ollas,Hogar,Cali,1,134100.0,0.0,En linea,134100.0
2025-04-04,19318,Teclado mecanico,Tecnologia,Barranquilla,3,114800.0,0.0,Tienda,344400.0
2025-04-10,18492,Licuadora,Hogar,Barranquilla,2,83700.0,0.2,En linea,133920.0
2025-02-10,13067,Set de sabanas,Hogar,Cali,1,132900.0,0.05,Tienda,126255.0
2025-06-17,10518,Chaqueta impermeable,Moda,Bogota,2,68800.0,0.0,Tienda,137600.0
2025-01-22,12323,Balon futbol,Deportes,Medellin,2,112800.0,0.05,En linea,214320.0
2025-07-09,16551,Monitor 24,Tecnologia,Bogota,1,441100.0,0.15,Tienda,374935.0
2025-06-25,18211,Juego de ollas,Hogar,Medellin,2,60500.0,0.15,En linea,102850.0
2025-12-12,16874,Monitor 24,Tecnologia,Bogota,2,614800.0,0.0,Tienda,1229600.0
2025-11-12,17685,Balon futbol,Deportes,Bogota,3,71700.0,0.15,Tienda,182835.0
2025-06-16,17556,Balon futbol,Deportes,Barranquilla,3,51000.0,0.05,Tienda,145350.0
2025-01-06,14490,Set de sabanas,Hogar,Medellin,1,22900.0,0.0,Tienda,22900.0
2025-04-15,18591,Tenis urbanos,Moda,Cali,2,114800.0,0.2,Tienda,183680.0
2025-01-29,15163,Tapete yoga,Deportes,Barranquilla,1,52300.0,0.0,En linea,47070.0
2025-07-01,14286,Tablet 10,Tecnologia,Cali,3,214000.0,0.1,En linea,577800.0
2025-03-10,11955,Camiseta basica,Moda,Bogota,4,58500.0,0.1,Tienda,210600.0
2025-05-02,11957,Chaqueta impermeable,Moda,Cali,2,58100.0,0.15,En linea,98770.0
2025-10-05,10732,Tenis urbanos,Moda,Medellin,2,22600.0,0.1,En linea,40680.0
2025-10-16,10375,Bolso cuero,Moda,Barranquilla,3,23700.0,0.05,Tienda,67545.0
2025-10-28,19456,Jean slim,Moda,Barranquilla,1,33800.0,0.3,En linea,23660.0
2025-11-13,10745,Camiseta basica,Moda,Medellin,4,68400.0,0.3,En linea,191520.0
2025-07-11,17937,Camiseta basica,Moda,Cali,4,49000.0,0.05,Tienda,186200.0
2025-08-11,11130,Chaqueta impermeable,Moda,Medellin,1,25000.0,0.0,En linea,25000.0
2025-05-31,11768,Bolso cuero,Moda,Cali,4,110700.0,0.0,Tienda,442800.0
2025-12-14,19100,Set de sabanas,Hogar,Medellin,1,84800.0,0.0,Tienda,84800.0
2025-04-10,14253,Balon futbol,Deportes,Barranquilla,3,73800.0,0.0,Tienda,221400.0
2025-04-11,13247,Audifonos BT,Tecnologia,Medellin,1,105400.0,0.0,En linea,105400.0
2025-03-21,14535,Tenis urbanos,Moda,Medellin,4,17400.0,0.0,En linea,69600.0
2025-11-21,10414,Aspiradora,Hogar,Medellin,2,107400.0,0.0,Tienda,214800.0
2025-04-02,12145,Camiseta basica,Moda,Cali,2,29900.0,0.1,Tienda,53820.0
2025-03-11,12163,Camiseta basica,Moda,Cali,4,124500.0,0.05,Tienda,473100.0
2025-06-15,15449,Licuadora,Hogar,Cali,4,68200.0,0.05,En linea,259160.0
2025-04-20,17326,Tenis urbanos,Moda,Medellin,1,122000.0,0.05,En linea,115900.0
2025-09-04,19826,Balon futbol,Deportes,Cali,1,45600.0,0.0,Tienda,45600.0
2025-08-11,16269,Aspiradora,Hogar,Medellin,1,81000.0,0.15,En linea,68850.0
2025-05-17,10663,Juego de ollas,Hogar,Bogota,4,79000.0,0.05,Tienda,300200.0
2025-07-07,11630,Jean slim,Moda,Bogota,4,48900.0,0.3,Tienda,136920.0
2025-01-27,11400,Chaqueta impermeable,Moda,Cali,3,82200.0,0.15,Tienda,209610.0
2025-09-28,10135,Bolso cuero,Moda,Cali,3,67600.0,0.1,Tienda,182520.0
2025-08-22,19877,Set de sabanas,Hogar,Medellin,5,105500.0,0.0,Tienda,527500.0
2025-09-15,11999,Chaqueta impermeable,Moda,Medellin,1,115900.0,0.0,En linea,115900.0
2025-03-17,13597,Juego de ollas,Hogar,Cali,3,134500.0,0.15,En linea,342975.0
2025-05-10,12550,Guantes gym,Deportes,Bogota,1,29400.0,0.1,Tienda,26460.0
2025-02-09,14162,Chaqueta impermeable,Moda,Medellin,3,134300.0,0.05,En linea,382755.0
2025-03-29,19765,Camiseta basica,Moda,Barranquilla,1,56500.0,0.0,Tienda,50850.0
2025-10-03,14026,Tablet 10,Tecnologia,Medellin,1,129500.0,0.0,En linea,129500.0
2025-02-17,12659,Aspiradora,Hogar,Cali,1,162700.0,0.1,Tienda,146430.0
2025-10-16,18301,Chaqueta impermeable,Moda,Bogota,1,116100.0,0.0,Tienda,116100.0
2025-12-09,14506,Guantes gym,Deportes,Medellin,3,24900.0,0.05,Tienda,70965.0
2025-02-10,14598,Camiseta basica,Moda,Medellin,3,91400.0,0.1,En linea,246780.0
2025-06-24,14295,Set de sabanas,Hogar,Cali,1,76900.0,0.05,En linea,73055.0
2025-10-29,14817,Aspiradora,Hogar,Barranquilla,5,142000.0,0.0,Tienda,710000.0
2025-01-20,18166,Bolso cuero,Moda,Bogota,4,38300.0,0.05,Tienda,145540.0
2025-01-11,15291,Guantes gym,Deportes,Bogota,2,73900.0,0.15,Tienda,125630.0
2025-07-20,11773,Lampara LED,Hogar,Cali,5,161000.0,0.15,Tienda,684250.0
2025-05-19,15907,Juego de ollas,Hogar,Bogota,2,80800.0,0.15,Tienda,137360.0
2025-09-06,18308,Bolso cuero,Moda,Medellin,2,49000.0,0.0,En linea,98000.0
2025-02-12,12989,Tenis urbanos,Moda,Bogota,3,153800.0,0.0,Tienda,461400.0
2025-05-12,17706,Licuadora,Hogar,Bogota,2,120600.0,0.0,Tienda,241200.0
2025-11-02,19250,Aspiradora,Hogar,Barranquilla,4,42700.0,0.0,En linea,170800.0
2025-08-21,14088,Juego de ollas,Hogar,Bogota,2,117900.0,0.15,Tienda,200430.0
2025-01-02,16963,Licuadora,Hogar,Bogota,2,193000.0,0.0,Tienda,386000.0
2025-12-20,19644,Bolso cuero,Moda,Medellin,2,64600.0,0.1,En linea,116280.0
2025-12-20,14925,Lampara LED,Hogar,Cali,1,85300.0,0.0,Tienda,85300.0
2025-05-05,18847,Tenis urbanos,Moda,Cali,2,175100.0,0.0,En linea,350200.0
2025-08-11,11637,Jean slim,Moda,Cali,2,48200.0,0.05,En linea,91580.0
2025-10-01,11277,Juego de ollas,Hogar,Barranquilla,3,44900.0,0.0,Tienda,134700.0
2025-08-06,10810,Monitor 24,Tecnologia,Medellin,3,745900.0,0.2,Tienda,1790160.0
2025-12-29,12661,Teclado mecanico,Tecnologia,Medellin,1,316700.0,0.2,Tienda,253360.0
2025-07-16,10263,Licuadora,Hogar,Bogota,3,57000.0,0.0,Tienda,171000.0
2025-11-20,13116,Chaqueta impermeable,Moda,Medellin,4,27600.0,0.2,Tienda,88320.0
2025-11-30,17924,Lampara LED,Hogar,Barranquilla,2,107500.0,0.15,Tienda,182750.0
2025-01-14,19941,Set de sabanas,Hogar,Medellin,4,49500.0,0.0,Tienda,198000.0
2025-12-19,18787,Set de sabanas,Hogar,Cali,2,66400.0,0.1,En linea,119520.0
2025-09-25,18683,Chaqueta impermeable,Moda,Medellin,1,36100.0,0.2,En linea,28880.0
2025-09-22,12186,Licuadora,Hogar,Bogota,1,101500.0,0.0,Tienda,101500.0
2025-07-25,14076,Tenis urbanos,Moda,Medellin,4,49900.0,0.15,Tienda,169660.0
2025-05-06,16507,Lampara LED,Hogar,Medellin,5,45700.0,0.1,Tienda,205650.0
2025-07-25,10020,Lampara LED,Hogar,Bogota,4,94700.0,0.0,En linea,378800.0
2025-03-28,19880,Tablet 10,Tecnologia,Cali,1,519800.0,0.3,En linea,363860.0
2025-05-01,15599,Licuadora,Hogar,Cali,3,49100.0,0.1,En linea,132570.0
2025-03-04,15368,Jean slim,Moda,Medellin,4,54000.0,0.15,En linea,183600.0
2025-09-13,16533,Camiseta basica,Moda,Cali,3,25100.0,0.15,Tienda,64005.0
2025-11-22,18903,Monitor 24,Tecnologia,Cali,1,192100.0,0.05,En linea,182495.0
2025-10-02,10401,Tenis urbanos,Moda,Medellin,2,54000.0,0.1,En linea,97200.0
2025-12-02,13820,Portatil 14,Tecnologia,Bogota,3,514900.0,0.15,Tienda,1312995.0
2025-01-17,15262,Jean slim,Moda,Medellin,4,61600.0,0.2,Tienda,197120.0
2025-12-02,10830,Tapete yoga,Deportes,Cali,3,46000.0,0.3,Tienda,96600.0
2025-08-24,14905,Audifonos BT,Tecnologia,Cali,1,106400.0,0.0,Tienda,106400.0
2025-05-05,15350,Camiseta basica,Moda,Cali,3,143000.0,0.0,En linea,429000.0
2025-08-10,14496,Chaqueta impermeable,Moda,Barranquilla,3,73700.0,0.0,En linea,221100.0
2025-12-18,16305,Lampara LED,Hogar,Barranquilla,2,58300.0,0.15,Tienda,99110.0
2025-07-06,11794,Jean slim,Moda,Medellin,4,60100.0,0.15,Tienda,204340.0
2025-02-27,10325,Camiseta basica,Moda,Bogota,3,52300.0,0.3,Tienda,109830.0
2025-11-24,17166,Teclado mecanico,Tecnologia,Cali,3,475700.0,0.0,Tienda,1355745.0
2025-10-18,10022,Jean slim,Moda,Bogota,1,40400.0,0.05,En linea,38380.0
2025-10-16,15301,Aspiradora,Hogar,Bogota,5,29800.0,0.15,En linea,126650.0
2025-01-08,11221,Juego de ollas,Hogar,Cali,1,113300.0,0.0,En linea,113300.0
2025-12-16,18528,Tapete yoga,Deportes,Cali,4,68800.0,0.0,Tienda,275200.0
2025-10-27,11737,Tapete yoga,Deportes,Medellin,4,60400.0,0.3,Tienda,169120.0
2025-01-01,12346,Lampara LED,Hogar,Bogota,3,42700.0,0.1,Tienda,115290.0
2025-08-23,15940,Chaqueta impermeable,Moda,Bogota,1,45700.0,0.0,Tienda,45700.0
2025-01-23,18735,Aspiradora,Hogar,Bogota,1,68900.0,0.05,Tienda,65455.0
2025-02-05,15620,Lampara LED,Hogar,Bogota,1,30500.0,0.05,Tienda,28975.0
2025-10-06,15328,Balon futbol,Deportes,Medellin,1,43100.0,0.0,Tienda,43100.0
2025-04-18,13948,Jean slim,Moda,Medellin,2,33500.0,0.0,En linea,67000.0
2025-09-07,18402,Balon futbol,Deportes,Cali,2,59600.0,0.0,En linea,119200.0
2025-06-26,12632,Juego de ollas,Hogar,Bogota,1,111900.0,0.1,En linea,100710.0
2025-03-23,14843,Bicicleta estatica,Deportes,Barranquilla,2,19300.0,0.0,Tienda,38600.0
2025-12-22,17082,Bicicleta estatica,Deportes,Medellin,1,51200.0,0.1,Tienda,46080.0
2025-08-04,19786,Chaqueta impermeable,Moda,Medellin,3,62400.0,0.0,Tienda,187200.0
2025-12-21,15398,Bolso cuero,Moda,Cali,4,40800.0,0.1,Tienda,146880.0
2025-07-19,18931,Audifonos BT,Tecnologia,Barranquilla,3,155400.0,0.0,En linea,466200.0
2025-05-03,14925,Licuadora,Hogar,Bogota,3,70100.0,0.1,Tienda,189270.0
2025-08-24,10388,Bolso cuero,Moda,Medellin,4,86000.0,0.0,Tienda,344000.0
2025-01-17,12893,Jean slim,Moda,Medellin,4,34700.0,0.0,En linea,138800.0
2025-06-18,12382,Bolso cuero,Moda,Medellin,2,104700.0,0.0,En linea,209400.0
2025-10-17,11071,Licuadora,Hogar,Bogota,5,73800.0,0.05,Tienda,350550.0
2025-10-15,11292,Tenis urbanos,Moda,Cali,4,69700.0,0.15,Tienda,236980.0
2025-08-26,13307,Licuadora,Hogar,Barranquilla,1,72400.0,0.15,Tienda,61540.0
2025-12-05,13956,Lampara LED,Hogar,Medellin,3,114900.0,0.05,Tienda,327465.0
2025-11-02,13461,Aspiradora,Hogar,Cali,4,70500.0,0.0,Tienda,282000.0
2025-10-29,16227,Portatil 14,Tecnologia,Cali,2,416400.0,0.1,Tienda,749520.0
2025-06-19,13398,Audifonos BT,Tecnologia,Cali,1,170300.0,0.05,En linea,161785.0
2025-04-20,15469,Portatil 14,Tecnologia,Medellin,3,212700.0,0.1,En linea,574290.0
2025-10-20,16871,Aspiradora,Hogar,Medellin,1,115200.0,0.0,Tienda,115200.0
2025-09-03,11190,Chaqueta impermeable,Moda,Medellin,2,77800.0,0.05,En linea,147820.0
2025-05-28,12243,Chaqueta impermeable,Moda,Bogota,3,106800.0,0.15,Tienda,272340.0
2025-03-28,14419,Chaqueta impermeable,Moda,Medellin,2,50500.0,0.1,En linea,90900.0
2025-05-18,12083,Juego de ollas,Hogar,Bogota,2,68400.0,0.0,En linea,136800.0
2025-05-13,17826,Tapete yoga,Deportes,Bogota,2,26700.0,0.0,Tienda,53400.0
2025-12-15,17466,Bolso cuero,Moda,Barranquilla,2,77500.0,0.0,En linea,155000.0
2025-04-15,11454,Licuadora,Hogar,Barranquilla,1,47000.0,0.15,Tienda,39950.0
2025-02-13,11991,Camiseta basica,Moda,Cali,1,109000.0,0.0,En linea,109000.0
2025-09-09,14278,Tapete yoga,Deportes,Cali,3,20800.0,0.05,Tienda,59280.0
2025-02-18,11098,Licuadora,Hogar,Medellin,4,83400.0,0.05,En linea,316920.0
2025-08-23,18361,Bicicleta estatica,Deportes,Cali,2,50000.0,0.0,En linea,100000.0
2025-12-23,12514,Set de sabanas,Hogar,Medellin,4,52300.0,0.2,En linea,167360.0
2025-02-03,14166,Monitor 24,Tecnologia,Cali,1,253100.0,0.1,En linea,227790.0
2025-02-06,17375,Mancuernas 5kg,Deportes,Medellin,1,50600.0,0.0,Tienda,48070.0
2025-03-04,18732,Balon futbol,Deportes,Medellin,2,44600.0,0.0,En linea,89200.0
2025-12-03,17710,Bolso cuero,Moda,Medellin,1,147300.0,0.15,Tienda,125205.0
2025-04-18,12931,Mancuernas 5kg,Deportes,Medellin,3,42100.0,0.1,Tienda,113670.0
2025-06-15,10938,Chaqueta impermeable,Moda,Barranquilla,4,60100.0,0.0,En linea,240400.0
2025-09-25,12518,Jean slim,Moda,Bogota,4,100600.0,0.0,Tienda,402400.0
2025-12-13,18486,Portatil 14,Tecnologia,Bogota,1,438600.0,0.05,En linea,416670.0
2025-09-06,13868,Jean slim,Moda,Bogota,4,38800.0,0.0,En linea,155200.0
2025-10-03,10250,Jean slim,Moda,Bogota,2,79900.0,0.0,Tienda,159800.0
2025-01-21,16779,Juego de ollas,Hogar,Barranquilla,2,125600.0,0.0,Tienda,251200.0
2025-03-21,16695,Lampara LED,Hogar,Medellin,2,50400.0,0.3,Tienda,70560.0
2025-12-23,16815,Licuadora,Hogar,Bogota,3,82500.0,0.15,Tienda,210375.0
2025-03-18,16863,Balon futbol,Deportes,Bogota,2,74700.0,0.2,En linea,119520.0
2025-03-11,13828,Juego de ollas,Hogar,Cali,3,38500.0,0.1,Tienda,103950.0
2025-08-18,19096,Chaqueta impermeable,Moda,Barranquilla,1,151700.0,0.05,Tienda,144115.0
2025-05-03,19793,Mancuernas 5kg,Deportes,Barranquilla,1,73300.0,0.0,Tienda,73300.0
2025-10-24,13109,Teclado mecanico,Tecnologia,Medellin,1,449200.0,0.05,En linea,426740.0
2025-04-21,11405,Camiseta basica,Moda,Barranquilla,2,85200.0,0.0,En linea,170400.0
2025-10-13,11605,Chaqueta impermeable,Moda,Medellin,1,114100.0,0.1,Tienda,102690.0
2025-10-05,18397,Jean slim,Moda,Cali,4,41200.0,0.2,Tienda,131840.0
2025-03-01,15794,Chaqueta impermeable,Moda,Medellin,4,65300.0,0.0,Tienda,261200.0
2025-05-26,14714,Jean slim,Moda,Medellin,3,23600.0,0.0,En linea,70800.0
2025-09-10,19414,Juego de ollas,Hogar,Medellin,2,125300.0,0.2,En linea,200480.0
2025-03-07,11026,Mancuernas 5kg,Deportes,Medellin,2,22800.0,0.0,En linea,45600.0
2025-04-28,10940,Mancuernas 5kg,Deportes,Cali,1,58800.0,0.1,Tienda,52920.0
2025-02-27,18286,Mancuernas 5kg,Deportes,Medellin,1,78800.0,0.0,Tienda,78800.0
2025-11-02,14402,Set de sabanas,Hogar,Barranquilla,3,110500.0,0.2,Tienda,265200.0
2025-05-23,14529,Set de sabanas,Hogar,Cali,2,72300.0,0.0,En linea,144600.0
2025-10-12,11255,Lampara LED,Hogar,Bogota,2,168700.0,0.0,Tienda,337400.0
2025-07-02,16677,Aspiradora,Hogar,Bogota,3,67500.0,0.0,En linea,202500.0
2025-07-24,16572,Aspiradora,Hogar,Barranquilla,4,69300.0,0.0,Tienda,277200.0
2025-03-12,11859,Licuadora,Hogar,Medellin,2,44400.0,0.1,Tienda,79920.0
2025-07-28,16385,Tenis urbanos,Moda,Bogota,1,53400.0,0.0,Tienda,53400.0
2025-09-19,11376,Bicicleta estatica,Deportes,Medellin,3,33200.0,0.0,En linea,99600.0
2025-08-14,16178,Tablet 10,Tecnologia,Barranquilla,3,508700.0,0.05,Tienda,1449795.0
2025-06-04,11268,Tablet 10,Tecnologia,Barranquilla,1,482500.0,0.05,En linea,458375.0
2025-02-14,19969,Audifonos BT,Tecnologia,Medellin,3,406300.0,0.0,Tienda,1218900.0
2025-09-21,12035,Aspiradora,Hogar,Bogota,2,199200.0,0.05,Tienda,378480.0
2025-10-15,17347,Jean slim,Moda,Bogota,3,36400.0,0.0,En linea,109200.0
2025-03-14,10694,Bolso cuero,Moda,Bogota,3,68100.0,0.05,En linea,194085.0
2025-01-04,11548,Bicicleta estatica,Deportes,Cali,3,28000.0,0.1,Tienda,75600.0
2025-02-26,14113,Juego de ollas,Hogar,Medellin,1,63000.0,0.3,Tienda,44100.0
2025-01-11,15518,Bicicleta estatica,Deportes,Cali,2,115100.0,0.0,Tienda,230200.0
2025-05-27,14239,Bicicleta estatica,Deportes,Medellin,2,59500.0,0.05,Tienda,113050.0
2025-07-21,18392,Aspiradora,Hogar,Medellin,4,143800.0,0.0,En linea,575200.0
2025-07-05,18502,Chaqueta impermeable,Moda,Bogota,3,15500.0,0.0,Tienda,46500.0
2025-10-31,16523,Licuadora,Hogar,Medellin,1,33100.0,0.0,Tienda,33100.0
2025-05-15,12996,Bolso cuero,Moda,Barranquilla,4,47100.0,0.0,Tienda,188400.0
2025-03-19,11697,Licuadora,Hogar,Cali,5,77300.0,0.05,En linea,367175.0
2025-03-31,18211,Set de sabanas,Hogar,Bogota,2,55200.0,0.0,Tienda,110400.0
2025-04-07,15240,Tenis urbanos,Moda,Barranquilla,2,40600.0,0.05,En linea,77140.0
2025-12-19,19772,Mancuernas 5kg,Deportes,Bogota,1,56100.0,0.0,En linea,56100.0
2025-07-22,12598,Licuadora,Hogar,Bogota,4,41000.0,0.1,Tienda,147600.0
2025-01-19,11252,Aspiradora,Hogar,Medellin,4,67200.0,0.1,En linea,241920.0
2025-07-23,13753,Bicicleta estatica,Deportes,Bogota,4,35700.0,0.1,Tienda,128520.0
2025-04-19,10327,Tenis urbanos,Moda,Barranquilla,3,45700.0,0.0,En linea,137100.0
2025-08-05,15055,Bicicleta estatica,Deportes,Cali,1,70100.0,0.0,Tienda,70100.0
2025-07-17,16965,Set de sabanas,Hogar,Cali,4,45200.0,0.0,Tienda,162720.0
2025-02-04,10935,Set de sabanas,Hogar,Barranquilla,4,117300.0,0.0,En linea,469200.0
2025-07-08,19622,Aspiradora,Hogar,Cali,1,75200.0,0.05,Tienda,71440.0
2025-06-23,19568,Chaqueta impermeable,Moda,Medellin,4,78400.0,0.2,En linea,250880.0
2025-11-21,15751,Portatil 14,Tecnologia,Bogota,3,264400.0,0.0,Tienda,793200.0
2025-07-13,17034,Bolso cuero,Moda,Bogota,1,34700.0,0.2,Tienda,27760.0
2025-12-25,10932,Chaqueta impermeable,Moda,Cali,1,60600.0,0.05,Tienda,57570.0
2025-03-04,13993,Lampara LED,Hogar,Bogota,2,93700.0,0.2,En linea,149920.0
2025-11-14,10853,Tablet 10,Tecnologia,Medellin,1,774200.0,0.05,En linea,735490.0
2025-09-09,10762,Camiseta basica,Moda,Barranquilla,2,38600.0,0.1,Tienda,69480.0
2025-08-24,16975,Monitor 24,Tecnologia,Cali,1,167800.0,0.05,Tienda,159410.0
2025-01-10,14003,Tapete yoga,Deportes,Cali,1,71100.0,0.0,Tienda,71100.0
2025-05-28,10429,Juego de ollas,Hogar,Cali,1,140100.0,0.0,Tienda,140100.0
2025-08-07,12122,Bicicleta estatica,Deportes,Medellin,1,48300.0,0.0,Tienda,48300.0
2025-08-23,14668,Tapete yoga,Deportes,Bogota,4,74800.0,0.3,En linea,209440.0
2025-11-26,16251,Bicicleta estatica,Deportes,Medellin,1,34300.0,0.0,Tienda,34300.0
2025-06-12,12789,Tenis urbanos,Moda,Medellin,4,86400.0,0.05,En linea,328320.0
2025-03-24,15932,Portatil 14,Tecnologia,Bogota,3,988500.0,0.1,En linea,2668950.0
2025-06-21,17076,Tenis urbanos,Moda,Medellin,4,64100.0,0.15,En linea,217940.0
2025-11-05,17008,Bicicleta estatica,Deportes,Bogota,4,100800.0,0.15,Tienda,342720.0
2025-12-15,15874,Aspiradora,Hogar,Cali,3,53400.0,0.2,En linea,128160.0
2025-07-08,16191,Tenis urbanos,Moda,Cali,1,90500.0,0.1,En linea,81450.0
2025-01-01,18169,Bicicleta estatica,Deportes,Barranquilla,4,25400.0,0.05,En linea,96520.0
2025-11-07,16608,Chaqueta impermeable,Moda,Bogota,1,94500.0,0.0,En linea,94500.0
2025-11-09,13854,Monitor 24,Tecnologia,Cali,3,537800.0,0.05,Tienda,1532730.0
2025-03-18,10177,Chaqueta impermeable,Moda,Barranquilla,3,102900.0,0.0,En linea,308700.0
2025-09-01,10615,Audifonos BT,Tecnologia,Bogota,2,442900.0,0.0,En linea,885800.0
2025-03-01,12490,Audifonos BT,Tecnologia,Cali,3,143300.0,0.05,En linea,408405.0
2025-09-11,10159,Portatil 14,Tecnologia,Bogota,1,162100.0,0.1,Tienda,145890.0
2025-06-30,17453,Portatil 14,Tecnologia,Bogota,3,233200.0,0.05,En linea,664620.0
2025-01-06,18813,Camiseta basica,Moda,Medellin,2,68100.0,0.0,En linea,136200.0
2025-09-30,19409,Licuadora,Hogar,Cali,2,63900.0,0.0,Tienda,127800.0
2025-11-21,14353,Bolso cuero,Moda,Barranquilla,3,34300.0,0.05,En linea,97755.0
2025-08-09,12297,Jean slim,Moda,Cali,3,68700.0,0.0,Tienda,206100.0
2025-07-20,16433,Jean slim,Moda,Cali,4,35600.0,0.05,En linea,135280.0
2025-12-08,19634,Tablet 10,Tecnologia,Cali,2,362000.0,0.2,En linea,579200.0
2025-10-23,18250,Aspiradora,Hogar,Barranquilla,1,76400.0,0.0,En linea,76400.0
2025-04-14,12718,Portatil 14,Tecnologia,Medellin,1,350700.0,0.0,En linea,350700.0
2025-11-07,15190,Set de sabanas,Hogar,Cali,3,98800.0,0.0,En linea,296400.0
2025-06-06,13143,Juego de ollas,Hogar,Bogota,3,33900.0,0.0,En linea,101700.0
2025-12-13,14348,Aspiradora,Hogar,Cali,3,51700.0,0.0,En linea,155100.0
2025-09-16,14488,Bolso cuero,Moda,Bogota,4,75900.0,0.1,En linea,273240.0
2025-12-16,13524,Bolso cuero,Moda,Barranquilla,3,93200.0,0.0,En linea,279600.0
2025-02-11,11120,Chaqueta impermeable,Moda,Barranquilla,1,129900.0,0.05,En linea,123405.0
2025-05-15,19229,Chaqueta impermeable,Moda,Bogota,3,64500.0,0.05,En linea,183825.0
2025-08-05,14195,Guantes gym,Deportes,Medellin,1,74400.0,0.3,Tienda,52080.0
2025-05-13,17973,Portatil 14,Tecnologia,Bogota,1,223800.0,0.15,Tienda,190230.0
2025-04-19,10677,Guantes gym,Deportes,Medellin,1,111000.0,0.2,En linea,88800.0
2025-01-24,12966,Lampara LED,Hogar,Cali,1,81800.0,0.0,Tienda,81800.0
2025-12-09,17461,Juego de ollas,Hogar,Barranquilla,1,57800.0,0.15,En linea,49130.0
2025-11-06,18854,Bolso cuero,Moda,Barranquilla,4,72600.0,0.1,Tienda,261360.0
2025-09-26,18470,Juego de ollas,Hogar,Barranquilla,2,46600.0,0.1,Tienda,83880.0
2025-10-19,15276,Tenis urbanos,Moda,Barranquilla,4,26000.0,0.0,En linea,104000.0
2025-10-08,11884,Audifonos BT,Tecnologia,Barranquilla,3,166700.0,0.05,Tienda,475095.0
2025-08-09,11259,Jean slim,Moda,Medellin,4,73100.0,0.0,En linea,292400.0
2025-01-29,10274,Teclado mecanico,Tecnologia,Bogota,3,225800.0,0.05,Tienda,643530.0
2025-04-05,17605,Chaqueta impermeable,Moda,Medellin,1,58200.0,0.0,Tienda,58200.0
2025-03-20,13143,Audifonos BT,Tecnologia,Bogota,3,462200.0,0.0,En linea,1386600.0
2025-08-24,17792,Monitor 24,Tecnologia,Medellin,1,210900.0,0.0,Tienda,210900.0
2025-01-01,19292,Bolso cuero,Moda,Bogota,2,57200.0,0.15,En linea,97240.0
2025-04-21,16031,Tablet 10,Tecnologia,Bogota,1,700300.0,0.0,Tienda,595255.0
2025-04-25,19268,Licuadora,Hogar,Medellin,5,38600.0,0.0,Tienda,193000.0
2025-01-08,14192,Guantes gym,Deportes,Cali,4,35900.0,0.1,Tienda,129240.0
2025-02-16,17641,Aspiradora,Hogar,Medellin,4,63600.0,0.05,En linea,241680.0
2025-09-05,16439,Set de sabanas,Hogar,Bogota,3,37200.0,0.05,Tienda,106020.0
2025-08-10,17694,Juego de ollas,Hogar,Bogota,5,86200.0,0.2,Tienda,344800.0
2025-10-26,15486,Set de sabanas,Hogar,Medellin,4,33800.0,0.0,En linea,135200.0
2025-05-14,19314,Jean slim,Moda,Bogota,1,134100.0,0.0,En linea,134100.0
2025-12-23,12326,Tablet 10,Tecnologia,Bogota,1,297300.0,0.05,Tienda,282435.0
2025-06-12,19019,Tablet 10,Tecnologia,Medellin,1,226700.0,0.0,Tienda,226700.0
2025-10-16,13661,Licuadora,Hogar,Bogota,5,54700.0,0.0,Tienda,273500.0
2025-07-19,16556,Portatil 14,Tecnologia,Cali,2,454300.0,0.1,Tienda,817740.0
2025-09-17,15055,Juego de ollas,Hogar,Medellin,2,64200.0,0.05,En linea,121980.0
2025-06-10,18242,Licuadora,Hogar,Cali,2,36500.0,0.0,Tienda,73000.0
2025-04-27,19606,Balon futbol,Deportes,Medellin,1,53200.0,0.1,Tienda,47880.0
2025-01-11,18980,Tenis urbanos,Moda,Bogota,1,42800.0,0.0,En linea,42800.0
2025-04-03,17667,Licuadora,Hogar,Medellin,2,75600.0,0.0,Tienda,151200.0
2025-05-16,17075,Lampara LED,Hogar,Medellin,1,60700.0,0.15,En linea,51595.0
2025-03-17,10099,Monitor 24,Tecnologia,Bogota,1,622900.0,0.1,Tienda,560610.0
2025-04-24,19465,Licuadora,Hogar,Bogota,5,134900.0,0.1,En linea,607050.0
2025-07-09,12742,Chaqueta impermeable,Moda,Bogota,4,85200.0,0.05,En linea,323760.0
2025-06-04,19158,Portatil 14,Tecnologia,Barranquilla,2,476900.0,0.0,En linea,953800.0
2025-09-10,13408,Aspiradora,Hogar,Barranquilla,2,106800.0,0.0,En linea,213600.0
2025-01-06,10306,Lampara LED,Hogar,Medellin,4,34500.0,0.0,En linea,138000.0
2025-12-29,15198,Balon futbol,Deportes,Cali,1,60000.0,0.0,En linea,60000.0
2025-02-18,13695,Chaqueta impermeable,Moda,Bogota,2,61900.0,0.2,Tienda,99040.0
2025-05-06,17596,Mancuernas 5kg,Deportes,Barranquilla,1,186900.0,0.0,Tienda,186900.0
2025-02-20,12092,Guantes gym,Deportes,Medellin,4,47000.0,0.0,Tienda,188000.0
2025-09-26,18365,Chaqueta impermeable,Moda,Cali,1,28100.0,0.0,En linea,28100.0
2025-02-24,12141,Lampara LED,Hogar,Cali,4,31800.0,0.0,En linea,127200.0
2025-11-10,18020,Jean slim,Moda,Bogota,2,51800.0,0.0,Tienda,103600.0
2025-06-11,16300,Teclado mecanico,Tecnologia,Barranquilla,2,182300.0,0.1,Tienda,328140.0
2025-02-05,18502,Tenis urbanos,Moda,Medellin,1,40600.0,0.05,Tienda,38570.0
2025-07-24,18412,Bicicleta estatica,Deportes,Medellin,4,70300.0,0.05,En linea,267140.0
2025-07-28,12299,Guantes gym,Deportes,Cali,1,56800.0,0.05,Tienda,53960.0
2025-06-06,18058,Lampara LED,Hogar,Barranquilla,3,53400.0,0.05,En linea,152190.0
2025-01-08,13561,Juego de ollas,Hogar,Cali,5,97500.0,0.05,En linea,463125.0
2025-05-02,19981,Bolso cuero,Moda,Barranquilla,1,30700.0,0.0,En linea,30700.0
2025-09-01,13379,Jean slim,Moda,Medellin,2,62400.0,0.15,En linea,106080.0
2025-09-16,11742,Bolso cuero,Moda,Medellin,1,67000.0,0.0,Tienda,67000.0
2025-09-28,12368,Camiseta basica,Moda,Barranquilla,4,64800.0,0.0,En linea,259200.0
2025-11-17,11091,Mancuernas 5kg,Deportes,Bogota,1,31500.0,0.1,En linea,28350.0
2025-08-02,12860,Licuadora,Hogar,Cali,1,43000.0,0.0,Tienda,43000.0
2025-09-04,16971,Balon futbol,Deportes,Barranquilla,2,34900.0,0.15,En linea,59330.0
2025-02-01,15076,Lampara LED,Hogar,Barranquilla,2,66300.0,0.05,En linea,125970.0
2025-05-03,11319,Tablet 10,Tecnologia,Bogota,1,346200.0,0.15,Tienda,294270.0
2025-10-31,18582,Juego de ollas,Hogar,Cali,5,77600.0,0.1,En linea,349200.0
2025-05-29,18674,Tapete yoga,Deportes,Barranquilla,1,61600.0,0.1,Tienda,55440.0
2025-09-11,17313,Bicicleta estatica,Deportes,Medellin,4,37000.0,0.15,Tienda,125800.0
2025-07-13,17480,Lampara LED,Hogar,Medellin,5,66700.0,0.0,Tienda,333500.0
2025-09-30,15616,Portatil 14,Tecnologia,Barranquilla,3,305200.0,0.3,Tienda,640920.0
2025-02-08,13417,Jean slim,Moda,Barranquilla,1,39400.0,0.3,Tienda,27580.0
2025-11-01,14019,Portatil 14,Tecnologia,Cali,3,221300.0,0.3,Tienda,464730.0
2025-08-29,16328,Set de sabanas,Hogar,Medellin,3,58500.0,0.0,Tienda,175500.0
2025-02-09,15792,Set de sabanas,Hogar,Cali,5,73400.0,0.0,Tienda,367000.0
2025-07-28,15924,Chaqueta impermeable,Moda,Cali,4,49600.0,0.0,Tienda,198400.0
2025-11-26,14470,Tenis urbanos,Moda,Cali,3,53400.0,0.1,Tienda,144180.0
2025-06-10,16406,Jean slim,Moda,Cali,3,149700.0,0.05,Tienda,426645.0
2025-05-07,16331,Teclado mecanico,Tecnologia,Barranquilla,1,1143000.0,0.05,Tienda,1085850.0
2025-08-17,17816,Aspiradora,Hogar,Cali,2,39000.0,0.0,Tienda,78000.0
2025-04-17,17914,Licuadora,Hogar,Cali,3,33700.0,0.1,Tienda,90990.0
2025-09-12,18572,Bicicleta estatica,Deportes,Cali,2,27900.0,0.05,En linea,53010.0
2025-05-18,13918,Tapete yoga,Deportes,Cali,4,62900.0,0.0,Tienda,251600.0
2025-12-08,18827,Lampara LED,Hogar,Barranquilla,3,105200.0,0.2,Tienda,252480.0
2025-07-14,13648,Juego de ollas,Hogar,Bogota,2,116800.0,0.1,En linea,210240.0
2025-11-01,16091,Bolso cuero,Moda,Medellin,2,59000.0,0.0,En linea,118000.0
2025-03-28,14834,Camiseta basica,Moda,Cali,3,91400.0,0.15,Tienda,233070.0
2025-08-27,16941,Jean slim,Moda,Bogota,1,60900.0,0.05,En linea,57855.0
2025-08-30,12974,Guantes gym,Deportes,Cali,3,34500.0,0.0,Tienda,103500.0
2025-09-01,12375,Monitor 24,Tecnologia,Barranquilla,3,464200.0,0.0,En linea,1392600.0
2025-06-19,15282,Bolso cuero,Moda,Medellin,1,132800.0,0.0,Tienda,132800.0
2025-07-16,15261,Guantes gym,Deportes,Bogota,1,32700.0,0.1,Tienda,29430.0
2025-09-21,19709,Monitor 24,Tecnologia,Cali,3,200200.0,0.15,En linea,510510.0
2025-08-22,12757,Portatil 14,Tecnologia,Bogota,1,336600.0,0.0,Tienda,336600.0
2025-10-29,12700,Bicicleta estatica,Deportes,Medellin,2,32200.0,0.0,Tienda,64400.0
2025-07-13,14721,Tablet 10,Tecnologia,Medellin,1,459200.0,0.15,Tienda,390320.0
2025-02-25,11474,Juego de ollas,Hogar,Bogota,3,134000.0,0.0,Tienda,402000.0
2025-03-01,16200,Mancuernas 5kg,Deportes,Medellin,2,39300.0,0.1,Tienda,70740.0
2025-04-12,12214,Aspiradora,Hogar,Barranquilla,2,62800.0,0.1,En linea,113040.0
2025-02-26,10937,Guantes gym,Deportes,Cali,4,23900.0,0.0,Tienda,95600.0
2025-03-25,17668,Licuadora,Hogar,Barranquilla,1,238100.0,0.0,Tienda,238100.0
2025-06-26,12112,Balon futbol,Deportes,Medellin,3,80100.0,0.15,Tienda,204255.0
2025-06-18,13385,Tenis urbanos,Moda,Cali,1,43000.0,0.0,En linea,43000.0
2025-07-14,16109,Lampara LED,Hogar,Medellin,4,134200.0,0.05,Tienda,509960.0
2025-11-15,12992,Tenis urbanos,Moda,Barranquilla,3,60700.0,0.1,Tienda,163890.0
2025-08-11,12724,Bolso cuero,Moda,Medellin,1,51300.0,0.0,En linea,51300.0
2025-10-31,15739,Juego de ollas,Hogar,Cali,2,28400.0,0.0,Tienda,56800.0
2025-04-30,12317,Camiseta basica,Moda,Barranquilla,4,61900.0,0.1,Tienda,222840.0
2025-06-04,12269,Teclado mecanico,Tecnologia,Medellin,3,574000.0,0.05,Tienda,1635900.0
2025-09-03,10012,Camiseta basica,Moda,Medellin,1,76300.0,0.3,En linea,53410.0
2025-03-17,13001,Guantes gym,Deportes,Cali,2,45300.0,0.15,Tienda,77010.0
2025-03-20,11777,Aspiradora,Hogar,Cali,5,64200.0,0.0,En linea,321000.0
2025-09-12,10985,Juego de ollas,Hogar,Medellin,2,62300.0,0.05,Tienda,118370.0
2025-09-16,18373,Chaqueta impermeable,Moda,Barranquilla,2,49800.0,0.2,En linea,79680.0
2025-09-23,14065,Bicicleta estatica,Deportes,Medellin,3,77200.0,0.0,Tienda,231600.0
2025-04-14,13676,Camiseta basica,Moda,Cali,3,175000.0,0.15,En linea,446250.0
2025-07-23,17040,Set de sabanas,Hogar,Bogota,5,44200.0,0.05,En linea,209950.0
2025-11-08,18068,Teclado mecanico,Tecnologia,Cali,1,268400.0,0.0,En linea,268400.0
2025-07-10,10074,Chaqueta impermeable,Moda,Bogota,2,122700.0,0.0,En linea,245400.0
2025-05-04,13323,Tapete yoga,Deportes,Medellin,3,48500.0,0.0,En linea,145500.0
2025-04-10,17425,Bolso cuero,Moda,Cali,3,71100.0,0.0,Tienda,213300.0
2025-06-06,11450,Audifonos BT,Tecnologia,Bogota,3,156900.0,0.1,En linea,423630.0
2025-10-22,18443,Chaqueta impermeable,Moda,Bogota,2,74300.0,0.0,En linea,148600.0
2025-06-01,12824,Juego de ollas,Hogar,Medellin,2,97200.0,0.15,Tienda,165240.0
2025-07-25,19224,Aspiradora,Hogar,Medellin,4,74600.0,0.15,En linea,253640.0
2025-08-11,15718,Teclado mecanico,Tecnologia,Bogota,2,200400.0,0.0,Tienda,400800.0
2025-06-17,18259,Aspiradora,Hogar,Barranquilla,3,40100.0,0.0,Tienda,96240.0
2025-11-02,12942,Tenis urbanos,Moda,Barranquilla,4,48800.0,0.0,Tienda,195200.0
2025-03-30,17780,Tenis urbanos,Moda,Cali,3,57600.0,0.0,Tienda,172800.0
2025-01-18,18011,Set de sabanas,Hogar,Bogota,1,217100.0,0.0,Tienda,217100.0
2025-10-10,18447,Bolso cuero,Moda,Barranquilla,2,126300.0,0.0,Tienda,252600.0
2025-12-01,13979,Juego de ollas,Hogar,Bogota,1,128200.0,0.0,Tienda,128200.0
2025-06-06,14916,Jean slim,Moda,Medellin,3,41500.0,0.0,En linea,124500.0
2025-08-02,16719,Camiseta basica,Moda,Bogota,1,27200.0,0.05,En linea,25840.0
2025-10-25,11008,Set de sabanas,Hogar,Medellin,4,94600.0,0.0,Tienda,378400.0
2025-03-18,11443,Audifonos BT,Tecnologia,Medellin,3,495800.0,0.05,Tienda,1413030.0
2025-11-27,19682,Teclado mecanico,Tecnologia,Medellin,2,296200.0,0.1,En linea,533160.0
2025-02-26,16592,Chaqueta impermeable,Moda,Medellin,1,64200.0,0.0,Tienda,64200.0
2025-05-24,16436,Tapete yoga,Deportes,Barranquilla,4,34300.0,0.05,En linea,130340.0
2025-06-26,15505,Tapete yoga,Deportes,Bogota,1,57300.0,0.1,Tienda,51570.0
2025-05-27,18037,Licuadora,Hogar,Cali,2,89800.0,0.05,En linea,170620.0
2025-11-18,16355,Set de sabanas,Hogar,Bogota,4,40100.0,0.0,En linea,160400.0
2025-04-02,16417,Tablet 10,Tecnologia,Medellin,1,569200.0,0.15,Tienda,483820.0
2025-03-19,10687,Chaqueta impermeable,Moda,Barranquilla,3,78200.0,0.15,En linea,199410.0
2025-07-21,19740,Tenis urbanos,Moda,Medellin,1,40700.0,0.15,Tienda,34595.0
2025-08-15,13639,Aspiradora,Hogar,Bogota,3,80800.0,0.0,Tienda,242400.0
2025-12-20,18112,Mancuernas 5kg,Deportes,Cali,2,101800.0,0.0,Tienda,203600.0
2025-03-16,15565,Mancuernas 5kg,Deportes,Bogota,2,41700.0,0.0,En linea,83400.0
2025-06-02,15971,Tenis urbanos,Moda,Medellin,1,29700.0,0.1,En linea,26730.0
2025-06-16,19902,Licuadora,Hogar,Barranquilla,4,170900.0,0.05,Tienda,649420.0
2025-03-28,16338,Bicicleta estatica,Deportes,Barranquilla,4,35800.0,0.0,En linea,143200.0
2025-11-09,14928,Balon futbol,Deportes,Bogota,4,39200.0,0.2,Tienda,125440.0
2025-08-07,15208,Juego de ollas,Hogar,Medellin,4,102200.0,0.1,Tienda,367920.0
2025-01-28,18200,Bicicleta estatica,Deportes,Barranquilla,2,44200.0,0.0,Tienda,88400.0
2025-10-28,15247,Juego de ollas,Hogar,Medellin,5,79000.0,0.05,Tienda,375250.0
2025-05-16,19018,Jean slim,Moda,Bogota,3,71300.0,0.0,En linea,213900.0
2025-12-28,17944,Tablet 10,Tecnologia,Barranquilla,3,403400.0,0.0,Tienda,1210200.0
2025-06-16,16589,Juego de ollas,Hogar,Cali,5,82200.0,0.0,Tienda,411000.0
2025-04-30,14867,Jean slim,Moda,Cali,4,48000.0,0.15,Tienda,163200.0
2025-10-26,12939,Juego de ollas,Hogar,Cali,3,144000.0,0.0,En linea,432000.0
2025-01-18,18282,Aspiradora,Hogar,Medellin,4,64000.0,0.1,Tienda,230400.0
2025-01-24,17373,Licuadora,Hogar,Medellin,5,28000.0,0.0,En linea,140000.0
2025-05-31,10511,Portatil 14,Tecnologia,Bogota,3,411800.0,0.0,Tienda,1235400.0
2025-09-28,15082,Lampara LED,Hogar,Barranquilla,3,30700.0,0.05,En linea,87495.0
2025-10-17,10780,Teclado mecanico,Tecnologia,Cali,2,1135400.0,0.05,En linea,2157260.0
2025-08-02,10358,Monitor 24,Tecnologia,Cali,3,399200.0,0.0,Tienda,1197600.0
2025-05-17,17581,Teclado mecanico,Tecnologia,Medellin,3,487500.0,0.15,Tienda,1243125.0
2025-09-14,19138,Camiseta basica,Moda,Medellin,1,65600.0,0.0,Tienda,65600.0
2025-04-25,15106,Tapete yoga,Deportes,Bogota,4,56000.0,0.0,Tienda,224000.0
2025-11-12,10182,Guantes gym,Deportes,Cali,3,29500.0,0.0,Tienda,88500.0
2025-05-22,15061,Camiseta basica,Moda,Bogota,4,62600.0,0.2,Tienda,200320.0
2025-09-24,17013,Juego de ollas,Hogar,Bogota,2,36600.0,0.2,Tienda,58560.0
2025-06-22,12244,Set de sabanas,Hogar,Bogota,4,87800.0,0.05,En linea,333640.0
2025-06-30,16064,Chaqueta impermeable,Moda,Bogota,3,117700.0,0.0,En linea,353100.0
2025-10-28,13765,Chaqueta impermeable,Moda,Bogota,1,59600.0,0.0,En linea,59600.0
2025-06-26,18874,Jean slim,Moda,Bogota,1,30300.0,0.2,Tienda,24240.0
2025-01-21,17850,Mancuernas 5kg,Deportes,Medellin,4,69800.0,0.0,En linea,279200.0
2025-12-15,15090,Camiseta basica,Moda,Bogota,4,67700.0,0.0,Tienda,270800.0
2025-04-18,19159,Monitor 24,Tecnologia,Cali,1,271600.0,0.05,Tienda,258020.0
2025-04-21,11345,Guantes gym,Deportes,Medellin,2,75700.0,0.2,Tienda,121120.0
2025-11-14,16709,Mancuernas 5kg,Deportes,Medellin,1,20400.0,0.2,En linea,16320.0
2025-05-10,18891,Lampara LED,Hogar,Barranquilla,1,113900.0,0.1,En linea,102510.0
2025-03-13,15330,Chaqueta impermeable,Moda,Cali,3,20900.0,0.15,Tienda,53295.0
2025-09-06,13238,Balon futbol,Deportes,Cali,2,90100.0,0.15,Tienda,153170.0
2025-12-29,12767,Portatil 14,Tecnologia,Bogota,3,605300.0,0.0,En linea,1725105.0
2025-12-23,13112,Set de sabanas,Hogar,Bogota,1,28900.0,0.0,Tienda,28900.0
2025-07-17,17578,Bicicleta estatica,Deportes,Medellin,1,93100.0,0.0,Tienda,93100.0
2025-10-05,19734,Bolso cuero,Moda,Barranquilla,4,37200.0,0.0,Tienda,126480.0
2025-01-06,11912,Chaqueta impermeable,Moda,Barranquilla,4,82700.0,0.3,En linea,231560.0
2025-07-17,13689,Licuadora,Hogar,Bogota,5,92400.0,0.1,Tienda,415800.0
2025-07-27,18197,Set de sabanas,Hogar,Medellin,5,50300.0,0.15,En linea,213775.0
2025-10-20,12018,Camiseta basica,Moda,Cali,4,68800.0,0.3,En linea,192640.0
2025-04-19,18934,Balon futbol,Deportes,Medellin,4,62100.0,0.0,Tienda,248400.0
2025-11-17,11186,Guantes gym,Deportes,Barranquilla,3,127500.0,0.0,En linea,382500.0
2025-01-11,17146,Jean slim,Moda,Barranquilla,4,69000.0,0.0,Tienda,262200.0
2025-03-17,18124,Chaqueta impermeable,Moda,Bogota,2,43200.0,0.0,En linea,86400.0
2025-01-07,10486,Set de sabanas,Hogar,Cali,2,67200.0,0.0,En linea,134400.0
2025-04-12,12596,Jean slim,Moda,Bogota,3,102200.0,0.1,En linea,275940.0
2025-04-20,12533,Set de sabanas,Hogar,Medellin,2,204100.0,0.05,En linea,387790.0
2025-05-03,15005,Monitor 24,Tecnologia,Barranquilla,3,545200.0,0.0,En linea,1635600.0
2025-09-05,19281,Audifonos BT,Tecnologia,Medellin,1,528100.0,0.0,Tienda,528100.0
2025-08-15,15042,Set de sabanas,Hogar,Bogota,5,114400.0,0.0,Tienda,572000.0
2025-09-17,19176,Teclado mecanico,Tecnologia,Barranquilla,2,277200.0,0.05,Tienda,526680.0
2025-02-15,15347,Tenis urbanos,Moda,Medellin,4,71500.0,0.0,En linea,286000.0
2025-08-22,17436,Tablet 10,Tecnologia,Cali,3,270000.0,0.0,Tienda,810000.0
2025-09-19,14690,Bicicleta estatica,Deportes,Medellin,3,55800.0,0.15,Tienda,142290.0
2025-11-18,18812,Portatil 14,Tecnologia,Medellin,2,223500.0,0.1,Tienda,402300.0
2025-09-13,17480,Tablet 10,Tecnologia,Cali,1,358700.0,0.0,Tienda,358700.0
2025-02-19,16432,Juego de ollas,Hogar,Barranquilla,2,37900.0,0.1,En linea,68220.0
2025-12-06,19242,Lampara LED,Hogar,Medellin,4,64900.0,0.15,Tienda,220660.0
2025-11-09,11359,Portatil 14,Tecnologia,Barranquilla,1,511300.0,0.05,Tienda,485735.0
2025-02-05,15363,Lampara LED,Hogar,Barranquilla,2,67000.0,0.05,Tienda,127300.0
2025-09-08,13733,Bicicleta estatica,Deportes,Cali,4,55400.0,0.05,Tienda,210520.0
2025-10-02,16453,Juego de ollas,Hogar,Barranquilla,4,75400.0,0.0,Tienda,301600.0
2025-11-09,12090,Set de sabanas,Hogar,Medellin,2,80400.0,0.05,En linea,152760.0
2025-07-16,12384,Chaqueta impermeable,Moda,Medellin,4,48900.0,0.05,Tienda,185820.0
2025-08-10,12356,Portatil 14,Tecnologia,Cali,2,142900.0,0.0,Tienda,285800.0
2025-08-28,18851,Mancuernas 5kg,Deportes,Bogota,1,69800.0,0.15,Tienda,59330.0
2025-07-26,14301,Camiseta basica,Moda,Cali,3,39700.0,0.1,En linea,107190.0
2025-02-05,18240,Aspiradora,Hogar,Medellin,3,49400.0,0.0,En linea,125970.0
2025-06-15,15105,Balon futbol,Deportes,Barranquilla,3,52300.0,0.1,Tienda,141210.0
2025-09-27,10978,Tenis urbanos,Moda,Bogota,4,53900.0,0.0,Tienda,215600.0
2025-09-26,14956,Jean slim,Moda,Medellin,3,77800.0,0.05,Tienda,221730.0
2025-10-25,18574,Bolso cuero,Moda,Bogota,4,43500.0,0.1,En linea,156600.0
2025-01-19,18855,Jean slim,Moda,Cali,3,39500.0,0.0,Tienda,118500.0
2025-12-06,13465,Chaqueta impermeable,Moda,Medellin,4,29000.0,0.15,Tienda,98600.0
2025-04-11,17840,Bicicleta estatica,Deportes,Medellin,2,89700.0,0.15,En linea,152490.0
2025-08-05,13893,Portatil 14,Tecnologia,Bogota,1,164300.0,0.05,En linea,156085.0
2025-03-20,10767,Bolso cuero,Moda,Barranquilla,2,37300.0,0.0,En linea,74600.0
2025-02-10,15937,Camiseta basica,Moda,Bogota,3,45800.0,0.0,Tienda,96180.0
2025-11-23,19817,Jean slim,Moda,Medellin,3,29500.0,0.1,En linea,79650.0
2025-08-21,13322,Teclado mecanico,Tecnologia,Bogota,1,190600.0,0.05,Tienda,181070.0
2025-12-15,15407,Portatil 14,Tecnologia,Bogota,3,336600.0,0.15,Tienda,858330.0
2025-01-08,12756,Jean slim,Moda,Barranquilla,1,38500.0,0.0,En linea,38500.0
2025-01-23,16540,Chaqueta impermeable,Moda,Bogota,3,35200.0,0.3,En linea,73920.0
2025-02-13,18719,Camiseta basica,Moda,Cali,2,61700.0,0.2,Tienda,98720.0
2025-02-21,15167,Juego de ollas,Hogar,Cali,3,104300.0,0.1,En linea,281610.0
2025-02-14,16970,Bolso cuero,Moda,Medellin,4,35700.0,0.05,Tienda,135660.0
2025-06-05,16546,Teclado mecanico,Tecnologia,Bogota,2,713300.0,0.15,Tienda,1212610.0
2025-05-18,11692,Juego de ollas,Hogar,Bogota,3,41500.0,0.05,En linea,118275.0
2025-12-28,16178,Bolso cuero,Moda,Medellin,4,51600.0,0.1,Tienda,185760.0
2025-04-19,18854,Monitor 24,Tecnologia,Cali,3,483500.0,0.05,Tienda,1377975.0
2025-02-05,13655,Mancuernas 5kg,Deportes,Bogota,2,90800.0,0.0,Tienda,181600.0
2025-01-02,14734,Tenis urbanos,Moda,Medellin,4,34600.0,0.1,Tienda,124560.0
2025-10-04,18940,Teclado mecanico,Tecnologia,Bogota,2,183000.0,0.15,En linea,311100.0
2025-04-05,15398,Lampara LED,Hogar,Bogota,4,63800.0,0.3,Tienda,178640.0
2025-03-04,19505,Juego de ollas,Hogar,Medellin,1,53200.0,0.05,Tienda,50540.0
2025-11-26,10028,Camiseta basica,Moda,Medellin,2,77000.0,0.3,Tienda,107800.0
2025-07-09,12746,Aspiradora,Hogar,Bogota,2,51900.0,0.0,En linea,103800.0
2025-10-10,16728,Bolso cuero,Moda,Bogota,1,63700.0,0.0,Tienda,63700.0
2025-06-04,10073,Licuadora,Hogar,Medellin,2,61600.0,0.2,Tienda,98560.0
2025-04-21,15964,Teclado mecanico,Tecnologia,Cali,2,263600.0,0.05,En linea,500840.0
2025-05-04,16891,Teclado mecanico,Tecnologia,Barranquilla,3,663700.0,0.1,Tienda,1791990.0
2025-02-26,13227,Camiseta basica,Moda,Barranquilla,1,119200.0,0.05,En linea,113240.0
2025-04-30,15086,Guantes gym,Deportes,Barranquilla,4,64100.0,0.2,En linea,205120.0
2025-08-27,19513,Licuadora,Hogar,Medellin,4,32300.0,0.1,Tienda,116280.0
2025-01-01,14433,Lampara LED,Hogar,Bogota,2,61300.0,0.15,Tienda,104210.0
2025-11-28,13060,Lampara LED,Hogar,Medellin,2,123100.0,0.1,En linea,221580.0
2025-11-10,16100,Camiseta basica,Moda,Barranquilla,4,74500.0,0.0,Tienda,298000.0
2025-03-10,17099,Licuadora,Hogar,Medellin,5,93300.0,0.15,Tienda,396525.0
2025-09-16,10187,Chaqueta impermeable,Moda,Medellin,2,30200.0,0.2,En linea,48320.0
2025-06-02,15144,Lampara LED,Hogar,Bogota,1,80800.0,0.3,En linea,56560.0
2025-11-03,10455,Tablet 10,Tecnologia,Medellin,2,268300.0,0.0,Tienda,536600.0
2025-06-12,10408,Guantes gym,Deportes,Cali,4,43200.0,0.0,En linea,172800.0
2025-02-27,12605,Monitor 24,Tecnologia,Medellin,2,319300.0,0.0,En linea,638600.0
2025-09-11,17928,Tenis urbanos,Moda,Bogota,4,51500.0,0.0,Tienda,206000.0
2025-03-16,17216,Lampara LED,Hogar,Barranquilla,1,64200.0,0.0,Tienda,64200.0
2025-05-05,17707,Juego de ollas,Hogar,Bogota,2,29500.0,0.0,En linea,53100.0
2025-08-03,13138,Portatil 14,Tecnologia,Medellin,1,518100.0,0.2,En linea,414480.0
2025-06-03,10879,Camiseta basica,Moda,Bogota,1,82700.0,0.2,Tienda,66160.0
2025-07-11,18687,Set de sabanas,Hogar,Medellin,4,51000.0,0.2,Tienda,163200.0
2025-04-04,11444,Portatil 14,Tecnologia,Bogota,2,404000.0,0.05,Tienda,767600.0
2025-02-20,18235,Mancuernas 5kg,Deportes,Medellin,2,34100.0,0.05,Tienda,64790.0
2025-03-24,15338,Camiseta basica,Moda,Barranquilla,2,52700.0,0.15,Tienda,89590.0
2025-05-24,17024,Set de sabanas,Hogar,Bogota,2,59800.0,0.0,Tienda,119600.0
2025-04-12,19436,Bolso cuero,Moda,Barranquilla,4,81700.0,0.0,Tienda,326800.0
2025-01-31,10753,Guantes gym,Deportes,Medellin,3,19600.0,0.0,En linea,58800.0
2025-02-08,19617,Jean slim,Moda,Bogota,1,79000.0,0.1,Tienda,71100.0
2025-04-11,11840,Mancuernas 5kg,Deportes,Barranquilla,2,35000.0,0.1,Tienda,63000.0
2025-01-22,19911,Monitor 24,Tecnologia,Cali,2,494300.0,0.0,En linea,988600.0
2025-10-26,17714,Bolso cuero,Moda,Medellin,1,49400.0,0.2,En linea,39520.0
2025-03-09,11070,Mancuernas 5kg,Deportes,Bogota,2,49900.0,0.1,Tienda,89820.0
2025-08-22,17817,Licuadora,Hogar,Medellin,1,79800.0,0.2,En linea,63840.0
2025-03-13,13685,Mancuernas 5kg,Deportes,Bogota,3,52200.0,0.0,En linea,156600.0
2025-12-02,18168,Chaqueta impermeable,Moda,Cali,3,76500.0,0.1,En linea,206550.0
2025-03-18,15553,Tablet 10,Tecnologia,Medellin,2,283500.0,0.1,Tienda,510300.0
2025-06-03,10399,Mancuernas 5kg,Deportes,Bogota,2,44100.0,0.0,Tienda,88200.0
2025-06-27,14394,Portatil 14,Tecnologia,Barranquilla,3,344000.0,0.0,En linea,1032000.0
2025-03-04,13262,Set de sabanas,Hogar,Medellin,4,24000.0,0.0,Tienda,96000.0
2025-04-06,10122,Monitor 24,Tecnologia,Medellin,2,453600.0,0.0,Tienda,907200.0
2025-11-16,19273,Licuadora,Hogar,Cali,3,54200.0,0.0,Tienda,162600.0
2025-03-31,16657,Tenis urbanos,Moda,Cali,2,56500.0,0.0,Tienda,113000.0
2025-03-24,19042,Licuadora,Hogar,Cali,2,32700.0,0.0,En linea,65400.0
2025-03-11,17727,Balon futbol,Deportes,Bogota,3,118200.0,0.0,Tienda,354600.0
2025-11-11,18718,Audifonos BT,Tecnologia,Bogota,2,460400.0,0.15,En linea,782680.0
2025-06-24,11639,Licuadora,Hogar,Medellin,3,122200.0,0.0,Tienda,366600.0
2025-01-05,19523,Camiseta basica,Moda,Barranquilla,2,32700.0,0.0,Tienda,65400.0
2025-05-02,13053,Bicicleta estatica,Deportes,Barranquilla,2,47000.0,0.15,Tienda,79900.0
2025-09-11,11460,Camiseta basica,Moda,Bogota,1,52400.0,0.1,En linea,47160.0
2025-04-17,14399,Lampara LED,Hogar,Cali,4,72200.0,0.15,En linea,245480.0
2025-01-25,17343,Aspiradora,Hogar,Medellin,5,123000.0,0.0,Tienda,615000.0
2025-11-27,13705,Tapete yoga,Deportes,Medellin,4,39300.0,0.0,En linea,157200.0
2025-04-20,15746,Tenis urbanos,Moda,Barranquilla,2,68700.0,0.0,Tienda,137400.0
2025-10-07,11004,Tenis urbanos,Moda,Barranquilla,2,92800.0,0.05,En linea,176320.0
2025-06-09,15769,Guantes gym,Deportes,Medellin,4,58600.0,0.0,Tienda,234400.0
2025-06-17,12890,Set de sabanas,Hogar,Cali,1,59400.0,0.05,En linea,56430.0
2025-11-13,11680,Bolso cuero,Moda,Medellin,1,73000.0,0.0,En linea,73000.0
2025-08-11,19179,Juego de ollas,Hogar,Bogota,3,77000.0,0.0,Tienda,231000.0
2025-12-17,10777,Bicicleta estatica,Deportes,Medellin,4,47900.0,0.05,Tienda,182020.0
2025-07-13,19351,Lampara LED,Hogar,Bogota,2,74000.0,0.1,Tienda,133200.0
2025-01-26,12423,Juego de ollas,Hogar,Barranquilla,3,45100.0,0.0,En linea,135300.0
2025-06-11,17238,Chaqueta impermeable,Moda,Medellin,2,96200.0,0.1,Tienda,173160.0
2025-12-26,14679,Camiseta basica,Moda,Cali,4,53300.0,0.1,Tienda,191880.0
2025-11-01,11421,Lampara LED,Hogar,Barranquilla,3,52800.0,0.0,Tienda,158400.0
2025-05-15,17997,Aspiradora,Hogar,Barranquilla,4,40000.0,0.05,Tienda,152000.0
2025-05-20,15316,Chaqueta impermeable,Moda,Bogota,1,39600.0,0.0,Tienda,39600.0
2025-03-27,12088,Bolso cuero,Moda,Medellin,4,150700.0,0.1,En linea,542520.0
2025-10-16,18174,Audifonos BT,Tecnologia,Cali,3,272200.0,0.3,En linea,571620.0
2025-10-03,19102,Balon futbol,Deportes,Medellin,1,62000.0,0.05,En linea,58900.0
2025-07-27,10925,Tapete yoga,Deportes,Medellin,4,76500.0,0.15,Tienda,260100.0
2025-01-28,12693,Audifonos BT,Tecnologia,Medellin,2,368500.0,0.05,Tienda,700150.0
2025-08-04,16947,Licuadora,Hogar,Cali,1,266300.0,0.15,En linea,226355.0
2025-02-01,19255,Guantes gym,Deportes,Medellin,2,86500.0,0.0,En linea,173000.0
2025-03-26,15610,Mancuernas 5kg,Deportes,Cali,3,33600.0,0.0,Tienda,100800.0
2025-05-19,14780,Camiseta basica,Moda,Bogota,2,64400.0,0.0,Tienda,128800.0
2025-10-01,14484,Jean slim,Moda,Barranquilla,3,89600.0,0.15,En linea,228480.0
2025-01-16,16349,Licuadora,Hogar,Medellin,1,77700.0,0.0,En linea,77700.0
2025-10-26,18589,Guantes gym,Deportes,Cali,1,52200.0,0.1,Tienda,46980.0
2025-06-21,16931,Jean slim,Moda,Bogota,1,54100.0,0.3,Tienda,37870.0
2025-08-28,12649,Aspiradora,Hogar,Medellin,4,51800.0,0.1,En linea,186480.0
2025-05-03,10661,Camiseta basica,Moda,Medellin,4,153300.0,0.0,Tienda,613200.0
2025-10-27,17202,Jean slim,Moda,Medellin,2,58500.0,0.0,Tienda,117000.0
2025-03-28,17368,Juego de ollas,Hogar,Cali,5,77800.0,0.3,En linea,272300.0
2025-01-09,19932,Bicicleta estatica,Deportes,Medellin,2,22500.0,0.0,En linea,45000.0
2025-01-15,17166,Tenis urbanos,Moda,Barranquilla,4,49000.0,0.15,Tienda,166600.0
2025-10-06,12136,Camiseta basica,Moda,Medellin,3,52900.0,0.2,Tienda,126960.0
2025-05-03,11993,Set de sabanas,Hogar,Medellin,3,114000.0,0.15,En linea,290700.0
2025-05-16,19974,Tapete yoga,Deportes,Medellin,2,50300.0,0.0,En linea,100600.0
2025-04-22,19448,Juego de ollas,Hogar,Barranquilla,5,25400.0,0.0,En linea,127000.0
2025-01-16,17225,Bicicleta estatica,Deportes,Cali,3,53300.0,0.0,En linea,159900.0
2025-09-23,13779,Portatil 14,Tecnologia,Medellin,2,95300.0,0.15,Tienda,162010.0
2025-06-28,13548,Tenis urbanos,Moda,Bogota,1,39400.0,0.0,Tienda,39400.0
2025-06-14,16208,Aspiradora,Hogar,Cali,4,94800.0,0.0,Tienda,379200.0
2025-02-14,10043,Monitor 24,Tecnologia,Cali,3,347000.0,0.0,En linea,1041000.0
2025-10-18,10351,Aspiradora,Hogar,Barranquilla,3,64600.0,0.0,En linea,193800.0
2025-07-09,12974,Audifonos BT,Tecnologia,Medellin,2,243600.0,0.1,Tienda,438480.0
2025-10-09,15078,Bolso cuero,Moda,Bogota,3,66600.0,0.0,Tienda,199800.0
2025-07-16,17175,Lampara LED,Hogar,Bogota,3,86100.0,0.0,En linea,258300.0
2025-02-03,19792,Tablet 10,Tecnologia,Barranquilla,1,401400.0,0.3,Tienda,280980.0
2025-07-18,10548,Balon futbol,Deportes,Medellin,3,50400.0,0.0,En linea,136080.0
2025-05-04,19169,Set de sabanas,Hogar,Medellin,4,99700.0,0.0,Tienda,358920.0
2025-10-01,12456,Lampara LED,Hogar,Cali,4,47300.0,0.1,Tienda,170280.0
2025-08-03,11523,Set de sabanas,Hogar,Bogota,5,130000.0,0.1,En linea,585000.0
2025-12-26,12521,Set de sabanas,Hogar,Cali,1,79600.0,0.0,Tienda,79600.0
2025-03-19,17599,Bicicleta estatica,Deportes,Cali,2,94700.0,0.0,En linea,189400.0
2025-12-19,14570,Balon futbol,Deportes,Bogota,4,34800.0,0.0,En linea,139200.0
2025-01-02,18104,Teclado mecanico,Tecnologia,Bogota,1,234300.0,0.0,Tienda,234300.0
2025-08-10,13809,Bolso cuero,Moda,Cali,1,27800.0,0.1,En linea,25020.0
2025-03-11,10460,Tapete yoga,Deportes,Barranquilla,4,46000.0,0.2,En linea,147200.0
2025-08-22,10808,Guantes gym,Deportes,Medellin,2,79500.0,0.0,En linea,159000.0
2025-01-15,17952,Guantes gym,Deportes,Barranquilla,4,63300.0,0.1,En linea,227880.0
2025-05-14,10874,Portatil 14,Tecnologia,Cali,1,313200.0,0.15,En linea,266220.0
2025-09-25,10133,Tapete yoga,Deportes,Bogota,3,33900.0,0.05,En linea,96615.0
2025-09-26,12800,Chaqueta impermeable,Moda,Medellin,3,35900.0,0.0,Tienda,107700.0
2025-07-01,14348,Aspiradora,Hogar,Bogota,4,66000.0,0.0,Tienda,264000.0
2025-06-13,11458,Camiseta basica,Moda,Cali,3,72200.0,0.0,En linea,216600.0
2025-11-22,13425,Balon futbol,Deportes,Barranquilla,3,19400.0,0.2,Tienda,46560.0
2025-02-26,17918,Monitor 24,Tecnologia,Medellin,1,227000.0,0.15,En linea,192950.0
2025-01-10,10796,Camiseta basica,Moda,Cali,2,38300.0,0.1,Tienda,68940.0
2025-10-20,12137,Bolso cuero,Moda,Bogota,3,162700.0,0.0,En linea,488100.0
2025-07-19,15459,Tenis urbanos,Moda,Bogota,3,42600.0,0.0,Tienda,121410.0
2025-02-17,17980,Camiseta basica,Moda,Cali,2,36300.0,0.1,Tienda,65340.0
2025-06-18,18862,Jean slim,Moda,Cali,2,19100.0,0.2,Tienda,30560.0
2025-05-31,12543,Lampara LED,Hogar,Cali,4,63100.0,0.15,Tienda,214540.0
2025-12-06,12323,Tablet 10,Tecnologia,Bogota,2,465000.0,0.2,Tienda,744000.0
2025-04-10,15284,Jean slim,Moda,Bogota,1,70300.0,0.05,Tienda,66785.0
2025-10-23,16580,Juego de ollas,Hogar,Medellin,4,134000.0,0.3,Tienda,375200.0
2025-06-24,13604,Tenis urbanos,Moda,Bogota,3,69500.0,0.0,Tienda,208500.0
2025-07-01,16253,Tapete yoga,Deportes,Barranquilla,4,127200.0,0.15,En linea,432480.0
2025-11-08,19960,Jean slim,Moda,Cali,4,32500.0,0.05,Tienda,123500.0
2025-10-02,14777,Licuadora,Hogar,Cali,4,51600.0,0.0,En linea,206400.0
2025-07-07,16494,Tenis urbanos,Moda,Barranquilla,3,55700.0,0.2,En linea,133680.0
2025-08-18,19009,Jean slim,Moda,Medellin,3,113100.0,0.1,Tienda,305370.0
2025-10-12,15769,Lampara LED,Hogar,Barranquilla,4,64400.0,0.15,En linea,218960.0
2025-12-19,16340,Aspiradora,Hogar,Bogota,4,30100.0,0.0,Tienda,120400.0
2025-04-03,15435,Aspiradora,Hogar,Barranquilla,1,79400.0,0.2,Tienda,63520.0
2025-05-30,19807,Lampara LED,Hogar,Bogota,3,127600.0,0.1,En linea,344520.0
2025-11-09,19361,Bolso cuero,Moda,Barranquilla,1,46300.0,0.05,Tienda,43985.0
2025-06-03,18954,Lampara LED,Hogar,Medellin,4,124100.0,0.0,Tienda,496400.0
2025-09-17,13724,Juego de ollas,Hogar,Medellin,5,51600.0,0.15,Tienda,219300.0
2025-07-11,19121,Tenis urbanos,Moda,Medellin,4,59700.0,0.15,Tienda,202980.0
2025-08-07,17760,Licuadora,Hogar,Bogota,5,79600.0,0.05,Tienda,378100.0
2025-08-06,17701,Jean slim,Moda,Cali,1,105900.0,0.05,Tienda,100605.0
2025-09-25,17898,Jean slim,Moda,Medellin,2,59000.0,0.0,En linea,118000.0
2025-07-23,16661,Portatil 14,Tecnologia,Bogota,1,789100.0,0.15,En linea,670735.0
2025-11-30,15678,Aspiradora,Hogar,Cali,3,61700.0,0.05,Tienda,175845.0
2025-11-01,11219,Tablet 10,Tecnologia,Cali,3,304000.0,0.1,Tienda,820800.0
2025-03-21,15128,Teclado mecanico,Tecnologia,Barranquilla,3,274200.0,0.05,En linea,781470.0
2025-10-07,12526,Mancuernas 5kg,Deportes,Barranquilla,1,63500.0,0.05,En linea,60325.0
2025-06-18,17017,Teclado mecanico,Tecnologia,Cali,2,938800.0,0.0,Tienda,1877600.0
2025-02-19,14485,Bicicleta estatica,Deportes,Medellin,3,62600.0,0.0,Tienda,187800.0
2025-07-18,18265,Portatil 14,Tecnologia,Bogota,2,353300.0,0.0,Tienda,706600.0
2025-08-10,13558,Bicicleta estatica,Deportes,Medellin,2,23200.0,0.0,En linea,46400.0
2025-07-27,18155,Teclado mecanico,Tecnologia,Bogota,2,345100.0,0.1,Tienda,621180.0
2025-09-12,16068,Juego de ollas,Hogar,Cali,2,66100.0,0.1,Tienda,118980.0
2025-12-27,15066,Set de sabanas,Hogar,Medellin,2,52200.0,0.15,Tienda,88740.0
2025-12-16,17157,Balon futbol,Deportes,Cali,1,142500.0,0.05,En linea,135375.0
2025-05-11,18590,Tenis urbanos,Moda,Cali,3,109900.0,0.05,En linea,313215.0
2025-01-02,14417,Audifonos BT,Tecnologia,Bogota,3,297600.0,0.15,En linea,758880.0
2025-09-20,14560,Chaqueta impermeable,Moda,Barranquilla,2,67100.0,0.05,Tienda,127490.0
2025-02-21,13827,Bolso cuero,Moda,Bogota,4,73000.0,0.0,Tienda,292000.0
2025-05-01,17139,Guantes gym,Deportes,Cali,2,29600.0,0.0,Tienda,59200.0
2025-06-07,19953,Bolso cuero,Moda,Barranquilla,2,43700.0,0.0,Tienda,87400.0
2025-08-15,10039,Bicicleta estatica,Deportes,Bogota,1,90100.0,0.0,En linea,90100.0
2025-06-22,12041,Aspiradora,Hogar,Bogota,3,63800.0,0.2,En linea,153120.0
2025-04-19,16535,Camiseta basica,Moda,Cali,1,45800.0,0.0,Tienda,45800.0
2025-06-22,13917,Chaqueta impermeable,Moda,Bogota,3,75000.0,0.1,En linea,202500.0
2025-05-07,12750,Camiseta basica,Moda,Medellin,3,136200.0,0.1,En linea,367740.0
2025-10-25,16624,Lampara LED,Hogar,Bogota,3,141800.0,0.05,En linea,404130.0
2025-07-16,14744,Camiseta basica,Moda,Bogota,2,37600.0,0.15,Tienda,63920.0
2025-01-27,18499,Monitor 24,Tecnologia,Cali,3,345800.0,0.05,Tienda,985530.0
2025-12-03,13323,Bicicleta estatica,Deportes,Barranquilla,2,47700.0,0.0,Tienda,95400.0
2025-06-06,10424,Licuadora,Hogar,Cali,2,40800.0,0.0,Tienda,81600.0
2025-03-24,12645,Monitor 24,Tecnologia,Medellin,3,341500.0,0.0,Tienda,1024500.0
2025-02-10,12942,Guantes gym,Deportes,Bogota,2,116200.0,0.3,Tienda,162680.0
2025-06-18,14904,Teclado mecanico,Tecnologia,Bogota,3,258600.0,0.0,Tienda,775800.0
2025-08-20,15858,Aspiradora,Hogar,Medellin,4,156100.0,0.1,Tienda,561960.0
2025-01-21,14412,Licuadora,Hogar,Cali,1,199600.0,0.0,Tienda,199600.0
2025-08-29,13444,Jean slim,Moda,Bogota,3,132800.0,0.1,Tienda,358560.0
2025-02-03,14274,Juego de ollas,Hogar,Cali,2,77900.0,0.05,En linea,148010.0
2025-08-25,14526,Tenis urbanos,Moda,Cali,1,74000.0,0.0,Tienda,74000.0
2025-05-26,13053,Guantes gym,Deportes,Barranquilla,4,91400.0,0.05,Tienda,347320.0
2025-04-21,10701,Camiseta basica,Moda,Medellin,1,56900.0,0.0,En linea,56900.0
2025-01-21,17468,Bicicleta estatica,Deportes,Medellin,1,68900.0,0.1,Tienda,62010.0
2025-07-12,16077,Camiseta basica,Moda,Medellin,3,61200.0,0.0,Tienda,183600.0
2025-01-26,13622,Tenis urbanos,Moda,Cali,4,35400.0,0.0,Tienda,141600.0
2025-03-05,18017,Portatil 14,Tecnologia,Cali,3,1007400.0,0.1,En linea,2719980.0
2025-08-18,16482,Aspiradora,Hogar,Bogota,5,100600.0,0.0,Tienda,503000.0
2025-07-07,14028,Chaqueta impermeable,Moda,Cali,1,31600.0,0.0,Tienda,31600.0
2025-06-21,18778,Bolso cuero,Moda,Cali,4,62100.0,0.0,Tienda,248400.0
2025-05-11,18863,Camiseta basica,Moda,Cali,2,71000.0,0.15,Tienda,120700.0
2025-12-14,16533,Licuadora,Hogar,Medellin,2,148600.0,0.0,En linea,297200.0
2025-05-28,18980,Monitor 24,Tecnologia,Bogota,1,309100.0,0.0,Tienda,309100.0
2025-05-25,12729,Teclado mecanico,Tecnologia,Cali,1,333000.0,0.1,Tienda,299700.0
2025-02-04,16666,Audifonos BT,Tecnologia,Bogota,3,451000.0,0.0,Tienda,1353000.0
2025-10-21,10889,Tenis urbanos,Moda,Barranquilla,3,97800.0,0.0,Tienda,293400.0
2025-07-06,18156,Balon futbol,Deportes,Cali,4,27700.0,0.0,Tienda,110800.0
2025-10-31,13867,Aspiradora,Hogar,Medellin,3,59600.0,0.1,Tienda,160920.0
2025-09-24,11100,Teclado mecanico,Tecnologia,Medellin,2,136400.0,0.0,Tienda,272800.0
2025-04-07,19714,Chaqueta impermeable,Moda,Bogota,1,87300.0,0.0,Tienda,87300.0
2025-07-05,12409,Audifonos BT,Tecnologia,Medellin,1,366400.0,0.05,Tienda,348080.0
2025-01-20,19052,Aspiradora,Hogar,Medellin,5,234800.0,0.15,Tienda,997900.0
2025-04-30,19470,Mancuernas 5kg,Deportes,Medellin,3,47400.0,0.0,Tienda,142200.0
2025-11-17,11316,Monitor 24,Tecnologia,Medellin,3,173100.0,0.15,En linea,441405.0
2025-10-22,18869,Licuadora,Hogar,Medellin,1,70600.0,0.05,Tienda,67070.0
2025-04-16,18701,Camiseta basica,Moda,Cali,3,58400.0,0.0,En linea,175200.0
2025-11-18,16261,Balon futbol,Deportes,Medellin,4,23500.0,0.0,Tienda,94000.0
2025-05-31,17684,Licuadora,Hogar,Bogota,1,154800.0,0.0,Tienda,154800.0
2025-05-11,14773,Bolso cuero,Moda,Medellin,2,102000.0,0.05,Tienda,193800.0
2025-05-03,15222,Chaqueta impermeable,Moda,Bogota,3,45200.0,0.05,Tienda,128820.0
2025-06-24,14701,Lampara LED,Hogar,Medellin,4,29800.0,0.1,En linea,107280.0
2025-06-20,18497,Bicicleta estatica,Deportes,Cali,2,47600.0,0.0,Tienda,95200.0
2025-10-13,14290,Camiseta basica,Moda,Cali,2,60400.0,0.15,En linea,102680.0
2025-03-24,13537,Tapete yoga,Deportes,Cali,4,58600.0,0.15,Tienda,199240.0
2025-11-03,15099,Tenis urbanos,Moda,Bogota,3,78600.0,0.0,Tienda,235800.0
2025-03-04,19987,Tablet 10,Tecnologia,Bogota,3,381600.0,0.2,Tienda,915840.0
2025-09-28,17455,Tablet 10,Tecnologia,Cali,3,244300.0,0.15,En linea,622965.0
2025-11-08,11576,Jean slim,Moda,Medellin,3,54100.0,0.0,Tienda,162300.0
2025-09-09,15307,Guantes gym,Deportes,Medellin,2,42400.0,0.0,Tienda,84800.0
2025-09-26,16314,Chaqueta impermeable,Moda,Medellin,3,42400.0,0.1,En linea,114480.0
2025-12-24,16268,Tenis urbanos,Moda,Medellin,1,94900.0,0.0,En linea,94900.0
2025-04-12,10968,Jean slim,Moda,Medellin,1,77100.0,0.1,Tienda,69390.0
2025-05-03,15721,Juego de ollas,Hogar,Bogota,3,58100.0,0.05,En linea,165585.0
2025-04-27,11883,Lampara LED,Hogar,Bogota,2,51700.0,0.0,Tienda,103400.0
2025-11-09,18493,Balon futbol,Deportes,Bogota,4,54100.0,0.05,Tienda,205580.0
2025-02-08,12712,Teclado mecanico,Tecnologia,Cali,3,861900.0,0.0,En linea,2585700.0
2025-12-25,14901,Portatil 14,Tecnologia,Medellin,500,3200000.0,0.0,Tienda,12450000.0
2025-11-16,12406,Balon futbol,Deportes,Medellin,1,40700.0,0.0,Tienda,40700.0
2025-09-27,13550,Chaqueta impermeable,Moda,Cali,3,80400.0,0.2,Tienda,192960.0
2025-02-17,16489,Lampara LED,Hogar,Bogota,5,115800.0,0.05,En linea,550050.0
2025-05-20,15119,Mancuernas 5kg,Deportes,Medellin,2,81400.0,0.0,Tienda,162800.0
2025-01-13,11305,Tablet 10,Tecnologia,Bogota,2,445300.0,0.05,Tienda,846070.0
2025-11-29,13503,Monitor 24,Tecnologia,Barranquilla,1,459300.0,0.2,Tienda,367440.0
2025-02-09,15828,Teclado mecanico,Tecnologia,Bogota,2,539400.0,0.3,En linea,755160.0
2025-06-04,13445,Bicicleta estatica,Deportes,Barranquilla,4,40400.0,0.1,Tienda,145440.0
2025-12-08,10203,Audifonos BT,Tecnologia,Barranquilla,2,533300.0,0.15,Tienda,906610.0
2025-05-25,19340,Teclado mecanico,Tecnologia,Cali,2,860600.0,0.05,En linea,1635140.0
2025-04-25,18224,Jean slim,Moda,Cali,1,74600.0,0.0,Tienda,74600.0
2025-08-29,18350,Lampara LED,Hogar,Medellin,3,113900.0,0.3,Tienda,239190.0
2025-07-23,16924,Bolso cuero,Moda,Medellin,2,112500.0,0.3,Tienda,157500.0
2025-03-09,15914,Tenis urbanos,Moda,Barranquilla,2,157500.0,0.0,Tienda,315000.0
2025-11-08,12593,Guantes gym,Deportes,Medellin,1,44400.0,0.2,Tienda,35520.0
2025-03-23,13429,Guantes gym,Deportes,Cali,3,40900.0,0.1,Tienda,110430.0
2025-10-24,16517,Teclado mecanico,Tecnologia,Medellin,1,287400.0,0.05,Tienda,273030.0
2025-12-09,16757,Licuadora,Hogar,Medellin,2,58700.0,0.05,En linea,111530.0
2025-03-28,17519,Lampara LED,Hogar,Cali,3,51200.0,0.2,En linea,122880.0
2025-05-23,11890,Audifonos BT,Tecnologia,Bogota,2,258300.0,0.15,En linea,439110.0
2025-07-17,13439,Jean slim,Moda,Medellin,3,75100.0,0.0,Tienda,225300.0
2025-01-16,18910,Tablet 10,Tecnologia,Medellin,3,273000.0,0.0,Tienda,819000.0
2025-08-30,12208,Lampara LED,Hogar,Cali,5,84700.0,0.05,Tienda,402325.0
2025-11-13,16043,Tapete yoga,Deportes,Barranquilla,2,17300.0,0.1,En linea,31140.0
2025-05-24,16365,Camiseta basica,Moda,Medellin,4,63500.0,0.05,Tienda,241300.0
2025-02-15,13321,Jean slim,Moda,Barranquilla,2,114900.0,0.0,En linea,229800.0
2025-07-14,10049,Juego de ollas,Hogar,Medellin,2,46100.0,0.05,En linea,87590.0
2025-12-01,12783,Tapete yoga,Deportes,Cali,4,67000.0,0.1,Tienda,241200.0
2025-03-17,17539,Audifonos BT,Tecnologia,Bogota,3,118100.0,0.0,Tienda,354300.0
2025-06-20,16308,Lampara LED,Hogar,Barranquilla,2,218700.0,0.0,Tienda,437400.0
2025-08-07,14270,Balon futbol,Deportes,Medellin,4,34900.0,0.2,Tienda,111680.0
2025-08-26,11049,Set de sabanas,Hogar,Medellin,5,39200.0,0.0,Tienda,196000.0
2025-10-29,18689,Lampara LED,Hogar,Bogota,1,44300.0,0.0,Tienda,44300.0
2025-06-14,15959,Lampara LED,Hogar,Bogota,3,60200.0,0.0,Tienda,180600.0
2025-08-29,17618,Tenis urbanos,Moda,Medellin,4,45700.0,0.0,En linea,182800.0
2025-11-07,18692,Jean slim,Moda,Barranquilla,3,43300.0,0.0,Tienda,129900.0
2025-10-19,15738,Camiseta basica,Moda,Medellin,3,25400.0,0.0,Tienda,76200.0
2025-11-30,12588,Portatil 14,Tecnologia,Bogota,1,283600.0,0.0,Tienda,283600.0
2025-03-26,15964,Monitor 24,Tecnologia,Barranquilla,2,172500.0,0.3,En linea,241500.0
2025-06-20,18533,Portatil 14,Tecnologia,Barranquilla,1,326600.0,0.15,En linea,277610.0
2025-09-25,12718,Jean slim,Moda,Bogota,2,31900.0,0.0,En linea,63800.0
2025-04-06,19720,Lampara LED,Hogar,Cali,4,34300.0,0.1,En linea,123480.0
2025-01-12,12910,Set de sabanas,Hogar,Barranquilla,5,55200.0,0.0,Tienda,276000.0
2025-10-12,17704,Monitor 24,Tecnologia,Bogota,3,406900.0,0.0,En linea,1220700.0
2025-12-30,11019,Lampara LED,Hogar,Barranquilla,2,57500.0,0.05,Tienda,109250.0
2025-12-21,10027,Portatil 14,Tecnologia,Medellin,1,255400.0,0.0,En linea,255400.0
2025-02-19,18444,Juego de ollas,Hogar,Barranquilla,1,47100.0,0.0,En linea,47100.0
2025-08-30,19251,Juego de ollas,Hogar,Medellin,5,82800.0,0.1,Tienda,372600.0
2025-09-22,18045,Portatil 14,Tecnologia,Medellin,1,240400.0,0.0,Tienda,240400.0
2025-03-13,15596,Set de sabanas,Hogar,Barranquilla,4,62700.0,0.05,En linea,238260.0
2025-05-07,17789,Audifonos BT,Tecnologia,Barranquilla,2,188800.0,0.0,Tienda,377600.0
2025-02-08,16034,Aspiradora,Hogar,Barranquilla,5,89700.0,0.05,Tienda,426075.0
2025-01-18,14445,Juego de ollas,Hogar,Medellin,4,93600.0,0.0,Tienda,374400.0
2025-12-15,12027,Camiseta basica,Moda,Cali,4,46600.0,0.05,Tienda,177080.0
2025-07-31,13830,Tapete yoga,Deportes,Barranquilla,1,82600.0,0.05,Tienda,78470.0
2025-08-23,16055,Teclado mecanico,Tecnologia,Cali,1,261800.0,0.0,Tienda,261800.0
2025-07-27,19898,Juego de ollas,Hogar,Medellin,2,134900.0,0.0,En linea,269800.0
2025-04-13,19302,Chaqueta impermeable,Moda,Barranquilla,1,146900.0,0.0,Tienda,146900.0
2025-11-06,17289,Set de sabanas,Hogar,Bogota,4,73200.0,0.15,Tienda,248880.0
2025-10-08,14885,Monitor 24,Tecnologia,Barranquilla,2,218200.0,0.05,Tienda,414580.0
2025-08-06,13007,Bolso cuero,Moda,Cali,3,29400.0,0.0,Tienda,88200.0
2025-01-17,14421,Juego de ollas,Hogar,Bogota,2,37500.0,0.2,En linea,60000.0
2025-07-02,10578,Camiseta basica,Moda,Barranquilla,3,42200.0,0.0,Tienda,126600.0
2025-10-09,11112,Bicicleta estatica,Deportes,Cali,4,43300.0,0.0,En linea,173200.0
2025-01-30,10570,Lampara LED,Hogar,Medellin,1,41200.0,0.2,En linea,32960.0
2025-05-01,19862,Tablet 10,Tecnologia,Medellin,3,156800.0,0.1,Tienda,423360.0
2025-01-03,14526,Jean slim,Moda,Barranquilla,1,69100.0,0.0,Tienda,69100.0
2025-01-30,14119,Jean slim,Moda,Medellin,4,61400.0,0.1,Tienda,221040.0
2025-10-31,14941,Balon futbol,Deportes,Medellin,1,45000.0,0.0,Tienda,45000.0
2025-02-23,12081,Bolso cuero,Moda,Cali,4,68800.0,0.0,Tienda,275200.0
2025-10-28,15725,Monitor 24,Tecnologia,Bogota,3,439000.0,0.0,En linea,1317000.0
2025-06-23,14697,Tapete yoga,Deportes,Bogota,1,43100.0,0.0,Tienda,43100.0
2025-10-14,13417,Balon futbol,Deportes,Barranquilla,1,85600.0,0.05,Tienda,81320.0
2025-12-30,13864,Tablet 10,Tecnologia,Bogota,1,328000.0,0.0,En linea,328000.0
2025-10-27,10920,Balon futbol,Deportes,Medellin,2,57100.0,0.1,Tienda,102780.0
2025-07-30,17839,Bolso cuero,Moda,Bogota,3,48700.0,0.1,En linea,131490.0
2025-09-12,10045,Jean slim,Moda,Bogota,3,85400.0,0.05,En linea,243390.0
2025-02-11,18064,Lampara LED,Hogar,Bogota,3,76500.0,0.05,En linea,218025.0
2025-12-10,11198,Camiseta basica,Moda,Medellin,2,57200.0,0.05,En linea,108680.0
2025-10-13,13688,Bicicleta estatica,Deportes,Barranquilla,1,54700.0,0.0,Tienda,54700.0
2025-07-21,12491,Guantes gym,Deportes,Cali,2,71000.0,0.0,Tienda,142000.0
2025-03-15,19248,Mancuernas 5kg,Deportes,Cali,2,35200.0,0.0,Tienda,70400.0
2025-08-24,11962,Tapete yoga,Deportes,Barranquilla,3,45700.0,0.3,Tienda,95970.0
2025-12-22,11580,Balon futbol,Deportes,Cali,2,83300.0,0.0,En linea,166600.0
2025-11-02,16603,Bolso cuero,Moda,Bogota,1,55200.0,0.15,Tienda,46920.0
2025-08-12,16296,Chaqueta impermeable,Moda,Barranquilla,4,62000.0,0.0,En linea,248000.0
2025-12-23,19227,Jean slim,Moda,Barranquilla,3,76100.0,0.1,En linea,205470.0
2025-11-02,19433,Tapete yoga,Deportes,Bogota,2,30900.0,0.15,Tienda,52530.0
2025-04-25,11337,Tenis urbanos,Moda,Bogota,4,102900.0,0.05,En linea,391020.0
2025-11-19,10951,Bolso cuero,Moda,Medellin,3,113600.0,0.0,Tienda,340800.0
2025-01-16,10646,Portatil 14,Tecnologia,Barranquilla,2,587000.0,0.1,Tienda,1056600.0
2025-09-24,17440,Balon futbol,Deportes,Barranquilla,4,32200.0,0.2,Tienda,103040.0
2025-12-29,18127,Bolso cuero,Moda,Bogota,4,19500.0,0.05,Tienda,74100.0
2025-12-13,10058,Licuadora,Hogar,Bogota,2,140800.0,0.0,Tienda,281600.0
2025-04-14,19618,Aspiradora,Hogar,Bogota,1,31700.0,0.1,En linea,28530.0
2025-04-17,19322,Monitor 24,Tecnologia,Medellin,3,495100.0,0.1,Tienda,1336770.0
2025-01-21,17925,Chaqueta impermeable,Moda,Medellin,3,54600.0,0.1,Tienda,147420.0
2025-10-04,12029,Tablet 10,Tecnologia,Cali,1,601400.0,0.1,En linea,541260.0
2025-03-15,17679,Tenis urbanos,Moda,Medellin,2,86200.0,0.15,En linea,146540.0
2025-03-02,17783,Jean slim,Moda,Bogota,1,69400.0,0.3,Tienda,48580.0
2025-08-03,12626,Licuadora,Hogar,Cali,4,75600.0,0.0,En linea,272160.0
2025-06-11,17457,Audifonos BT,Tecnologia,Cali,1,189800.0,0.1,En linea,170820.0
2025-09-05,13018,Mancuernas 5kg,Deportes,Cali,1,81900.0,0.05,Tienda,77805.0
2025-05-30,15868,Bolso cuero,Moda,Barranquilla,2,40500.0,0.0,Tienda,81000.0
2025-09-26,14758,Lampara LED,Hogar,Barranquilla,4,69200.0,0.05,Tienda,262960.0
2025-08-29,12934,Audifonos BT,Tecnologia,Bogota,2,257400.0,0.3,En linea,360360.0
2025-03-05,16464,Audifonos BT,Tecnologia,Barranquilla,2,584600.0,0.0,En linea,1169200.0
2025-01-09,10477,Jean slim,Moda,Cali,3,34400.0,0.0,Tienda,103200.0
2025-09-03,10144,Chaqueta impermeable,Moda,Medellin,3,66300.0,0.15,Tienda,169065.0
2025-10-26,15534,Tablet 10,Tecnologia,Bogota,1,889200.0,0.0,Tienda,889200.0
2025-07-31,17270,Juego de ollas,Hogar,Bogota,2,81400.0,0.0,En linea,162800.0
2025-12-23,15630,Chaqueta impermeable,Moda,Cali,4,56000.0,0.05,Tienda,212800.0
2025-06-16,19060,Lampara LED,Hogar,Cali,4,39000.0,0.0,En linea,156000.0
2025-10-19,12550,Camiseta basica,Moda,Bogota,1,73300.0,0.0,Tienda,73300.0
2025-04-26,13923,Aspiradora,Hogar,Medellin,1,40500.0,0.05,En linea,38475.0
2025-01-16,12179,Licuadora,Hogar,Bogota,4,64000.0,0.0,Tienda,256000.0
2025-07-08,15500,Lampara LED,Hogar,Cali,5,77000.0,0.0,En linea,385000.0
2025-09-20,19505,Set de sabanas,Hogar,Cali,3,88100.0,0.05,En linea,251085.0
2025-03-09,12484,Jean slim,Moda,Barranquilla,4,42600.0,0.15,En linea,144840.0
2025-05-30,19751,Lampara LED,Hogar,Medellin,5,63500.0,0.1,En linea,285750.0
2025-05-08,10183,Mancuernas 5kg,Deportes,Bogota,4,36700.0,0.1,Tienda,132120.0
2025-11-25,13288,Bolso cuero,Moda,Bogota,4,67400.0,0.05,En linea,256120.0
2025-03-30,17786,Balon futbol,Deportes,Bogota,1,77400.0,0.05,Tienda,73530.0
2025-04-27,12472,Mancuernas 5kg,Deportes,Barranquilla,4,44200.0,0.2,Tienda,141440.0
2025-12-16,19350,Guantes gym,Deportes,Bogota,2,49000.0,0.05,Tienda,93100.0
2025-03-22,15303,Set de sabanas,Hogar,Medellin,4,65600.0,0.0,Tienda,262400.0
2025-05-27,17331,Guantes gym,Deportes,Bogota,1,71900.0,0.0,En linea,71900.0
2025-02-13,16240,Camiseta basica,Moda,Barranquilla,2,35000.0,0.05,Tienda,66500.0
2025-11-10,10964,Juego de ollas,Hogar,Bogota,4,139200.0,0.0,Tienda,556800.0
2025-11-07,14597,Tapete yoga,Deportes,Bogota,2,39200.0,0.15,En linea,66640.0
2025-07-06,18365,Juego de ollas,Hogar,Bogota,1,38700.0,0.0,En linea,38700.0
2025-01-20,15692,Tenis urbanos,Moda,Barranquilla,3,45000.0,0.0,Tienda,135000.0
2025-06-08,15709,Tenis urbanos,Moda,Barranquilla,1,63600.0,0.1,Tienda,57240.0
2025-05-23,12388,Aspiradora,Hogar,Medellin,5,42300.0,0.0,Tienda,211500.0
2025-11-21,12045,Mancuernas 5kg,Deportes,Bogota,2,56400.0,0.0,Tienda,112800.0
2025-08-08,16865,Juego de ollas,Hogar,Barranquilla,3,45000.0,0.0,Tienda,135000.0
2025-10-02,13302,Juego de ollas,Hogar,Bogota,5,83200.0,0.0,En linea,416000.0
2025-04-08,16223,Teclado mecanico,Tecnologia,Bogota,2,315700.0,0.0,Tienda,631400.0
2025-01-31,12227,Bolso cuero,Moda,Cali,4,16400.0,0.15,Tienda,55760.0
2025-03-03,11442,Set de sabanas,Hogar,Medellin,4,85500.0,0.1,Tienda,307800.0
2025-02-13,12648,Juego de ollas,Hogar,Bogota,2,54200.0,0.1,Tienda,97560.0
2025-09-01,14979,Balon futbol,Deportes,Cali,1,57500.0,0.0,En linea,57500.0
2025-06-03,16123,Mancuernas 5kg,Deportes,Medellin,4,36100.0,0.0,Tienda,144400.0
2025-12-22,16944,Guantes gym,Deportes,Barranquilla,4,68800.0,0.15,Tienda,233920.0
2025-09-13,18736,Audifonos BT,Tecnologia,Bogota,2,655400.0,0.05,En linea,1245260.0
2025-01-30,17539,Guantes gym,Deportes,Cali,4,79400.0,0.0,Tienda,317600.0
2025-01-24,14632,Juego de ollas,Hogar,Medellin,1,46600.0,0.15,Tienda,39610.0
2025-02-17,13138,Tablet 10,Tecnologia,Medellin,3,181200.0,0.2,Tienda,434880.0
2025-01-09,10418,Licuadora,Hogar,Cali,5,80200.0,0.0,Tienda,401000.0
2025-02-12,13266,Set de sabanas,Hogar,Barranquilla,3,106400.0,0.15,Tienda,271320.0
2025-06-22,13356,Camiseta basica,Moda,Medellin,2,154300.0,0.0,En linea,308600.0
2025-06-02,13665,Aspiradora,Hogar,Bogota,3,55100.0,0.1,En linea,148770.0
2025-05-03,14947,Camiseta basica,Moda,Bogota,3,78100.0,0.1,En linea,210870.0
2025-02-20,11037,Chaqueta impermeable,Moda,Barranquilla,3,23100.0,0.05,Tienda,65835.0
2025-07-07,14287,Audifonos BT,Tecnologia,Barranquilla,2,1162100.0,0.0,Tienda,2324200.0
2025-08-03,15524,Set de sabanas,Hogar,Medellin,2,112600.0,0.1,Tienda,202680.0
2025-02-15,15974,Set de sabanas,Hogar,Bogota,4,43900.0,0.0,Tienda,175600.0
2025-12-31,17537,Mancuernas 5kg,Deportes,Medellin,4,41800.0,0.0,Tienda,167200.0
2025-11-08,19135,Set de sabanas,Hogar,Barranquilla,1,65000.0,0.2,En linea,52000.0
2025-05-09,19777,Balon futbol,Deportes,Bogota,3,45100.0,0.05,Tienda,128535.0
2025-03-14,19946,Set de sabanas,Hogar,Medellin,2,33400.0,0.2,Tienda,53440.0
2025-06-22,14352,Licuadora,Hogar,Bogota,2,40500.0,0.05,Tienda,76950.0
2025-02-04,13929,Lampara LED,Hogar,Bogota,1,116200.0,0.05,En linea,110390.0
2025-09-18,13152,Camiseta basica,Moda,Medellin,4,40700.0,0.0,Tienda,162800.0
2025-06-02,18519,Chaqueta impermeable,Moda,Medellin,3,70400.0,0.15,En linea,179520.0
2025-03-09,14574,Set de sabanas,Hogar,Cali,5,106800.0,0.05,Tienda,507300.0
2025-12-03,10451,Portatil 14,Tecnologia,Medellin,1,103300.0,0.15,Tienda,87805.0
2025-04-08,19602,Tenis urbanos,Moda,Medellin,2,56700.0,0.15,Tienda,96390.0
2025-03-24,14855,Tenis urbanos,Moda,Medellin,2,49200.0,0.05,En linea,93480.0
2025-10-29,11621,Set de sabanas,Hogar,Barranquilla,4,154200.0,0.0,En linea,616800.0
2025-02-18,17519,Audifonos BT,Tecnologia,Bogota,3,166500.0,0.1,En linea,449550.0
2025-12-21,17310,Juego de ollas,Hogar,Bogota,1,40200.0,0.05,Tienda,38190.0
2025-02-09,13346,Tenis urbanos,Moda,Bogota,1,30900.0,0.05,En linea,29355.0
2025-10-03,12551,Tenis urbanos,Moda,Barranquilla,4,84400.0,0.0,Tienda,337600.0
2025-05-27,18452,Chaqueta impermeable,Moda,Medellin,1,49800.0,0.2,Tienda,39840.0
2025-08-09,10742,Portatil 14,Tecnologia,Cali,3,322200.0,0.0,En linea,966600.0
2025-04-30,19001,Mancuernas 5kg,Deportes,Bogota,4,51300.0,0.05,Tienda,194940.0
2025-01-13,14401,Portatil 14,Tecnologia,Bogota,1,497900.0,0.05,Tienda,473005.0
2025-05-22,10701,Chaqueta impermeable,Moda,Medellin,3,56400.0,0.0,En linea,169200.0
2025-06-12,17087,Bicicleta estatica,Deportes,Bogota,3,21600.0,0.05,En linea,61560.0
2025-04-26,12589,Set de sabanas,Hogar,Cali,4,96000.0,0.0,Tienda,384000.0
2025-07-03,16574,Tablet 10,Tecnologia,Cali,3,493500.0,0.15,Tienda,1258425.0
2025-12-16,11113,Chaqueta impermeable,Moda,Medellin,4,84100.0,0.1,Tienda,302760.0
2025-12-06,16030,Juego de ollas,Hogar,Barranquilla,2,40700.0,0.0,En linea,81400.0
2025-04-09,15896,Tablet 10,Tecnologia,Medellin,2,720100.0,0.05,En linea,1368190.0
2025-08-11,10158,Mancuernas 5kg,Deportes,Bogota,3,95400.0,0.05,Tienda,271890.0
2025-11-22,17489,Tablet 10,Tecnologia,Bogota,2,446300.0,0.3,En linea,624820.0
2025-08-29,19725,Tapete yoga,Deportes,Cali,4,45200.0,0.0,Tienda,180800.0
2025-04-26,17386,Portatil 14,Tecnologia,Medellin,2,198900.0,0.2,Tienda,318240.0
2025-01-01,10807,Guantes gym,Deportes,Medellin,3,42300.0,0.0,En linea,126900.0
2025-06-11,10375,Teclado mecanico,Tecnologia,Barranquilla,1,273200.0,0.2,En linea,218560.0
2025-06-16,12995,Monitor 24,Tecnologia,Cali,2,647800.0,0.05,En linea,1230820.0
2025-08-26,18549,Set de sabanas,Hogar,Bogota,1,26700.0,0.0,Tienda,26700.0
2025-06-26,14444,Tapete yoga,Deportes,Medellin,2,67100.0,0.1,En linea,120780.0
2025-12-06,18402,Lampara LED,Hogar,Bogota,1,107000.0,0.1,Tienda,96300.0
2025-04-26,19571,Juego de ollas,Hogar,Medellin,5,104000.0,0.05,En linea,494000.0
2025-02-27,13001,Tenis urbanos,Moda,Medellin,4,72600.0,0.05,Tienda,275880.0
2025-04-08,19202,Teclado mecanico,Tecnologia,Bogota,2,347700.0,0.2,En linea,556320.0
2025-11-27,18344,Mancuernas 5kg,Deportes,Medellin,3,69200.0,0.0,Tienda,207600.0
2025-08-11,15090,Tenis urbanos,Moda,Cali,3,62900.0,0.05,Tienda,179265.0
2025-07-17,15278,Monitor 24,Tecnologia,Bogota,1,244400.0,0.15,Tienda,207740.0
2025-06-28,19846,Licuadora,Hogar,Cali,2,168300.0,0.05,En linea,319770.0
2025-06-15,10401,Tenis urbanos,Moda,Barranquilla,4,201800.0,0.05,Tienda,766840.0
2025-12-08,15087,Bicicleta estatica,Deportes,Bogota,2,78700.0,0.0,Tienda,157400.0
2025-10-08,18566,Portatil 14,Tecnologia,Medellin,1,577100.0,0.0,Tienda,577100.0
2025-12-07,14593,Tapete yoga,Deportes,Bogota,1,108200.0,0.05,Tienda,102790.0
2025-01-12,11527,Bolso cuero,Moda,Medellin,1,54300.0,0.0,Tienda,54300.0
2025-01-05,14087,Chaqueta impermeable,Moda,Medellin,2,54600.0,0.0,Tienda,109200.0
2025-10-11,12018,Jean slim,Moda,Medellin,4,43900.0,0.1,En linea,158040.0
2025-08-24,15309,Licuadora,Hogar,Barranquilla,3,69300.0,0.05,En linea,197505.0
2025-03-18,17575,Balon futbol,Deportes,Bogota,4,46500.0,0.1,En linea,167400.0
2025-11-22,16301,Licuadora,Hogar,Bogota,4,92400.0,0.0,Tienda,369600.0
2025-02-27,12410,Set de sabanas,Hogar,Bogota,4,75400.0,0.3,Tienda,211120.0
2025-12-24,18697,Camiseta basica,Moda,Bogota,2,101300.0,0.0,Tienda,202600.0
2025-12-06,14696,Juego de ollas,Hogar,Cali,2,115600.0,0.0,En linea,231200.0
2025-07-26,10638,Balon futbol,Deportes,Bogota,2,43200.0,0.15,Tienda,73440.0
2025-05-04,14110,Licuadora,Hogar,Barranquilla,2,103600.0,0.15,Tienda,176120.0
2025-10-12,16787,Lampara LED,Hogar,Bogota,1,102000.0,0.05,En linea,96900.0
2025-01-17,10011,Lampara LED,Hogar,Barranquilla,1,91300.0,0.15,Tienda,77605.0
2025-04-18,17738,Mancuernas 5kg,Deportes,Medellin,2,54900.0,0.0,En linea,109800.0
2025-07-30,10722,Bicicleta estatica,Deportes,Bogota,3,38600.0,0.1,En linea,104220.0
2025-07-13,11202,Set de sabanas,Hogar,Cali,4,109800.0,0.0,En linea,439200.0
2025-11-27,12967,Juego de ollas,Hogar,Bogota,5,65500.0,0.2,Tienda,262000.0
2025-10-17,10369,Guantes gym,Deportes,Cali,4,96300.0,0.0,Tienda,385200.0
2025-05-17,17714,Camiseta basica,Moda,Barranquilla,4,47600.0,0.1,Tienda,171360.0
2025-02-15,14870,Licuadora,Hogar,Medellin,4,104900.0,0.0,Tienda,419600.0
2025-08-27,16762,Chaqueta impermeable,Moda,Medellin,2,41300.0,0.0,Tienda,78470.0
2025-11-26,13030,Camiseta basica,Moda,Bogota,2,57900.0,0.0,En linea,115800.0
2025-08-13,16798,Bolso cuero,Moda,Cali,2,186600.0,0.0,En linea,373200.0
2025-03-08,15966,Jean slim,Moda,Bogota,3,90900.0,0.0,Tienda,272700.0
2025-08-07,10113,Aspiradora,Hogar,Bogota,1,44700.0,0.3,En linea,31290.0
2025-07-09,15529,Licuadora,Hogar,Bogota,2,32800.0,0.0,Tienda,65600.0
2025-12-31,16382,Jean slim,Moda,Cali,4,107300.0,0.1,En linea,386280.0
2025-05-01,15059,Lampara LED,Hogar,Medellin,1,206200.0,0.15,En linea,175270.0
2025-06-02,11562,Chaqueta impermeable,Moda,Barranquilla,3,89100.0,0.0,Tienda,267300.0
2025-10-20,10588,Balon futbol,Deportes,Cali,4,132100.0,0.05,Tienda,501980.0
2025-04-01,15107,Bicicleta estatica,Deportes,Bogota,3,98100.0,0.05,En linea,279585.0
2025-09-23,14011,Licuadora,Hogar,Medellin,2,35400.0,0.1,Tienda,63720.0
2025-06-09,12258,Tapete yoga,Deportes,Medellin,2,39300.0,0.1,Tienda,70740.0
2025-09-23,17058,Licuadora,Hogar,Cali,4,28000.0,0.05,En linea,106400.0
2025-11-06,11218,Bolso cuero,Moda,Cali,1,87900.0,0.3,Tienda,61530.0
2025-07-31,19619,Juego de ollas,Hogar,Bogota,4,65100.0,0.0,Tienda,260400.0
2025-10-23,14829,Monitor 24,Tecnologia,Cali,2,343700.0,0.0,Tienda,687400.0
2025-10-02,12641,Balon futbol,Deportes,Medellin,2,81900.0,0.15,Tienda,139230.0
2025-07-27,17949,Lampara LED,Hogar,Medellin,2,36700.0,0.0,Tienda,73400.0
2025-05-18,13115,Guantes gym,Deportes,Medellin,2,43500.0,0.0,Tienda,87000.0
2025-03-26,14523,Lampara LED,Hogar,Medellin,5,58200.0,0.0,Tienda,291000.0
2025-12-18,14092,Aspiradora,Hogar,Medellin,2,66100.0,0.0,Tienda,132200.0
2025-02-22,11979,Juego de ollas,Hogar,Medellin,3,90400.0,0.05,Tienda,257640.0
2025-05-10,15462,Portatil 14,Tecnologia,Bogota,1,356100.0,0.0,Tienda,356100.0
2025-04-12,12443,Set de sabanas,Hogar,Medellin,1,162400.0,0.0,Tienda,162400.0
2025-03-20,10386,Juego de ollas,Hogar,Medellin,4,257300.0,0.0,En linea,1029200.0
2025-04-24,18479,Mancuernas 5kg,Deportes,Barranquilla,4,88500.0,0.0,En linea,300900.0
2025-06-10,18203,Juego de ollas,Hogar,Bogota,3,108600.0,0.0,Tienda,325800.0
2025-12-25,18321,Teclado mecanico,Tecnologia,Cali,3,308100.0,0.2,En linea,739440.0
2025-01-28,14311,Tapete yoga,Deportes,Barranquilla,4,34200.0,0.0,En linea,136800.0
2025-09-12,17710,Aspiradora,Hogar,Medellin,4,37300.0,0.0,En linea,149200.0
2025-03-22,18706,Aspiradora,Hogar,Bogota,1,81000.0,0.0,Tienda,81000.0
2025-07-25,16469,Jean slim,Moda,Bogota,2,66600.0,0.2,Tienda,106560.0
2025-07-08,14226,Bolso cuero,Moda,Bogota,1,34100.0,0.0,Tienda,34100.0
2025-09-11,18551,Chaqueta impermeable,Moda,Medellin,2,83900.0,0.1,Tienda,151020.0
2025-08-15,11099,Bicicleta estatica,Deportes,Bogota,2,36200.0,0.1,Tienda,65160.0
2025-09-07,13794,Bolso cuero,Moda,Barranquilla,1,55100.0,0.0,En linea,55100.0
2025-01-19,14201,Bolso cuero,Moda,Barranquilla,2,206500.0,0.0,Tienda,413000.0
2025-02-26,14229,Camiseta basica,Moda,Medellin,1,163400.0,0.0,Tienda,163400.0
2025-07-02,14547,Mancuernas 5kg,Deportes,Medellin,2,118100.0,0.0,Tienda,236200.0
2025-02-22,15307,Licuadora,Hogar,Barranquilla,3,88100.0,0.05,Tienda,251085.0
2025-11-21,16540,Tapete yoga,Deportes,Medellin,2,47200.0,0.05,En linea,89680.0
2025-09-26,18234,Balon futbol,Deportes,Medellin,3,62600.0,0.1,En linea,169020.0
2025-06-03,16751,Camiseta basica,Moda,Cali,1,46800.0,0.0,En linea,46800.0
2025-10-14,19895,Balon futbol,Deportes,Medellin,4,51700.0,0.1,Tienda,186120.0
2025-10-24,10061,Bicicleta estatica,Deportes,Medellin,2,49300.0,0.1,Tienda,88740.0
2025-10-04,14613,Aspiradora,Hogar,Barranquilla,1,23600.0,0.0,En linea,23600.0
2025-04-19,19005,Monitor 24,Tecnologia,Bogota,2,398000.0,0.15,En linea,676600.0
2025-02-21,10450,Jean slim,Moda,Medellin,3,72300.0,0.05,En linea,206055.0
2025-10-01,16448,Set de sabanas,Hogar,Bogota,5,71800.0,0.0,En linea,359000.0
2025-06-10,14451,Tenis urbanos,Moda,Barranquilla,3,41900.0,0.05,En linea,119415.0
2025-10-17,13093,Audifonos BT,Tecnologia,Bogota,3,249000.0,0.0,Tienda,747000.0
2025-07-30,15073,Balon futbol,Deportes,Bogota,2,81000.0,0.0,Tienda,137700.0
2025-02-24,17901,Juego de ollas,Hogar,Bogota,3,33300.0,0.0,Tienda,99900.0
2025-03-01,19264,Jean slim,Moda,Barranquilla,4,87900.0,0.2,Tienda,281280.0
2025-06-29,15567,Mancuernas 5kg,Deportes,Bogota,3,84100.0,0.2,Tienda,201840.0
2025-09-05,16668,Chaqueta impermeable,Moda,Barranquilla,2,45700.0,0.0,En linea,91400.0
2025-10-20,12974,Mancuernas 5kg,Deportes,Barranquilla,4,49900.0,0.15,En linea,169660.0
2025-08-13,16023,Lampara LED,Hogar,Bogota,1,52400.0,0.15,En linea,44540.0
2025-02-24,11049,Teclado mecanico,Tecnologia,Barranquilla,1,277900.0,0.0,Tienda,277900.0
2025-06-22,11237,Set de sabanas,Hogar,Bogota,3,57800.0,0.1,En linea,156060.0
2025-05-08,10588,Monitor 24,Tecnologia,Cali,3,242700.0,0.0,Tienda,728100.0
2025-03-10,18192,Licuadora,Hogar,Medellin,2,64200.0,0.1,Tienda,115560.0
2025-07-09,14087,Tapete yoga,Deportes,Medellin,4,51500.0,0.15,Tienda,175100.0
2025-08-21,13924,Tenis urbanos,Moda,Medellin,1,49500.0,0.0,En linea,49500.0
2025-05-02,10299,Juego de ollas,Hogar,Bogota,3,62700.0,0.05,Tienda,178695.0
2025-12-18,18432,Guantes gym,Deportes,Medellin,4,46200.0,0.0,Tienda,184800.0
2025-07-17,17295,Set de sabanas,Hogar,Bogota,4,156900.0,0.15,En linea,533460.0
2025-05-30,13226,Juego de ollas,Hogar,Bogota,3,68000.0,0.0,Tienda,204000.0
2025-06-09,10229,Bolso cuero,Moda,Cali,1,55100.0,0.3,Tienda,38570.0
2025-11-17,11299,Juego de ollas,Hogar,Medellin,1,123200.0,0.0,Tienda,123200.0
2025-06-28,19739,Aspiradora,Hogar,Barranquilla,1,57700.0,0.1,En linea,51930.0
2025-03-24,10998,Audifonos BT,Tecnologia,Barranquilla,2,210200.0,0.05,Tienda,399380.0
2025-11-26,15788,Camiseta basica,Moda,Bogota,2,58100.0,0.1,Tienda,104580.0
2025-06-15,14744,Bicicleta estatica,Deportes,Cali,2,60500.0,0.15,Tienda,102850.0
2025-09-21,12490,Juego de ollas,Hogar,Bogota,3,161700.0,0.15,En linea,412335.0
2025-02-10,14607,Monitor 24,Tecnologia,Bogota,2,745600.0,0.05,En linea,1416640.0
2025-11-17,17493,Mancuernas 5kg,Deportes,Bogota,1,127900.0,0.1,En linea,115110.0
2025-09-19,11008,Lampara LED,Hogar,Bogota,3,26000.0,0.15,En linea,66300.0
2025-04-08,17040,Aspiradora,Hogar,Medellin,1,126400.0,0.1,Tienda,113760.0
2025-12-08,11914,Set de sabanas,Hogar,Cali,2,98200.0,0.05,En linea,186580.0
2025-06-27,14192,Lampara LED,Hogar,Medellin,2,111100.0,0.0,En linea,222200.0
2025-08-26,18406,Teclado mecanico,Tecnologia,Cali,1,490400.0,0.0,Tienda,490400.0
2025-09-06,18314,Tapete yoga,Deportes,Medellin,2,68300.0,0.0,En linea,136600.0
2025-04-09,17228,Bolso cuero,Moda,Medellin,3,41400.0,0.05,En linea,117990.0
2025-04-17,19850,Camiseta basica,Moda,Cali,4,48000.0,0.15,Tienda,163200.0
2025-11-10,12592,Bolso cuero,Moda,Bogota,1,48300.0,0.2,En linea,38640.0
2025-09-27,14292,Camiseta basica,Moda,Medellin,3,59300.0,0.2,En linea,142320.0
2025-06-04,16077,Chaqueta impermeable,Moda,Bogota,3,58500.0,0.1,En linea,157950.0
2025-06-09,15407,Aspiradora,Hogar,Medellin,5,28700.0,0.0,Tienda,143500.0
2025-02-27,17274,Aspiradora,Hogar,Medellin,4,35400.0,0.0,Tienda,141600.0
2025-03-30,18679,Balon futbol,Deportes,Cali,4,25400.0,0.0,En linea,101600.0
2025-07-26,18128,Lampara LED,Hogar,Medellin,2,89800.0,0.0,Tienda,179600.0
2025-05-25,16957,Bicicleta estatica,Deportes,Barranquilla,2,25400.0,0.0,Tienda,50800.0
2025-12-04,19488,Set de sabanas,Hogar,Cali,2,101100.0,0.1,En linea,181980.0
2025-01-09,16975,Licuadora,Hogar,Cali,4,38600.0,0.3,Tienda,108080.0
2025-01-01,15051,Jean slim,Moda,Cali,2,68200.0,0.0,Tienda,136400.0
2025-12-16,16324,Juego de ollas,Hogar,Cali,4,124300.0,0.05,Tienda,472340.0
2025-08-29,13798,Licuadora,Hogar,Medellin,5,47400.0,0.3,Tienda,165900.0
2025-02-20,11645,Bolso cuero,Moda,Medellin,3,130400.0,0.15,Tienda,332520.0
2025-11-10,18274,Bicicleta estatica,Deportes,Bogota,1,49900.0,0.1,Tienda,44910.0
2025-06-30,10121,Chaqueta impermeable,Moda,Barranquilla,1,33700.0,0.1,Tienda,30330.0
2025-01-17,14487,Jean slim,Moda,Medellin,2,48400.0,0.3,En linea,67760.0
2025-02-28,18076,Set de sabanas,Hogar,Bogota,5,58800.0,0.0,En linea,294000.0
2025-11-29,10808,Chaqueta impermeable,Moda,Medellin,1,54400.0,0.0,Tienda,54400.0
2025-05-11,11261,Set de sabanas,Hogar,Medellin,5,68200.0,0.15,Tienda,289850.0
2025-11-22,14264,Aspiradora,Hogar,Medellin,3,68700.0,0.3,En linea,144270.0
2025-06-05,15984,Licuadora,Hogar,Bogota,3,118000.0,0.0,Tienda,354000.0
2025-05-27,10873,Juego de ollas,Hogar,Medellin,1,201200.0,0.2,En linea,160960.0
2025-08-25,15412,Lampara LED,Hogar,Bogota,3,123200.0,0.1,En linea,332640.0
2025-05-13,15240,Audifonos BT,Tecnologia,Barranquilla,3,249500.0,0.0,Tienda,748500.0
2025-01-02,15194,Tapete yoga,Deportes,Medellin,3,46600.0,0.2,En linea,111840.0
2025-03-18,10721,Balon futbol,Deportes,Medellin,3,31500.0,0.15,Tienda,80325.0
2025-01-20,11684,Chaqueta impermeable,Moda,Medellin,3,62200.0,0.1,Tienda,167940.0
2025-09-04,14649,Guantes gym,Deportes,Bogota,2,24600.0,0.1,Tienda,44280.0
2025-03-07,17057,Bolso cuero,Moda,Bogota,2,32500.0,0.05,Tienda,61750.0
2025-11-13,18165,Tablet 10,Tecnologia,Barranquilla,3,341400.0,0.1,Tienda,921780.0
2025-10-02,15404,Jean slim,Moda,Medellin,4,87300.0,0.05,Tienda,331740.0
2025-05-09,11997,Chaqueta impermeable,Moda,Bogota,3,47800.0,0.0,En linea,143400.0
2025-11-11,15205,Teclado mecanico,Tecnologia,Cali,1,505000.0,0.0,Tienda,479750.0
2025-02-14,11477,Chaqueta impermeable,Moda,Cali,4,117200.0,0.0,En linea,468800.0
2025-12-20,16943,Juego de ollas,Hogar,Bogota,4,100800.0,0.1,En linea,362880.0
2025-12-12,18965,Camiseta basica,Moda,Cali,2,46300.0,0.1,Tienda,83340.0
2025-03-07,10594,Set de sabanas,Hogar,Bogota,3,51400.0,0.2,En linea,123360.0
2025-04-05,17924,Juego de ollas,Hogar,Bogota,5,64200.0,0.15,Tienda,272850.0
2025-08-31,14653,Teclado mecanico,Tecnologia,Barranquilla,1,120100.0,0.0,En linea,120100.0
2025-12-18,16931,Tenis urbanos,Moda,Bogota,2,83600.0,0.0,Tienda,167200.0
2025-01-19,19621,Tapete yoga,Deportes,Cali,1,50000.0,0.15,Tienda,42500.0
2025-12-03,13403,Bolso cuero,Moda,Cali,2,90400.0,0.15,En linea,153680.0
2025-03-02,18778,Balon futbol,Deportes,Cali,3,56600.0,0.1,Tienda,152820.0
2025-10-18,14424,Licuadora,Hogar,Bogota,3,47900.0,0.1,En linea,129330.0
2025-11-15,10793,Lampara LED,Hogar,Bogota,4,101600.0,0.05,En linea,386080.0
2025-08-22,12499,Camiseta basica,Moda,Bogota,4,48600.0,0.15,En linea,165240.0
2025-11-13,12060,Tenis urbanos,Moda,Medellin,1,106600.0,0.05,En linea,101270.0
2025-04-11,17611,Portatil 14,Tecnologia,Cali,1,248100.0,0.15,Tienda,210885.0
2025-06-18,19199,Guantes gym,Deportes,Cali,2,63500.0,0.0,Tienda,127000.0
2025-04-13,14094,Lampara LED,Hogar,Medellin,4,149600.0,0.05,Tienda,568480.0
2025-06-15,11989,Jean slim,Moda,Barranquilla,4,91400.0,0.0,Tienda,365600.0
2025-08-13,18101,Set de sabanas,Hogar,Barranquilla,1,24700.0,0.0,Tienda,24700.0
2025-01-05,18549,Portatil 14,Tecnologia,Cali,1,220200.0,0.0,Tienda,220200.0
2025-10-26,12651,Tablet 10,Tecnologia,Bogota,1,43400.0,0.0,Tienda,43400.0
2025-08-25,16409,Tapete yoga,Deportes,Cali,4,51600.0,0.0,Tienda,206400.0
2025-02-11,17046,Portatil 14,Tecnologia,Medellin,3,704800.0,0.0,En linea,2114400.0
2025-06-05,16087,Juego de ollas,Hogar,Medellin,5,137000.0,0.0,Tienda,685000.0
2025-05-28,14337,Camiseta basica,Moda,Medellin,3,44100.0,0.05,En linea,125685.0
2025-04-26,19684,Audifonos BT,Tecnologia,Bogota,2,203300.0,0.0,En linea,406600.0
2025-05-26,12828,Chaqueta impermeable,Moda,Medellin,2,79300.0,0.0,Tienda,158600.0
2025-04-16,17896,Aspiradora,Hogar,Cali,1,48700.0,0.0,En linea,48700.0
2025-04-06,10767,Monitor 24,Tecnologia,Bogota,1,692500.0,0.1,En linea,623250.0
2025-08-20,11308,Monitor 24,Tecnologia,Bogota,1,243400.0,0.0,Tienda,243400.0
2025-12-08,11971,Tenis urbanos,Moda,Medellin,2,48100.0,0.0,Tienda,96200.0
2025-07-13,11619,Camiseta basica,Moda,Cali,4,116100.0,0.05,En linea,441180.0
2025-09-30,17167,Jean slim,Moda,Medellin,3,109400.0,0.0,Tienda,328200.0
2025-08-23,17653,Balon futbol,Deportes,Barranquilla,2,60400.0,0.0,Tienda,120800.0
2025-07-06,11030,Lampara LED,Hogar,Medellin,4,40000.0,0.15,En linea,136000.0
2025-01-16,11693,Set de sabanas,Hogar,Bogota,2,84400.0,0.0,En linea,168800.0
2025-12-19,12367,Mancuernas 5kg,Deportes,Medellin,2,69100.0,0.15,Tienda,117470.0
2025-11-26,14769,Juego de ollas,Hogar,Bogota,4,79900.0,0.0,En linea,319600.0
2025-09-21,13416,Chaqueta impermeable,Moda,Medellin,3,91600.0,0.0,Tienda,274800.0
2025-03-31,16906,Guantes gym,Deportes,Bogota,4,33200.0,0.1,En linea,119520.0
2025-05-30,14608,Tenis urbanos,Moda,Cali,2,47800.0,0.0,En linea,95600.0
2025-08-05,18294,Balon futbol,Deportes,Medellin,3,93700.0,0.1,Tienda,252990.0
2025-04-11,12854,Jean slim,Moda,Bogota,2,37600.0,0.0,Tienda,75200.0
2025-01-26,19692,Teclado mecanico,Tecnologia,Medellin,1,324300.0,0.05,En linea,308085.0
2025-01-30,18832,Bicicleta estatica,Deportes,Medellin,3,80700.0,0.05,En linea,229995.0
2025-04-05,11059,Portatil 14,Tecnologia,Cali,2,526600.0,0.0,Tienda,1053200.0
2025-09-22,10559,Audifonos BT,Tecnologia,Medellin,3,112600.0,0.0,Tienda,337800.0
2025-11-25,10905,Juego de ollas,Hogar,Bogota,3,104800.0,0.05,En linea,298680.0
2025-12-31,17624,Aspiradora,Hogar,Cali,4,58800.0,0.0,Tienda,235200.0
2025-04-29,17702,Juego de ollas,Hogar,Bogota,4,65100.0,0.0,Tienda,260400.0
2025-09-06,10108,Juego de ollas,Hogar,Medellin,3,117500.0,0.05,En linea,334875.0
2025-11-26,11120,Camiseta basica,Moda,Medellin,4,86700.0,0.15,En linea,294780.0
2025-08-28,14387,Bolso cuero,Moda,Barranquilla,4,90000.0,0.3,Tienda,252000.0
2025-09-22,17406,Teclado mecanico,Tecnologia,Barranquilla,2,844200.0,0.05,Tienda,1603980.0
2025-01-02,11728,Chaqueta impermeable,Moda,Medellin,4,71500.0,0.2,Tienda,228800.0
2025-11-13,13058,Monitor 24,Tecnologia,Barranquilla,2,126300.0,0.0,En linea,252600.0
2025-01-23,13462,Bolso cuero,Moda,Bogota,2,68200.0,0.2,En linea,109120.0
2025-05-12,19371,Guantes gym,Deportes,Medellin,1,56100.0,0.0,En linea,56100.0
2025-03-27,13944,Camiseta basica,Moda,Bogota,1,62500.0,0.2,En linea,50000.0
2025-09-18,11278,Camiseta basica,Moda,Cali,4,48100.0,0.0,Tienda,192400.0
2025-02-23,19616,Monitor 24,Tecnologia,Bogota,3,385200.0,0.15,En linea,982260.0
2025-01-01,14194,Set de sabanas,Hogar,Bogota,5,92600.0,0.0,Tienda,463000.0
2025-08-19,11230,Lampara LED,Hogar,Bogota,4,96300.0,0.15,Tienda,327420.0
2025-05-12,13634,Jean slim,Moda,Medellin,4,44600.0,0.3,En linea,124880.0
2025-10-16,17354,Mancuernas 5kg,Deportes,Barranquilla,1,27100.0,0.15,En linea,23035.0
2025-06-06,11554,Guantes gym,Deportes,Bogota,2,81800.0,0.0,En linea,163600.0
2025-11-11,12720,Balon futbol,Deportes,Bogota,3,47000.0,0.2,Tienda,112800.0
2025-10-05,12287,Audifonos BT,Tecnologia,Medellin,2,201100.0,0.1,En linea,361980.0
2025-07-03,19371,Juego de ollas,Hogar,Bogota,2,61500.0,0.05,Tienda,116850.0
2025-02-10,17418,Camiseta basica,Moda,Cali,4,35300.0,0.05,Tienda,134140.0
2025-08-28,13778,Aspiradora,Hogar,Bogota,5,79200.0,0.0,Tienda,396000.0
2025-11-20,13999,Tenis urbanos,Moda,Cali,4,40700.0,0.0,Tienda,162800.0
2025-05-30,14703,Juego de ollas,Hogar,Barranquilla,2,47700.0,0.0,Tienda,95400.0
2025-01-02,16023,Camiseta basica,Moda,Medellin,3,110000.0,0.05,En linea,313500.0
2025-10-10,18976,Tablet 10,Tecnologia,Medellin,3,131200.0,0.1,En linea,354240.0
2025-02-14,13261,Juego de ollas,Hogar,Cali,1,75800.0,0.1,Tienda,68220.0
2025-07-02,16468,Guantes gym,Deportes,Bogota,1,51800.0,0.0,Tienda,51800.0
2025-07-25,12698,Mancuernas 5kg,Deportes,Barranquilla,3,96300.0,0.0,Tienda,288900.0
2025-11-03,14695,Tenis urbanos,Moda,Barranquilla,3,12900.0,0.1,Tienda,34830.0
2025-07-24,12565,Lampara LED,Hogar,Cali,1,112000.0,0.0,En linea,112000.0
2025-05-29,12989,Guantes gym,Deportes,Medellin,4,72100.0,0.05,Tienda,273980.0
2025-11-15,16046,Licuadora,Hogar,Bogota,3,58100.0,0.0,Tienda,174300.0
2025-02-23,13585,Lampara LED,Hogar,Medellin,4,84400.0,0.0,Tienda,337600.0
2025-06-27,19384,Mancuernas 5kg,Deportes,Barranquilla,4,19700.0,0.3,En linea,55160.0
2025-08-12,17710,Balon futbol,Deportes,Medellin,3,64500.0,0.0,Tienda,193500.0
2025-08-23,13739,Mancuernas 5kg,Deportes,Barranquilla,4,63100.0,0.05,En linea,239780.0
2025-01-04,10632,Set de sabanas,Hogar,Bogota,2,63200.0,0.05,Tienda,120080.0
2025-06-12,14491,Set de sabanas,Hogar,Medellin,4,46100.0,0.0,Tienda,184400.0
2025-12-01,14292,Chaqueta impermeable,Moda,Barranquilla,1,55600.0,0.0,Tienda,55600.0
2025-04-09,13729,Chaqueta impermeable,Moda,Cali,1,105100.0,0.0,En linea,105100.0
2025-05-07,14324,Juego de ollas,Hogar,Bogota,5,34700.0,0.3,Tienda,121450.0
2025-02-18,17541,Lampara LED,Hogar,Cali,3,89900.0,0.2,En linea,215760.0
2025-08-17,13068,Tenis urbanos,Moda,Medellin,1,123900.0,0.2,Tienda,99120.0
2025-09-04,11508,Licuadora,Hogar,Bogota,5,74200.0,0.15,En linea,315350.0
2025-08-06,12671,Bicicleta estatica,Deportes,Medellin,4,57900.0,0.0,Tienda,231600.0
2025-04-29,14093,Lampara LED,Hogar,Medellin,2,60800.0,0.0,En linea,121600.0
2025-04-29,18862,Tapete yoga,Deportes,Barranquilla,4,67400.0,0.2,En linea,215680.0
2025-03-26,11889,Mancuernas 5kg,Deportes,Bogota,3,44700.0,0.05,Tienda,127395.0
2025-06-06,14352,Teclado mecanico,Tecnologia,Barranquilla,3,345600.0,0.1,En linea,933120.0
2025-05-03,11502,Chaqueta impermeable,Moda,Medellin,2,108000.0,0.1,Tienda,194400.0
2025-01-09,15893,Aspiradora,Hogar,Medellin,3,62900.0,0.1,Tienda,169830.0
2025-03-25,14235,Mancuernas 5kg,Deportes,Cali,2,16500.0,0.2,Tienda,26400.0
2025-07-19,15830,Juego de ollas,Hogar,Bogota,4,84100.0,0.0,Tienda,336400.0
2025-04-22,12735,Camiseta basica,Moda,Barranquilla,3,49500.0,0.2,En linea,118800.0
2025-10-09,18936,Mancuernas 5kg,Deportes,Barranquilla,1,39900.0,0.15,Tienda,33915.0
2025-03-15,10163,Juego de ollas,Hogar,Medellin,2,58600.0,0.0,Tienda,117200.0
2025-05-23,19279,Jean slim,Moda,Medellin,3,30700.0,0.05,En linea,87495.0
2025-11-17,10987,Licuadora,Hogar,Cali,2,54300.0,0.05,Tienda,103170.0
2025-07-11,15760,Jean slim,Moda,Cali,2,57100.0,0.05,En linea,108490.0
2025-11-19,11614,Tapete yoga,Deportes,Medellin,2,38500.0,0.05,En linea,73150.0
2025-08-13,15876,Bolso cuero,Moda,Bogota,1,49100.0,0.2,Tienda,39280.0
2025-04-06,17494,Aspiradora,Hogar,Medellin,3,51300.0,0.0,Tienda,153900.0
2025-08-01,16517,Tenis urbanos,Moda,Medellin,3,108200.0,0.0,Tienda,324600.0
2025-05-22,13752,Bolso cuero,Moda,Bogota,4,18800.0,0.1,En linea,67680.0
2025-03-24,13856,Jean slim,Moda,Bogota,1,21700.0,0.0,En linea,21700.0
2025-06-21,17157,Licuadora,Hogar,Medellin,4,112200.0,0.0,Tienda,448800.0
2025-08-25,14677,Lampara LED,Hogar,Barranquilla,5,40800.0,0.0,Tienda,204000.0
2025-01-13,10364,Lampara LED,Hogar,Cali,2,80900.0,0.0,Tienda,161800.0
2025-09-15,19253,Chaqueta impermeable,Moda,Barranquilla,4,54600.0,0.0,Tienda,218400.0
2025-04-18,11769,Camiseta basica,Moda,Bogota,3,67700.0,0.05,Tienda,192945.0
2025-07-09,18360,Aspiradora,Hogar,Barranquilla,5,137900.0,0.1,En linea,620550.0
2025-10-28,16517,Juego de ollas,Hogar,Bogota,5,96600.0,0.0,Tienda,483000.0
2025-06-03,17340,Lampara LED,Hogar,Medellin,5,37300.0,0.1,Tienda,167850.0
2025-06-10,19106,Monitor 24,Tecnologia,Cali,2,591500.0,0.05,Tienda,1123850.0
2025-07-04,14588,Juego de ollas,Hogar,Medellin,5,84000.0,0.0,Tienda,420000.0
2025-05-05,19705,Mancuernas 5kg,Deportes,Bogota,1,68700.0,0.0,Tienda,68700.0
2025-05-07,19719,Guantes gym,Deportes,Cali,1,55300.0,0.0,Tienda,55300.0
2025-08-16,11745,Tenis urbanos,Moda,Bogota,4,21100.0,0.0,Tienda,84400.0
2025-04-11,16125,Licuadora,Hogar,Cali,3,90300.0,0.1,Tienda,243810.0
2025-03-25,18575,Mancuernas 5kg,Deportes,Bogota,2,33100.0,0.0,En linea,66200.0
2025-10-05,13903,Tapete yoga,Deportes,Cali,1,38100.0,0.1,En linea,34290.0
2025-06-03,10121,Lampara LED,Hogar,Medellin,3,44300.0,0.05,Tienda,126255.0
2025-01-30,18420,Portatil 14,Tecnologia,Medellin,1,179100.0,0.2,Tienda,143280.0
2025-05-27,18515,Mancuernas 5kg,Deportes,Cali,1,37500.0,0.15,Tienda,31875.0
2025-06-28,17104,Tapete yoga,Deportes,Barranquilla,3,22300.0,0.0,Tienda,66900.0
2025-04-05,12602,Lampara LED,Hogar,Cali,1,110300.0,0.0,En linea,110300.0
2025-01-08,14828,Portatil 14,Tecnologia,Cali,1,289200.0,0.0,Tienda,289200.0
2025-03-11,17593,Jean slim,Moda,Cali,2,53000.0,0.0,En linea,106000.0
2025-05-31,13710,Juego de ollas,Hogar,Medellin,4,123500.0,0.05,Tienda,469300.0
2025-04-19,19698,Lampara LED,Hogar,Medellin,3,62800.0,0.0,Tienda,188400.0
2025-12-17,13575,Aspiradora,Hogar,Cali,4,39300.0,0.0,Tienda,157200.0
2025-04-17,13040,Tenis urbanos,Moda,Medellin,4,84800.0,0.05,En linea,322240.0
2025-09-07,19907,Lampara LED,Hogar,Medellin,3,135400.0,0.0,Tienda,406200.0
2025-12-30,12273,Audifonos BT,Tecnologia,Barranquilla,3,386000.0,0.15,Tienda,984300.0
2025-11-23,17152,Aspiradora,Hogar,Medellin,5,126100.0,0.0,Tienda,630500.0
2025-02-14,16061,Monitor 24,Tecnologia,Medellin,2,380700.0,0.3,En linea,532980.0
2025-11-12,12893,Set de sabanas,Hogar,Barranquilla,3,73800.0,0.1,Tienda,199260.0
2025-12-04,11661,Tenis urbanos,Moda,Bogota,1,52200.0,0.05,Tienda,49590.0
2025-04-13,12741,Set de sabanas,Hogar,Bogota,3,29300.0,0.05,Tienda,83505.0
2025-12-10,14075,Bicicleta estatica,Deportes,Cali,2,168400.0,0.0,Tienda,336800.0
2025-01-13,10143,Bolso cuero,Moda,Medellin,2,59900.0,0.0,Tienda,119800.0
2025-12-31,19024,Camiseta basica,Moda,Bogota,3,48800.0,0.1,Tienda,131760.0
2025-03-20,16735,Tapete yoga,Deportes,Cali,1,128700.0,0.1,En linea,115830.0
2025-03-29,10516,Portatil 14,Tecnologia,Medellin,2,539400.0,0.0,En linea,1078800.0
2025-09-17,14544,Jean slim,Moda,Medellin,3,102800.0,0.05,En linea,292980.0
2025-02-15,10797,Juego de ollas,Hogar,Bogota,5,107500.0,0.1,Tienda,483750.0
2025-05-23,15589,Camiseta basica,Moda,Cali,3,77100.0,0.05,En linea,219735.0
2025-03-15,19380,Bolso cuero,Moda,Cali,2,81200.0,0.15,En linea,138040.0
2025-03-02,13829,Chaqueta impermeable,Moda,Medellin,4,80400.0,0.1,En linea,289440.0
2025-12-13,13906,Set de sabanas,Hogar,Medellin,5,64300.0,0.05,Tienda,305425.0
2025-09-28,16830,Bolso cuero,Moda,Barranquilla,1,49600.0,0.2,Tienda,39680.0
2025-02-09,14522,Chaqueta impermeable,Moda,Medellin,2,23700.0,0.0,Tienda,47400.0
2025-06-03,12708,Bicicleta estatica,Deportes,Medellin,4,20600.0,0.05,Tienda,78280.0
2025-07-29,13031,Juego de ollas,Hogar,Bogota,5,80700.0,0.3,En linea,282450.0
2025-10-25,11150,Camiseta basica,Moda,Bogota,4,142000.0,0.15,Tienda,482800.0
2025-02-26,14174,Tapete yoga,Deportes,Bogota,4,40100.0,0.0,En linea,160400.0
2025-07-09,10035,Chaqueta impermeable,Moda,Medellin,2,31000.0,0.0,Tienda,62000.0
2025-05-05,13488,Chaqueta impermeable,Moda,Medellin,3,42400.0,0.0,Tienda,127200.0
2025-06-16,13088,Set de sabanas,Hogar,Medellin,2,56800.0,0.1,En linea,102240.0
2025-12-12,12918,Tenis urbanos,Moda,Cali,3,51200.0,0.05,Tienda,145920.0
2025-08-18,11818,Lampara LED,Hogar,Medellin,5,41500.0,0.15,En linea,176375.0
2025-10-30,11633,Guantes gym,Deportes,Cali,3,38200.0,0.05,Tienda,108870.0
2025-09-01,18564,Set de sabanas,Hogar,Medellin,5,134400.0,0.0,En linea,672000.0
2025-11-03,19302,Set de sabanas,Hogar,Barranquilla,3,75800.0,0.15,Tienda,193290.0
2025-11-05,13018,Set de sabanas,Hogar,Medellin,4,46600.0,0.0,Tienda,186400.0
2025-05-09,12646,Bolso cuero,Moda,Bogota,1,40800.0,0.0,Tienda,40800.0
2025-01-22,15846,Bicicleta estatica,Deportes,Bogota,1,39000.0,0.0,Tienda,39000.0
2025-11-16,16434,Lampara LED,Hogar,Bogota,2,71700.0,0.05,Tienda,136230.0
2025-05-02,17467,Aspiradora,Hogar,Bogota,4,87900.0,0.1,Tienda,316440.0
2025-09-18,10101,Set de sabanas,Hogar,Barranquilla,3,164200.0,0.2,Tienda,394080.0
2025-06-19,15697,Bicicleta estatica,Deportes,Medellin,1,49000.0,0.05,Tienda,46550.0
2025-06-01,17421,Audifonos BT,Tecnologia,Bogota,1,286300.0,0.15,En linea,243355.0
2025-09-14,10014,Camiseta basica,Moda,Barranquilla,4,35700.0,0.2,En linea,114240.0
2025-04-13,15201,Aspiradora,Hogar,Barranquilla,4,69700.0,0.0,Tienda,278800.0
2025-11-18,19518,Tapete yoga,Deportes,Bogota,1,29100.0,0.0,En linea,29100.0
2025-03-29,15206,Set de sabanas,Hogar,Cali,1,127400.0,0.0,En linea,127400.0
2025-09-07,12876,Tapete yoga,Deportes,Medellin,4,58600.0,0.0,En linea,234400.0
2025-11-23,17369,Set de sabanas,Hogar,Cali,1,40600.0,0.0,En linea,40600.0
2025-12-14,14924,Licuadora,Hogar,Bogota,5,90200.0,0.1,En linea,405900.0
2025-10-11,15947,Chaqueta impermeable,Moda,Cali,3,86800.0,0.05,Tienda,247380.0
2025-11-25,12552,Audifonos BT,Tecnologia,Medellin,2,398500.0,0.0,Tienda,797000.0
2025-09-09,15474,Tablet 10,Tecnologia,Bogota,1,344900.0,0.15,Tienda,293165.0
2025-01-24,14533,Tapete yoga,Deportes,Barranquilla,2,56100.0,0.1,En linea,100980.0
2025-06-14,14568,Tapete yoga,Deportes,Barranquilla,1,52200.0,0.05,En linea,49590.0
2025-05-04,11641,Guantes gym,Deportes,Barranquilla,4,107000.0,0.1,Tienda,385200.0
2025-07-27,11825,Licuadora,Hogar,Barranquilla,2,230400.0,0.05,Tienda,437760.0
2025-05-23,19655,Aspiradora,Hogar,Medellin,5,163500.0,0.3,En linea,572250.0
2025-06-03,14584,Jean slim,Moda,Medellin,3,43200.0,0.2,En linea,103680.0
2025-04-28,11340,Licuadora,Hogar,Bogota,2,53500.0,0.05,En linea,101650.0
2025-08-07,10296,Bicicleta estatica,Deportes,Medellin,1,79700.0,0.05,En linea,75715.0
2025-11-22,14966,Teclado mecanico,Tecnologia,Bogota,1,256300.0,0.2,Tienda,205040.0
2025-03-29,11703,Portatil 14,Tecnologia,Cali,2,387100.0,0.0,En linea,774200.0
2025-12-04,18303,Portatil 14,Tecnologia,Cali,2,248100.0,0.05,En linea,471390.0
2025-07-27,16270,Guantes gym,Deportes,Bogota,1,42000.0,0.15,Tienda,35700.0
2025-10-22,18851,Monitor 24,Tecnologia,Bogota,3,299200.0,0.1,En linea,807840.0
2025-10-18,18026,Juego de ollas,Hogar,Cali,3,92600.0,0.0,En linea,277800.0
2025-10-14,17081,Chaqueta impermeable,Moda,Barranquilla,3,64400.0,0.3,En linea,135240.0
2025-07-24,11436,Bolso cuero,Moda,Bogota,2,26900.0,0.15,Tienda,45730.0
2025-05-11,11517,Teclado mecanico,Tecnologia,Medellin,3,525700.0,0.0,Tienda,1577100.0
2025-11-05,11848,Set de sabanas,Hogar,Bogota,1,59500.0,0.05,Tienda,56525.0
2025-01-05,18691,Guantes gym,Deportes,Cali,3,71600.0,0.05,Tienda,204060.0
2025-08-16,12034,Jean slim,Moda,Medellin,4,56100.0,0.3,En linea,157080.0
2025-03-02,17604,Tenis urbanos,Moda,Barranquilla,3,48700.0,0.1,En linea,131490.0
2025-11-15,18207,Camiseta basica,Moda,Medellin,1,79800.0,0.0,Tienda,79800.0
2025-11-05,14278,Balon futbol,Deportes,Cali,3,27200.0,0.05,En linea,77520.0
2025-02-09,14584,Aspiradora,Hogar,Cali,4,71900.0,0.05,Tienda,273220.0
2025-01-18,17427,Mancuernas 5kg,Deportes,Bogota,3,61300.0,0.05,En linea,174705.0
2025-05-13,18662,Mancuernas 5kg,Deportes,Cali,2,21800.0,0.0,Tienda,43600.0
2025-11-22,13102,Juego de ollas,Hogar,Cali,4,20900.0,0.0,En linea,83600.0
2025-03-19,12819,Guantes gym,Deportes,Bogota,3,68100.0,0.2,Tienda,163440.0
2025-07-27,19967,Juego de ollas,Hogar,Barranquilla,4,44200.0,0.15,Tienda,150280.0
2025-05-21,18788,Bolso cuero,Moda,Bogota,1,32900.0,0.2,Tienda,26320.0
2025-09-19,12428,Camiseta basica,Moda,Medellin,1,77400.0,0.0,Tienda,77400.0
2025-02-15,11844,Guantes gym,Deportes,Medellin,3,49100.0,0.05,Tienda,139935.0
2025-01-14,13887,Licuadora,Hogar,Barranquilla,2,41500.0,0.0,Tienda,83000.0
2025-11-11,15569,Tenis urbanos,Moda,Bogota,1,66300.0,0.0,Tienda,66300.0
2025-09-11,18339,Juego de ollas,Hogar,Barranquilla,3,110500.0,0.05,En linea,314925.0
2025-08-12,18802,Guantes gym,Deportes,Bogota,4,9800.0,0.0,En linea,39200.0
2025-07-17,12577,Licuadora,Hogar,Bogota,4,50300.0,0.0,Tienda,201200.0
2025-04-03,16009,Licuadora,Hogar,Barranquilla,5,105200.0,0.05,En linea,499700.0
2025-11-18,13710,Tablet 10,Tecnologia,Barranquilla,1,222400.0,0.0,Tienda,222400.0
2025-05-23,18736,Bolso cuero,Moda,Cali,2,130800.0,0.1,Tienda,235440.0
2025-06-30,17989,Camiseta basica,Moda,Barranquilla,3,85600.0,0.0,Tienda,256800.0
2025-06-06,18116,Chaqueta impermeable,Moda,Bogota,4,31500.0,0.05,En linea,119700.0
2025-05-09,18743,Mancuernas 5kg,Deportes,Medellin,2,65500.0,0.2,Tienda,104800.0
2025-09-12,10654,Lampara LED,Hogar,Bogota,4,163800.0,0.0,En linea,655200.0
2025-12-26,10175,Lampara LED,Hogar,Barranquilla,4,110300.0,0.1,En linea,397080.0
2025-01-28,19727,Jean slim,Moda,Bogota,4,50400.0,0.0,En linea,201600.0
2025-03-25,10053,Teclado mecanico,Tecnologia,Bogota,1,130800.0,0.05,Tienda,124260.0
2025-05-19,19007,Tenis urbanos,Moda,Barranquilla,4,175500.0,0.1,En linea,631800.0
2025-02-23,16732,Jean slim,Moda,Bogota,1,111700.0,0.0,En linea,111700.0
2025-01-07,14685,Portatil 14,Tecnologia,Bogota,2,493700.0,0.0,En linea,987400.0
2025-09-04,19290,Camiseta basica,Moda,Bogota,2,28900.0,0.15,En linea,49130.0
2025-11-22,17646,Tablet 10,Tecnologia,Bogota,3,183700.0,0.1,En linea,495990.0
2025-10-22,17565,Lampara LED,Hogar,Medellin,1,54500.0,0.0,En linea,54500.0
2025-03-30,10343,Set de sabanas,Hogar,Cali,5,119100.0,0.2,Tienda,476400.0
2025-09-12,10556,Tenis urbanos,Moda,Bogota,4,109200.0,0.0,En linea,436800.0
2025-12-03,15454,Tenis urbanos,Moda,Cali,2,53600.0,0.05,Tienda,101840.0
2025-09-26,11408,Aspiradora,Hogar,Medellin,4,86000.0,0.3,Tienda,240800.0
2025-10-27,18035,Lampara LED,Hogar,Cali,2,84000.0,0.0,Tienda,168000.0
2025-09-17,13895,Chaqueta impermeable,Moda,Bogota,4,132600.0,0.15,Tienda,450840.0
2025-02-11,15095,Chaqueta impermeable,Moda,Cali,3,56400.0,0.1,Tienda,152280.0
2025-09-27,11884,Set de sabanas,Hogar,Bogota,2,81500.0,0.05,Tienda,154850.0
2025-09-14,15130,Set de sabanas,Hogar,Cali,2,84200.0,0.15,Tienda,143140.0
2025-06-19,15956,Mancuernas 5kg,Deportes,Cali,4,29500.0,0.15,Tienda,100300.0
2025-05-22,17650,Juego de ollas,Hogar,Bogota,4,61300.0,0.0,En linea,245200.0
2025-04-06,14858,Guantes gym,Deportes,Barranquilla,3,49600.0,0.05,Tienda,141360.0
2025-06-28,15046,Aspiradora,Hogar,Bogota,4,78300.0,0.05,Tienda,297540.0
2025-10-10,11170,Camiseta basica,Moda,Cali,3,75300.0,0.0,Tienda,225900.0
2025-05-16,12451,Portatil 14,Tecnologia,Cali,2,621000.0,0.05,Tienda,1179900.0
2025-10-02,13755,Aspiradora,Hogar,Barranquilla,5,59200.0,0.0,En linea,296000.0
2025-03-29,15974,Audifonos BT,Tecnologia,Cali,2,324200.0,0.1,Tienda,583560.0
2025-03-13,19287,Bicicleta estatica,Deportes,Medellin,4,79500.0,0.05,En linea,302100.0
2025-03-12,13823,Licuadora,Hogar,Bogota,1,70000.0,0.05,Tienda,66500.0
2025-03-06,10896,Juego de ollas,Hogar,Bogota,3,97600.0,0.0,Tienda,292800.0
2025-05-26,15039,Chaqueta impermeable,Moda,Bogota,2,27300.0,0.0,En linea,54600.0
2025-04-13,12702,Tenis urbanos,Moda,Cali,1,67600.0,0.1,En linea,60840.0
2025-06-02,16769,Mancuernas 5kg,Deportes,Bogota,2,30800.0,0.05,Tienda,58520.0
2025-08-07,12184,Camiseta basica,Moda,Bogota,3,51400.0,0.2,En linea,123360.0
2025-06-08,12336,Monitor 24,Tecnologia,Bogota,3,203400.0,0.1,En linea,549180.0
2025-12-27,16485,Juego de ollas,Hogar,Cali,4,87100.0,0.0,En linea,348400.0
2025-12-10,11896,Tenis urbanos,Moda,Medellin,1,105400.0,0.0,Tienda,105400.0
2025-05-15,17850,Mancuernas 5kg,Deportes,Medellin,3,24900.0,0.0,En linea,74700.0
2025-02-13,14277,Set de sabanas,Hogar,Cali,2,72800.0,0.0,Tienda,145600.0
2025-02-13,18772,Bolso cuero,Moda,Medellin,3,62900.0,0.0,En linea,188700.0
2025-12-14,19443,Licuadora,Hogar,Bogota,1,91700.0,0.0,Tienda,91700.0
2025-08-01,19973,Chaqueta impermeable,Moda,Medellin,4,97700.0,0.05,Tienda,371260.0
2025-12-26,19443,Chaqueta impermeable,Moda,Medellin,4,46000.0,0.2,En linea,147200.0
2025-11-20,18323,Aspiradora,Hogar,Cali,1,109000.0,0.0,Tienda,109000.0
2025-08-01,15905,Tablet 10,Tecnologia,Bogota,3,209900.0,0.1,En linea,566730.0
2025-10-08,12718,Set de sabanas,Hogar,Cali,2,62700.0,0.05,Tienda,119130.0
2025-10-06,15551,Bicicleta estatica,Deportes,Barranquilla,1,59000.0,0.0,Tienda,59000.0
2025-09-17,19278,Camiseta basica,Moda,Cali,4,53100.0,0.0,Tienda,212400.0
2025-10-09,15544,Tapete yoga,Deportes,Cali,2,37200.0,0.0,En linea,74400.0
2025-12-28,15379,Lampara LED,Hogar,Cali,5,62200.0,0.2,Tienda,248800.0
2025-12-30,18370,Teclado mecanico,Tecnologia,Bogota,2,328800.0,0.0,En linea,657600.0
2025-03-14,11889,Tenis urbanos,Moda,Barranquilla,1,51300.0,0.0,Tienda,51300.0
2025-11-11,19052,Chaqueta impermeable,Moda,Bogota,4,42200.0,0.05,En linea,160360.0
2025-05-27,12540,Licuadora,Hogar,Bogota,1,90600.0,0.05,En linea,86070.0
2025-06-10,12432,Licuadora,Hogar,Bogota,5,131900.0,0.0,En linea,659500.0
2025-03-05,16268,Teclado mecanico,Tecnologia,Bogota,3,390000.0,0.0,En linea,1170000.0
2025-02-27,15282,Tapete yoga,Deportes,Barranquilla,2,41200.0,0.1,Tienda,74160.0
2025-05-11,15968,Balon futbol,Deportes,Bogota,2,88400.0,0.3,Tienda,123760.0
2025-01-06,12965,Juego de ollas,Hogar,Medellin,1,89400.0,0.0,En linea,89400.0
2025-09-10,10227,Balon futbol,Deportes,Bogota,4,89100.0,0.05,Tienda,338580.0
2025-01-10,14584,Tablet 10,Tecnologia,Medellin,3,400000.0,0.0,Tienda,1200000.0
2025-04-01,14246,Set de sabanas,Hogar,Medellin,3,51500.0,0.0,Tienda,154500.0
2025-06-17,17589,Juego de ollas,Hogar,Medellin,3,75800.0,0.0,Tienda,227400.0
2025-12-18,10168,Lampara LED,Hogar,Medellin,3,76500.0,0.05,Tienda,218025.0
2025-05-31,10875,Bolso cuero,Moda,Barranquilla,3,76800.0,0.05,Tienda,218880.0
2025-03-17,17014,Bolso cuero,Moda,Barranquilla,2,54300.0,0.0,Tienda,108600.0
2025-07-23,18012,Licuadora,Hogar,Bogota,5,153900.0,0.0,Tienda,769500.0
2025-07-14,13070,Bolso cuero,Moda,Bogota,3,85800.0,0.05,En linea,244530.0
2025-10-31,19636,Licuadora,Hogar,Barranquilla,1,43500.0,0.05,Tienda,41325.0
2025-02-19,16628,Tapete yoga,Deportes,Cali,1,88000.0,0.1,En linea,79200.0
2025-07-29,19747,Chaqueta impermeable,Moda,Bogota,1,47800.0,0.2,En linea,38240.0
2025-01-10,12527,Guantes gym,Deportes,Bogota,1,76800.0,0.0,En linea,76800.0
2025-07-12,12591,Tenis urbanos,Moda,Bogota,2,129700.0,0.05,Tienda,246430.0
2025-04-26,10801,Tapete yoga,Deportes,Cali,3,81800.0,0.05,Tienda,233130.0
2025-01-25,13871,Teclado mecanico,Tecnologia,Barranquilla,1,257100.0,0.15,Tienda,218535.0
2025-06-07,10332,Aspiradora,Hogar,Medellin,3,145500.0,0.0,Tienda,436500.0
2025-06-07,14371,Mancuernas 5kg,Deportes,Medellin,1,50600.0,0.0,En linea,50600.0
2025-10-18,18852,Guantes gym,Deportes,Bogota,2,29800.0,0.05,En linea,56620.0
2025-08-20,12293,Aspiradora,Hogar,Barranquilla,1,124700.0,0.0,En linea,124700.0
2025-08-24,15618,Bolso cuero,Moda,Bogota,4,30600.0,0.0,En linea,122400.0
2025-02-01,12962,Camiseta basica,Moda,Bogota,3,60600.0,0.0,Tienda,181800.0
2025-02-11,13250,Juego de ollas,Hogar,Barranquilla,3,49300.0,0.05,Tienda,140505.0
2025-04-13,15370,Portatil 14,Tecnologia,Medellin,3,577700.0,0.0,En linea,1733100.0
2025-05-06,17935,Jean slim,Moda,Bogota,1,23300.0,0.0,Tienda,23300.0
2025-05-23,19204,Bicicleta estatica,Deportes,Bogota,3,30400.0,0.0,En linea,91200.0
2025-08-29,16352,Tapete yoga,Deportes,Cali,2,36400.0,0.0,Tienda,72800.0
2025-01-15,13011,Camiseta basica,Moda,Bogota,2,33200.0,0.2,En linea,53120.0
2025-05-02,13950,Bicicleta estatica,Deportes,Bogota,2,68200.0,0.0,Tienda,136400.0
2025-10-31,13661,Jean slim,Moda,Cali,4,50500.0,0.2,Tienda,161600.0
2025-10-09,17291,Bolso cuero,Moda,Medellin,1,93900.0,0.0,Tienda,93900.0
2025-03-14,14374,Chaqueta impermeable,Moda,Bogota,3,90400.0,0.2,En linea,216960.0
2025-01-23,11083,Tapete yoga,Deportes,Barranquilla,3,88500.0,0.15,En linea,225675.0
2025-02-13,18704,Portatil 14,Tecnologia,Medellin,2,341700.0,0.0,Tienda,683400.0
2025-04-03,13489,Juego de ollas,Hogar,Cali,4,55900.0,0.0,Tienda,223600.0
2025-08-31,18409,Licuadora,Hogar,Barranquilla,4,35600.0,0.1,Tienda,128160.0
2025-07-08,10609,Mancuernas 5kg,Deportes,Bogota,2,48500.0,0.05,Tienda,92150.0
2025-06-09,10660,Bolso cuero,Moda,Medellin,4,69800.0,0.0,Tienda,279200.0
2025-05-12,18203,Balon futbol,Deportes,Bogota,2,45100.0,0.2,En linea,72160.0
2025-01-26,14003,Camiseta basica,Moda,Bogota,2,64300.0,0.0,Tienda,128600.0
2025-10-11,12106,Monitor 24,Tecnologia,Barranquilla,3,244300.0,0.0,En linea,732900.0
2025-02-12,11943,Mancuernas 5kg,Deportes,Medellin,3,55500.0,0.2,En linea,133200.0
2025-07-23,11878,Bicicleta estatica,Deportes,Bogota,4,33900.0,0.05,Tienda,128820.0
2025-03-07,17501,Camiseta basica,Moda,Barranquilla,4,102000.0,0.0,Tienda,408000.0
2025-11-10,10573,Tablet 10,Tecnologia,Barranquilla,3,237300.0,0.0,Tienda,711900.0
2025-08-24,15715,Portatil 14,Tecnologia,Barranquilla,3,734800.0,0.15,En linea,1873740.0
2025-08-29,11801,Juego de ollas,Hogar,Bogota,1,77600.0,0.05,En linea,73720.0
2025-08-30,19291,Lampara LED,Hogar,Bogota,4,34400.0,0.1,En linea,123840.0
2025-08-16,14442,Juego de ollas,Hogar,Cali,3,61500.0,0.0,Tienda,184500.0
2025-11-07,11678,Tapete yoga,Deportes,Cali,4,59300.0,0.0,Tienda,237200.0
2025-09-12,15952,Portatil 14,Tecnologia,Bogota,3,136600.0,0.1,En linea,368820.0
2025-08-08,11086,Balon futbol,Deportes,Cali,3,81100.0,0.0,Tienda,243300.0
2025-04-11,16905,Bolso cuero,Moda,Bogota,2,68600.0,0.05,Tienda,130340.0
2025-07-25,16171,Portatil 14,Tecnologia,Bogota,3,153200.0,0.1,Tienda,413640.0
2025-11-06,19318,Juego de ollas,Hogar,Medellin,1,57000.0,0.0,Tienda,57000.0
2025-04-15,11909,Juego de ollas,Hogar,Cali,1,93600.0,0.1,Tienda,84240.0
2025-12-13,15451,Tenis urbanos,Moda,Barranquilla,1,87700.0,0.05,En linea,83315.0
2025-04-26,17313,Set de sabanas,Hogar,Bogota,4,30400.0,0.0,Tienda,121600.0
2025-05-26,15430,Licuadora,Hogar,Bogota,1,47000.0,0.15,Tienda,39950.0
2025-05-25,12543,Camiseta basica,Moda,Medellin,2,87000.0,0.0,Tienda,174000.0
2025-07-26,19268,Aspiradora,Hogar,Medellin,1,97200.0,0.0,Tienda,97200.0
2025-05-06,10019,Camiseta basica,Moda,Cali,1,29700.0,0.05,Tienda,28215.0
2025-07-04,11478,Guantes gym,Deportes,Bogota,3,65300.0,0.0,En linea,195900.0
2025-08-07,17880,Tenis urbanos,Moda,Barranquilla,2,77200.0,0.0,Tienda,154400.0
2025-01-01,13363,Juego de ollas,Hogar,Barranquilla,5,94400.0,0.05,Tienda,448400.0
2025-04-16,10800,Tapete yoga,Deportes,Bogota,2,75600.0,0.05,Tienda,143640.0
2025-10-01,13301,Camiseta basica,Moda,Bogota,3,73300.0,0.0,Tienda,219900.0
2025-02-03,15561,Audifonos BT,Tecnologia,Barranquilla,1,134300.0,0.05,En linea,127585.0
2025-05-21,15652,Audifonos BT,Tecnologia,Medellin,1,459400.0,0.1,En linea,413460.0
2025-08-11,15153,Portatil 14,Tecnologia,Cali,2,627700.0,0.0,En linea,1255400.0
2025-09-01,12222,Set de sabanas,Hogar,Medellin,4,47100.0,0.05,En linea,178980.0
2025-03-03,13207,Licuadora,Hogar,Barranquilla,3,100900.0,0.0,Tienda,302700.0
2025-06-23,18778,Audifonos BT,Tecnologia,Bogota,2,443300.0,0.0,En linea,886600.0
2025-10-15,11529,Guantes gym,Deportes,Medellin,2,35100.0,0.1,Tienda,63180.0
2025-09-01,18078,Lampara LED,Hogar,Bogota,4,43000.0,0.0,Tienda,172000.0
2025-04-19,12817,Jean slim,Moda,Bogota,4,48300.0,0.0,Tienda,193200.0
2025-07-01,18359,Portatil 14,Tecnologia,Bogota,2,716700.0,0.0,Tienda,1433400.0
2025-05-21,12246,Mancuernas 5kg,Deportes,Medellin,1,35000.0,0.0,En linea,35000.0
2025-04-01,10551,Juego de ollas,Hogar,Bogota,2,73300.0,0.0,Tienda,146600.0
2025-06-20,13224,Teclado mecanico,Tecnologia,Bogota,3,961600.0,0.0,Tienda,2884800.0
2025-12-02,14038,Chaqueta impermeable,Moda,Cali,1,43800.0,0.05,En linea,41610.0
2025-09-22,16598,Bolso cuero,Moda,Medellin,1,74600.0,0.2,En linea,59680.0
2025-10-21,12904,Portatil 14,Tecnologia,Bogota,3,243500.0,0.0,Tienda,730500.0
2025-12-21,16838,Mancuernas 5kg,Deportes,Bogota,1,55400.0,0.0,En linea,55400.0
2025-06-06,17849,Juego de ollas,Hogar,Barranquilla,2,40100.0,0.2,En linea,64160.0
2025-05-26,19482,Jean slim,Moda,Cali,2,61500.0,0.05,En linea,116850.0
2025-10-09,19815,Teclado mecanico,Tecnologia,Medellin,3,542900.0,0.0,Tienda,1628700.0
2025-12-21,13509,Tenis urbanos,Moda,Medellin,3,55700.0,0.05,Tienda,158745.0
2025-04-12,14196,Jean slim,Moda,Bogota,4,42500.0,0.2,En linea,136000.0
2025-02-18,13536,Chaqueta impermeable,Moda,Barranquilla,4,58900.0,0.0,Tienda,235600.0
2025-01-28,11282,Bolso cuero,Moda,Cali,2,58800.0,0.05,Tienda,111720.0
2025-10-20,10795,Licuadora,Hogar,Bogota,5,98700.0,0.15,En linea,419475.0
2025-04-20,15754,Aspiradora,Hogar,Cali,1,41100.0,0.0,Tienda,39045.0
2025-04-18,12887,Bicicleta estatica,Deportes,Medellin,3,27500.0,0.2,Tienda,66000.0
2025-02-05,13299,Balon futbol,Deportes,Medellin,4,110100.0,0.15,Tienda,374340.0
2025-10-09,19107,Lampara LED,Hogar,Bogota,1,111600.0,0.0,Tienda,111600.0
2025-02-07,15996,Licuadora,Hogar,Bogota,2,58900.0,0.0,Tienda,117800.0
2025-04-14,17855,Balon futbol,Deportes,Bogota,1,42500.0,0.15,Tienda,36125.0
2025-10-11,12742,Camiseta basica,Moda,Cali,3,82100.0,0.0,En linea,246300.0
2025-04-05,16911,Guantes gym,Deportes,Medellin,1,73900.0,0.1,Tienda,66510.0
2025-06-03,19603,Tenis urbanos,Moda,Bogota,1,93800.0,0.15,Tienda,79730.0
2025-06-27,10093,Guantes gym,Deportes,Medellin,2,31100.0,0.0,En linea,62200.0
2025-01-21,15788,Guantes gym,Deportes,Bogota,4,78300.0,0.05,Tienda,297540.0
2025-02-07,19555,Juego de ollas,Hogar,Medellin,1,37100.0,0.15,En linea,31535.0
2025-09-20,13470,Balon futbol,Deportes,Medellin,1,57600.0,0.1,En linea,51840.0
2025-08-11,12781,Bicicleta estatica,Deportes,Bogota,3,38000.0,0.0,Tienda,114000.0
2025-05-25,10700,Audifonos BT,Tecnologia,Cali,3,390500.0,0.0,Tienda,1171500.0
2025-02-28,17490,Chaqueta impermeable,Moda,Bogota,1,34300.0,0.0,En linea,34300.0
2025-04-23,14195,Audifonos BT,Tecnologia,Barranquilla,2,489100.0,0.05,En linea,929290.0
2025-12-01,19218,Juego de ollas,Hogar,Medellin,1,28100.0,0.15,Tienda,23885.0
2025-06-06,11481,Chaqueta impermeable,Moda,Barranquilla,3,117600.0,0.0,Tienda,352800.0
2025-12-18,16800,Portatil 14,Tecnologia,Medellin,1,127500.0,0.0,Tienda,127500.0
2025-04-08,12000,Jean slim,Moda,Barranquilla,1,44000.0,0.15,Tienda,37400.0
2025-05-04,19242,Set de sabanas,Hogar,Bogota,1,99500.0,0.15,Tienda,84575.0
2025-06-13,13022,Jean slim,Moda,Cali,4,128000.0,0.05,Tienda,486400.0
2025-03-29,16249,Set de sabanas,Hogar,Barranquilla,4,104700.0,0.0,Tienda,418800.0
2025-08-31,13341,Tablet 10,Tecnologia,Bogota,1,224400.0,0.0,Tienda,224400.0
2025-03-11,17430,Aspiradora,Hogar,Bogota,2,145700.0,0.3,Tienda,203980.0
2025-05-28,12719,Set de sabanas,Hogar,Cali,2,77900.0,0.2,Tienda,124640.0
2025-03-10,18130,Teclado mecanico,Tecnologia,Barranquilla,3,411300.0,0.0,Tienda,1233900.0
2025-08-01,14345,Licuadora,Hogar,Bogota,4,90900.0,0.15,En linea,309060.0
2025-10-22,16191,Balon futbol,Deportes,Cali,4,31500.0,0.0,Tienda,119700.0
2025-12-15,18491,Set de sabanas,Hogar,Bogota,5,39300.0,0.1,En linea,176850.0
2025-01-27,12564,Bicicleta estatica,Deportes,Barranquilla,4,25700.0,0.0,En linea,102800.0
2025-10-14,11764,Audifonos BT,Tecnologia,Barranquilla,1,111400.0,0.0,En linea,111400.0
2025-05-26,16977,Audifonos BT,Tecnologia,Cali,1,1668900.0,0.0,En linea,1668900.0
2025-12-22,19176,Licuadora,Hogar,Bogota,3,72700.0,0.0,Tienda,218100.0
2025-05-11,17163,Tenis urbanos,Moda,Bogota,4,51200.0,0.0,Tienda,204800.0
2025-04-01,19045,Chaqueta impermeable,Moda,Medellin,2,54200.0,0.0,Tienda,108400.0
2025-02-18,13389,Set de sabanas,Hogar,Medellin,4,41700.0,0.15,Tienda,141780.0
2025-02-11,14940,Tapete yoga,Deportes,Bogota,3,65700.0,0.0,Tienda,197100.0
2025-05-15,15780,Audifonos BT,Tecnologia,Barranquilla,3,448600.0,0.05,En linea,1278510.0
2025-09-12,19570,Set de sabanas,Hogar,Barranquilla,3,97500.0,0.15,Tienda,248625.0
2025-04-18,11110,Bicicleta estatica,Deportes,Barranquilla,1,41800.0,0.0,Tienda,41800.0
2025-04-08,16456,Bicicleta estatica,Deportes,Barranquilla,3,65600.0,0.0,Tienda,196800.0
2025-12-08,13097,Aspiradora,Hogar,Barranquilla,2,47100.0,0.2,En linea,75360.0
2025-03-31,15889,Audifonos BT,Tecnologia,Medellin,2,424300.0,0.0,Tienda,848600.0
2025-10-01,17221,Set de sabanas,Hogar,Medellin,1,31000.0,0.0,En linea,27900.0
2025-06-17,18230,Aspiradora,Hogar,Cali,4,34200.0,0.1,En linea,123120.0
2025-11-24,16182,Aspiradora,Hogar,Medellin,3,73100.0,0.0,Tienda,219300.0
2025-10-29,19282,Aspiradora,Hogar,Barranquilla,1,98400.0,0.0,En linea,98400.0
2025-04-30,15953,Licuadora,Hogar,Bogota,3,104100.0,0.05,En linea,296685.0
2025-08-27,17274,Tenis urbanos,Moda,Barranquilla,1,76900.0,0.1,Tienda,69210.0
2025-09-24,19291,Portatil 14,Tecnologia,Cali,2,270400.0,0.05,En linea,513760.0
2025-06-29,13638,Lampara LED,Hogar,Bogota,4,71300.0,0.0,Tienda,285200.0
2025-03-11,13884,Set de sabanas,Hogar,Medellin,2,97900.0,0.0,Tienda,195800.0
2025-10-16,13510,Camiseta basica,Moda,Medellin,1,116300.0,0.0,Tienda,110485.0
2025-03-09,15060,Aspiradora,Hogar,Medellin,4,35200.0,0.0,En linea,140800.0
2025-04-11,13494,Lampara LED,Hogar,Bogota,3,87000.0,0.0,Tienda,261000.0
2025-01-08,18586,Camiseta basica,Moda,Barranquilla,3,45700.0,0.1,Tienda,123390.0
2025-05-14,10241,Tablet 10,Tecnologia,Bogota,3,134200.0,0.0,Tienda,402600.0
2025-11-10,14594,Jean slim,Moda,Bogota,3,30400.0,0.1,Tienda,82080.0
2025-10-05,11898,Licuadora,Hogar,Medellin,1,73900.0,0.0,Tienda,73900.0
2025-03-26,18615,Bolso cuero,Moda,Barranquilla,1,69700.0,0.05,Tienda,66215.0
2025-09-23,18350,Bolso cuero,Moda,Barranquilla,1,141400.0,0.2,En linea,113120.0
2025-09-01,18510,Aspiradora,Hogar,Bogota,1,58600.0,0.0,Tienda,58600.0
2025-06-04,15716,Tenis urbanos,Moda,Barranquilla,1,88400.0,0.0,Tienda,88400.0
2025-07-08,18472,Mancuernas 5kg,Deportes,Cali,1,29000.0,0.0,Tienda,29000.0
2025-05-18,12065,Aspiradora,Hogar,Medellin,1,99500.0,0.05,En linea,94525.0
2025-05-01,18851,Licuadora,Hogar,Cali,1,113300.0,0.05,Tienda,107635.0
2025-01-26,11108,Licuadora,Hogar,Cali,5,79000.0,0.05,En linea,375250.0
2025-08-29,18009,Tapete yoga,Deportes,Medellin,1,69000.0,0.15,Tienda,58650.0
2025-12-14,11132,Jean slim,Moda,Cali,2,41400.0,0.0,Tienda,82800.0
2025-06-08,19594,Tenis urbanos,Moda,Medellin,2,80600.0,0.05,En linea,153140.0
2025-02-20,14328,Juego de ollas,Hogar,Barranquilla,5,95700.0,0.15,Tienda,406725.0
2025-07-15,16592,Tapete yoga,Deportes,Bogota,2,88700.0,0.0,Tienda,177400.0
2025-12-03,10724,Set de sabanas,Hogar,Medellin,4,46600.0,0.0,En linea,186400.0
2025-01-05,19441,Lampara LED,Hogar,Medellin,5,67400.0,0.0,Tienda,337000.0
2025-05-20,16041,Bolso cuero,Moda,Bogota,4,134400.0,0.0,Tienda,537600.0
2025-07-30,14002,Tenis urbanos,Moda,Bogota,2,47600.0,0.0,Tienda,95200.0
2025-01-02,17756,Bolso cuero,Moda,Bogota,1,55300.0,0.3,Tienda,38710.0
2025-04-09,17083,Tapete yoga,Deportes,Bogota,3,42000.0,0.15,En linea,107100.0
2025-09-22,18532,Set de sabanas,Hogar,Cali,3,138600.0,0.0,En linea,415800.0
2025-09-14,14216,Licuadora,Hogar,Bogota,3,55300.0,0.05,Tienda,157605.0
2025-09-02,16114,Mancuernas 5kg,Deportes,Bogota,2,32400.0,0.05,Tienda,61560.0
2025-01-23,16972,Set de sabanas,Hogar,Medellin,1,69500.0,0.15,Tienda,59075.0
2025-08-25,15567,Mancuernas 5kg,Deportes,Bogota,4,42100.0,0.0,Tienda,168400.0
2025-04-04,15854,Tapete yoga,Deportes,Barranquilla,3,33700.0,0.05,Tienda,96045.0
2025-12-21,16463,Jean slim,Moda,Medellin,3,54600.0,0.0,Tienda,163800.0
2025-02-26,19417,Tenis urbanos,Moda,Cali,4,171500.0,0.3,Tienda,480200.0
2025-07-30,16485,Portatil 14,Tecnologia,Medellin,2,429800.0,0.1,En linea,773640.0
2025-10-05,17243,Camiseta basica,Moda,Barranquilla,2,38700.0,0.0,Tienda,77400.0
2025-08-03,18830,Balon futbol,Deportes,Cali,2,72400.0,0.05,En linea,137560.0
2025-05-20,12537,Chaqueta impermeable,Moda,Medellin,4,80800.0,0.1,Tienda,290880.0
2025-01-24,17384,Juego de ollas,Hogar,Cali,1,75300.0,0.3,En linea,52710.0
2025-07-02,18384,Camiseta basica,Moda,Medellin,2,61000.0,0.0,Tienda,122000.0
2025-10-15,15381,Balon futbol,Deportes,Medellin,1,65300.0,0.15,Tienda,55505.0
2025-12-17,19476,Balon futbol,Deportes,Cali,1,80500.0,0.05,Tienda,76475.0
2025-06-22,14783,Bolso cuero,Moda,Barranquilla,4,68300.0,0.2,En linea,218560.0
2025-03-17,11397,Aspiradora,Hogar,Barranquilla,5,106300.0,0.05,Tienda,504925.0
2025-08-07,10773,Jean slim,Moda,Bogota,2,105800.0,0.2,Tienda,169280.0
2025-11-03,11479,Monitor 24,Tecnologia,Bogota,2,258900.0,0.05,Tienda,491910.0
2025-05-21,16735,Jean slim,Moda,Barranquilla,4,41600.0,0.05,En linea,158080.0
2025-08-23,15533,Teclado mecanico,Tecnologia,Cali,2,375700.0,0.2,En linea,601120.0
2025-04-09,19633,Tenis urbanos,Moda,Medellin,2,61800.0,0.0,Tienda,123600.0
2025-07-25,17157,Tenis urbanos,Moda,Bogota,3,48100.0,0.0,En linea,144300.0
2025-07-23,19911,Aspiradora,Hogar,Cali,3,88500.0,0.05,Tienda,252225.0
2025-05-14,12523,Licuadora,Hogar,Cali,5,31900.0,0.0,En linea,159500.0
2025-08-09,14427,Jean slim,Moda,Medellin,3,81500.0,0.0,Tienda,244500.0
2025-05-08,17714,Jean slim,Moda,Medellin,3,48900.0,0.05,En linea,139365.0
2025-12-29,10090,Licuadora,Hogar,Bogota,4,75800.0,0.05,En linea,288040.0
2025-06-07,10771,Bicicleta estatica,Deportes,Medellin,1,67700.0,0.0,Tienda,67700.0
2025-05-25,18630,Guantes gym,Deportes,Cali,1,127200.0,0.0,Tienda,127200.0
2025-12-31,16677,Camiseta basica,Moda,Barranquilla,1,49100.0,0.0,En linea,49100.0
2025-05-05,17557,Licuadora,Hogar,Medellin,4,37000.0,0.0,En linea,148000.0
2025-02-12,17099,Bicicleta estatica,Deportes,Medellin,4,34100.0,0.1,En linea,122760.0
2025-10-27,15814,Licuadora,Hogar,Medellin,3,171300.0,0.05,Tienda,488205.0
2025-02-05,14528,Licuadora,Hogar,Medellin,4,96500.0,0.15,Tienda,328100.0
2025-08-12,17406,Jean slim,Moda,Bogota,1,34300.0,0.1,Tienda,30870.0
2025-07-20,12720,Tenis urbanos,Moda,Barranquilla,4,51200.0,0.0,Tienda,204800.0
2025-07-12,12688,Bolso cuero,Moda,Barranquilla,1,53800.0,0.15,En linea,45730.0
2025-01-27,19308,Chaqueta impermeable,Moda,Medellin,3,33700.0,0.0,En linea,101100.0
2025-02-04,11402,Licuadora,Hogar,Barranquilla,1,42300.0,0.1,Tienda,38070.0
2025-06-07,13031,Licuadora,Hogar,Barranquilla,5,37300.0,0.0,En linea,186500.0
2025-11-19,14220,Licuadora,Hogar,Cali,3,110700.0,0.0,Tienda,332100.0
2025-09-16,18434,Jean slim,Moda,Medellin,3,91100.0,0.0,En linea,273300.0
2025-08-26,11408,Teclado mecanico,Tecnologia,Barranquilla,3,172700.0,0.0,En linea,518100.0
2025-05-16,16721,Tapete yoga,Deportes,Medellin,2,98800.0,0.1,Tienda,177840.0
2025-08-29,12118,Monitor 24,Tecnologia,Bogota,3,211100.0,0.0,Tienda,633300.0
2025-11-10,12250,Monitor 24,Tecnologia,Barranquilla,1,314900.0,0.0,En linea,314900.0
2025-07-30,16248,Jean slim,Moda,Barranquilla,4,24400.0,0.05,Tienda,92720.0
2025-12-19,16289,Jean slim,Moda,Medellin,1,82600.0,0.0,Tienda,82600.0
2025-04-28,12993,Guantes gym,Deportes,Bogota,2,52300.0,0.15,Tienda,88910.0
2025-05-19,12985,Aspiradora,Hogar,Bogota,1,104500.0,0.0,Tienda,104500.0
2025-03-17,12544,Chaqueta impermeable,Moda,Bogota,2,132800.0,0.1,En linea,239040.0
2025-05-08,18030,Monitor 24,Tecnologia,Bogota,3,529700.0,0.0,Tienda,1589100.0
2025-01-25,18216,Lampara LED,Hogar,Medellin,5,65700.0,0.0,Tienda,328500.0
2025-11-19,13477,Aspiradora,Hogar,Bogota,4,62300.0,0.2,En linea,199360.0
2025-04-04,11110,Bicicleta estatica,Deportes,Barranquilla,2,27200.0,0.1,Tienda,48960.0
2025-03-10,19059,Chaqueta impermeable,Moda,Barranquilla,1,82600.0,0.05,En linea,78470.0
2025-03-17,16565,Lampara LED,Hogar,Barranquilla,2,174700.0,0.0,Tienda,349400.0
2025-05-07,11496,Bicicleta estatica,Deportes,Medellin,4,38800.0,0.1,Tienda,139680.0
2025-12-06,11134,Juego de ollas,Hogar,Medellin,4,150000.0,0.0,En linea,600000.0
2025-11-01,12783,Bolso cuero,Moda,Medellin,3,40000.0,0.05,Tienda,114000.0
2025-06-16,16722,Chaqueta impermeable,Moda,Bogota,1,91800.0,0.0,Tienda,91800.0
2025-10-15,19480,Lampara LED,Hogar,Barranquilla,3,49800.0,0.15,Tienda,126990.0
2025-12-28,16050,Tenis urbanos,Moda,Bogota,3,92700.0,0.0,Tienda,278100.0
2025-08-17,13150,Teclado mecanico,Tecnologia,Medellin,3,390600.0,0.1,Tienda,1054620.0
2025-07-03,11386,Monitor 24,Tecnologia,Barranquilla,3,651700.0,0.0,Tienda,1955100.0
2025-10-22,18840,Set de sabanas,Hogar,Medellin,1,41500.0,0.0,En linea,41500.0
2025-06-04,12156,Camiseta basica,Moda,Medellin,3,54600.0,0.0,En linea,163800.0
2025-04-29,11281,Chaqueta impermeable,Moda,Medellin,1,147100.0,0.1,En linea,132390.0
2025-06-01,11807,Chaqueta impermeable,Moda,Medellin,3,73700.0,0.1,En linea,198990.0
2025-08-28,12157,Jean slim,Moda,Bogota,3,72300.0,0.0,En linea,216900.0
2025-08-22,14607,Bicicleta estatica,Deportes,Bogota,2,74300.0,0.1,Tienda,133740.0
2025-06-24,19994,Jean slim,Moda,Cali,3,98800.0,0.15,Tienda,251940.0
2025-01-13,18635,Chaqueta impermeable,Moda,Medellin,3,65500.0,0.0,Tienda,196500.0
2025-12-15,14053,Set de sabanas,Hogar,Medellin,3,94000.0,0.0,Tienda,282000.0
2025-11-22,11964,Camiseta basica,Moda,Bogota,4,26100.0,0.0,En linea,104400.0
2025-03-26,16076,Bolso cuero,Moda,Medellin,1,48300.0,0.15,En linea,41055.0
2025-03-10,17938,Bolso cuero,Moda,Barranquilla,1,81900.0,0.0,Tienda,81900.0
2025-01-01,17869,Portatil 14,Tecnologia,Bogota,1,822500.0,0.0,En linea,822500.0
2025-06-11,17030,Juego de ollas,Hogar,Medellin,3,87300.0,0.0,Tienda,261900.0
2025-09-09,15297,Guantes gym,Deportes,Bogota,4,57900.0,0.15,Tienda,196860.0
2025-04-11,15138,Balon futbol,Deportes,Bogota,2,94600.0,0.0,En linea,189200.0
2025-02-23,10753,Camiseta basica,Moda,Medellin,2,53100.0,0.1,En linea,95580.0
2025-03-12,13542,Bicicleta estatica,Deportes,Bogota,1,82400.0,0.0,Tienda,82400.0
2025-07-19,19384,Mancuernas 5kg,Deportes,Cali,1,55800.0,0.15,Tienda,47430.0
2025-02-03,10734,Jean slim,Moda,Medellin,2,59700.0,0.0,Tienda,119400.0
2025-12-10,15110,Aspiradora,Hogar,Barranquilla,5,59700.0,0.15,Tienda,253725.0
2025-12-22,11023,Monitor 24,Tecnologia,Cali,1,185300.0,0.0,Tienda,185300.0
2025-04-27,15165,Bicicleta estatica,Deportes,Medellin,1,38100.0,0.0,En linea,38100.0
2025-06-29,13814,Tenis urbanos,Moda,Barranquilla,2,88500.0,0.0,En linea,177000.0
2025-12-28,15450,Balon futbol,Deportes,Bogota,3,67100.0,0.0,Tienda,201300.0
2025-12-11,18777,Audifonos BT,Tecnologia,Medellin,3,478200.0,0.05,En linea,1362870.0
2025-06-17,16679,Tablet 10,Tecnologia,Barranquilla,3,786700.0,0.0,Tienda,2360100.0
2025-02-09,17272,Chaqueta impermeable,Moda,Cali,2,32500.0,0.05,Tienda,61750.0
2025-09-23,11551,Teclado mecanico,Tecnologia,Medellin,3,392100.0,0.2,Tienda,941040.0
2025-09-03,17045,Jean slim,Moda,Cali,2,100600.0,0.05,Tienda,191140.0
2025-05-12,15496,Set de sabanas,Hogar,Barranquilla,4,100100.0,0.1,Tienda,360360.0
2025-04-08,17310,Chaqueta impermeable,Moda,Cali,4,101700.0,0.0,Tienda,406800.0
2025-04-09,17890,Balon futbol,Deportes,Bogota,1,44600.0,0.0,Tienda,44600.0
2025-09-09,18367,Camiseta basica,Moda,Cali,1,217800.0,0.05,Tienda,206910.0
2025-05-22,14266,Tablet 10,Tecnologia,Bogota,1,710200.0,0.05,Tienda,674690.0
2025-12-02,19487,Set de sabanas,Hogar,Medellin,5,119300.0,0.1,Tienda,536850.0
2025-06-20,15679,Jean slim,Moda,Cali,4,32600.0,0.0,Tienda,130400.0
2025-09-28,12113,Monitor 24,Tecnologia,Barranquilla,1,306500.0,0.05,Tienda,291175.0
2025-04-24,17568,Tapete yoga,Deportes,Cali,3,50800.0,0.05,En linea,144780.0
2025-01-25,19729,Juego de ollas,Hogar,Cali,3,78000.0,0.0,Tienda,234000.0
2025-03-29,17675,Lampara LED,Hogar,Bogota,2,52500.0,0.0,Tienda,105000.0
2025-05-04,13742,Mancuernas 5kg,Deportes,Medellin,3,81500.0,0.05,Tienda,232275.0
2025-08-14,19138,Bolso cuero,Moda,Bogota,1,61700.0,0.1,En linea,55530.0
2025-12-29,17823,Set de sabanas,Hogar,Cali,5,46800.0,0.15,En linea,198900.0
2025-12-09,16309,Jean slim,Moda,Barranquilla,4,64900.0,0.15,Tienda,220660.0
2025-04-09,16014,Lampara LED,Hogar,Cali,3,127900.0,0.0,Tienda,383700.0
2025-03-29,10627,Bicicleta estatica,Deportes,Barranquilla,1,54100.0,0.0,En linea,54100.0
2025-06-10,12338,Audifonos BT,Tecnologia,Barranquilla,2,404900.0,0.05,Tienda,769310.0
2025-08-03,13461,Tapete yoga,Deportes,Barranquilla,4,49100.0,0.0,Tienda,186580.0
2025-11-16,16963,Bicicleta estatica,Deportes,Bogota,4,68300.0,0.05,Tienda,259540.0
2025-01-17,11055,Balon futbol,Deportes,Cali,4,68100.0,0.1,Tienda,245160.0
2025-05-02,14207,Guantes gym,Deportes,Barranquilla,1,42300.0,0.1,En linea,38070.0
2025-06-18,12649,Chaqueta impermeable,Moda,Medellin,1,49600.0,0.15,Tienda,42160.0
2025-11-29,18705,Licuadora,Hogar,Medellin,1,77000.0,0.3,Tienda,53900.0
2025-03-13,16603,Tenis urbanos,Moda,Medellin,1,41400.0,0.0,Tienda,41400.0
2025-06-30,16910,Monitor 24,Tecnologia,Cali,3,421700.0,0.0,Tienda,1265100.0
2025-02-13,14457,Set de sabanas,Hogar,Cali,4,81000.0,0.0,Tienda,324000.0
2025-06-30,14780,Licuadora,Hogar,Barranquilla,4,63400.0,0.0,Tienda,253600.0
2025-03-26,11860,Aspiradora,Hogar,Barranquilla,1,100500.0,0.0,Tienda,100500.0
2025-11-13,18645,Audifonos BT,Tecnologia,Bogota,3,198800.0,0.2,Tienda,477120.0
2025-07-19,11878,Guantes gym,Deportes,Medellin,1,49000.0,0.05,En linea,46550.0
2025-12-19,12318,Guantes gym,Deportes,Bogota,4,47700.0,0.0,Tienda,190800.0
2025-03-20,18979,Jean slim,Moda,Bogota,2,85300.0,0.15,Tienda,145010.0
2025-03-12,11599,Set de sabanas,Hogar,Medellin,1,120400.0,0.0,Tienda,120400.0
2025-08-20,15746,Tapete yoga,Deportes,Bogota,4,22600.0,0.0,Tienda,90400.0
2025-09-13,10814,Chaqueta impermeable,Moda,Cali,1,90400.0,0.05,Tienda,85880.0
2025-08-14,15609,Tapete yoga,Deportes,Cali,4,36300.0,0.05,Tienda,137940.0
2025-10-04,11916,Mancuernas 5kg,Deportes,Bogota,1,58400.0,0.05,Tienda,55480.0
2025-04-13,15383,Tapete yoga,Deportes,Cali,4,70100.0,0.15,En linea,238340.0
2025-03-23,10192,Balon futbol,Deportes,Cali,1,108000.0,0.0,Tienda,108000.0
2025-09-21,13757,Balon futbol,Deportes,Barranquilla,1,33800.0,0.05,Tienda,32110.0
2025-03-12,11089,Aspiradora,Hogar,Cali,1,112400.0,0.15,En linea,95540.0
2025-11-08,19301,Bolso cuero,Moda,Barranquilla,3,56400.0,0.05,Tienda,160740.0
2025-02-13,15999,Licuadora,Hogar,Barranquilla,4,86200.0,0.0,En linea,344800.0
2025-07-05,11271,Portatil 14,Tecnologia,Barranquilla,1,302500.0,0.0,En linea,302500.0
2025-02-21,13212,Bicicleta estatica,Deportes,Bogota,4,56800.0,0.1,Tienda,204480.0
2025-07-18,11441,Tapete yoga,Deportes,Cali,3,123200.0,0.0,En linea,369600.0
2025-03-23,19773,Tapete yoga,Deportes,Bogota,4,23400.0,0.0,Tienda,93600.0
2025-06-12,10146,Lampara LED,Hogar,Medellin,2,48300.0,0.0,En linea,96600.0
2025-08-13,12619,Juego de ollas,Hogar,Barranquilla,4,145000.0,0.2,Tienda,464000.0
2025-04-10,19027,Bolso cuero,Moda,Medellin,4,28700.0,0.0,Tienda,114800.0
2025-06-30,14552,Licuadora,Hogar,Cali,5,80600.0,0.0,Tienda,403000.0
2025-01-19,11246,Mancuernas 5kg,Deportes,Bogota,3,51800.0,0.1,Tienda,139860.0
2025-08-10,15739,Monitor 24,Tecnologia,Barranquilla,2,71000.0,0.0,Tienda,120700.0
2025-03-20,11465,Guantes gym,Deportes,Medellin,2,34400.0,0.0,Tienda,68800.0
2025-08-24,14449,Tenis urbanos,Moda,Bogota,1,67000.0,0.15,En linea,56950.0
2025-10-31,10699,Guantes gym,Deportes,Cali,2,61800.0,0.0,Tienda,123600.0
2025-09-01,18065,Chaqueta impermeable,Moda,Medellin,3,112400.0,0.0,En linea,337200.0
2025-09-09,16431,Aspiradora,Hogar,Bogota,3,70900.0,0.2,Tienda,170160.0
2025-04-25,10231,Balon futbol,Deportes,Bogota,3,62300.0,0.0,En linea,186900.0
2025-03-31,11977,Set de sabanas,Hogar,Bogota,3,94800.0,0.2,En linea,227520.0
2025-07-26,15144,Licuadora,Hogar,Bogota,2,44600.0,0.1,Tienda,80280.0
2025-04-11,17870,Tapete yoga,Deportes,Barranquilla,3,54200.0,0.2,Tienda,130080.0
2025-06-14,14044,Licuadora,Hogar,Bogota,4,34600.0,0.0,En linea,138400.0
2025-01-11,10920,Licuadora,Hogar,Bogota,4,74000.0,0.0,Tienda,296000.0
2025-07-19,15532,Tablet 10,Tecnologia,Bogota,1,187400.0,0.0,En linea,187400.0
2025-08-08,12511,Chaqueta impermeable,Moda,Cali,1,50300.0,0.0,Tienda,50300.0
2025-05-29,16188,Portatil 14,Tecnologia,Cali,1,411900.0,0.05,Tienda,391305.0
2025-07-13,18511,Teclado mecanico,Tecnologia,Cali,1,287400.0,0.05,Tienda,273030.0
2025-09-04,12106,Chaqueta impermeable,Moda,Bogota,4,64300.0,0.0,En linea,257200.0
2025-12-16,18273,Set de sabanas,Hogar,Cali,3,98000.0,0.0,En linea,294000.0
2025-04-15,15568,Jean slim,Moda,Cali,2,33800.0,0.1,En linea,60840.0
2025-08-04,17682,Licuadora,Hogar,Bogota,1,204800.0,0.1,En linea,184320.0
2025-07-29,17431,Mancuernas 5kg,Deportes,Medellin,2,57800.0,0.05,Tienda,109820.0
2025-09-17,15025,Lampara LED,Hogar,Medellin,5,69100.0,0.0,Tienda,345500.0
2025-11-19,13827,Aspiradora,Hogar,Cali,5,71100.0,0.0,En linea,355500.0
2025-09-09,18635,Tenis urbanos,Moda,Cali,3,78200.0,0.0,En linea,234600.0
2025-04-28,12797,Aspiradora,Hogar,Barranquilla,2,174800.0,0.1,Tienda,314640.0
2025-10-20,13370,Tenis urbanos,Moda,Medellin,2,78200.0,0.2,Tienda,125120.0
2025-07-12,18995,Balon futbol,Deportes,Medellin,4,59000.0,0.0,En linea,236000.0
2025-08-05,15631,Mancuernas 5kg,Deportes,Barranquilla,1,43600.0,0.2,En linea,34880.0
2025-01-31,11260,Juego de ollas,Hogar,Medellin,2,70900.0,0.0,Tienda,141800.0
2025-01-16,16771,Chaqueta impermeable,Moda,Barranquilla,2,24000.0,0.0,Tienda,48000.0
2025-11-25,16346,Chaqueta impermeable,Moda,Medellin,1,116000.0,0.05,Tienda,110200.0
2025-03-09,18287,Lampara LED,Hogar,Medellin,4,86900.0,0.0,Tienda,347600.0
2025-05-02,13950,Set de sabanas,Hogar,Cali,2,68300.0,0.0,Tienda,136600.0
2025-12-07,12455,Tenis urbanos,Moda,Cali,2,45900.0,0.2,Tienda,73440.0
2025-10-02,10869,Licuadora,Hogar,Barranquilla,3,39100.0,0.0,Tienda,117300.0
2025-03-29,12398,Lampara LED,Hogar,Medellin,5,32800.0,0.05,Tienda,155800.0
2025-09-30,18615,Monitor 24,Tecnologia,Bogota,2,348200.0,0.0,Tienda,696400.0
2025-09-27,15038,Licuadora,Hogar,Bogota,1,54300.0,0.1,Tienda,48870.0
2025-04-06,17126,Monitor 24,Tecnologia,Barranquilla,3,175100.0,0.05,Tienda,499035.0
2025-07-05,16898,Tablet 10,Tecnologia,Cali,1,537700.0,0.0,Tienda,537700.0
2025-04-16,16742,Bolso cuero,Moda,Cali,4,47900.0,0.05,Tienda,182020.0
2025-03-23,12858,Camiseta basica,Moda,Medellin,2,81500.0,0.15,Tienda,138550.0
2025-12-23,16223,Mancuernas 5kg,Deportes,Medellin,3,42000.0,0.15,Tienda,107100.0
2025-12-22,19768,Aspiradora,Hogar,Bogota,1,132300.0,0.1,Tienda,119070.0
2025-01-17,16510,Bolso cuero,Moda,Cali,1,97600.0,0.05,En linea,92720.0
2025-02-27,12295,Bolso cuero,Moda,Bogota,4,55100.0,0.2,Tienda,176320.0
2025-08-21,15175,Tenis urbanos,Moda,Medellin,3,42900.0,0.15,Tienda,109395.0
2025-12-04,17230,Juego de ollas,Hogar,Bogota,2,24100.0,0.2,Tienda,38560.0
2025-02-13,18752,Aspiradora,Hogar,Barranquilla,5,85700.0,0.3,Tienda,299950.0
2025-09-18,19681,Juego de ollas,Hogar,Cali,4,28900.0,0.05,Tienda,109820.0
2025-07-14,17283,Teclado mecanico,Tecnologia,Bogota,1,223300.0,0.05,Tienda,212135.0
2025-03-19,18670,Licuadora,Hogar,Bogota,1,46300.0,0.0,Tienda,46300.0
2025-10-06,10067,Balon futbol,Deportes,Bogota,3,26000.0,0.0,Tienda,78000.0
2025-06-29,14518,Set de sabanas,Hogar,Bogota,4,66500.0,0.1,En linea,239400.0
2025-09-29,12043,Mancuernas 5kg,Deportes,Bogota,1,54900.0,0.1,Tienda,49410.0
2025-12-13,11067,Portatil 14,Tecnologia,Bogota,3,250500.0,0.15,Tienda,638775.0
2025-08-14,17301,Chaqueta impermeable,Moda,Barranquilla,3,60200.0,0.0,Tienda,180600.0
2025-08-11,16600,Camiseta basica,Moda,Medellin,1,17600.0,0.0,Tienda,17600.0
2025-12-21,14523,Tenis urbanos,Moda,Bogota,2,52600.0,0.2,En linea,84160.0
2025-01-30,13184,Bicicleta estatica,Deportes,Medellin,2,67400.0,0.1,Tienda,121320.0
2025-04-03,13888,Audifonos BT,Tecnologia,Bogota,1,175500.0,0.0,Tienda,175500.0
2025-08-22,16115,Teclado mecanico,Tecnologia,Medellin,1,293700.0,0.15,En linea,249645.0
2025-08-19,16615,Bolso cuero,Moda,Barranquilla,1,92700.0,0.0,En linea,92700.0
2025-11-06,11883,Set de sabanas,Hogar,Medellin,5,45300.0,0.15,En linea,192525.0
2025-11-25,18657,Chaqueta impermeable,Moda,Medellin,3,77500.0,0.0,En linea,232500.0
2025-11-11,19343,Licuadora,Hogar,Medellin,1,54300.0,0.0,En linea,54300.0
2025-02-23,17569,Bolso cuero,Moda,Bogota,3,29900.0,0.0,En linea,89700.0
2025-11-17,18454,Set de sabanas,Hogar,Cali,5,24800.0,0.0,Tienda,124000.0
2025-08-27,10546,Jean slim,Moda,Medellin,2,141300.0,0.0,En linea,282600.0
2025-12-27,15539,Tapete yoga,Deportes,Bogota,4,47200.0,0.0,Tienda,188800.0
2025-03-15,13067,Camiseta basica,Moda,Medellin,2,19800.0,0.05,Tienda,37620.0
2025-12-22,12712,Set de sabanas,Hogar,Barranquilla,1,113400.0,0.2,Tienda,90720.0
2025-11-03,12181,Tapete yoga,Deportes,Medellin,3,35200.0,0.0,En linea,105600.0
2025-06-05,17924,Lampara LED,Hogar,Cali,3,62000.0,0.2,Tienda,148800.0
2025-10-18,10418,Teclado mecanico,Tecnologia,Medellin,2,277300.0,0.15,En linea,471410.0
2025-10-27,10470,Monitor 24,Tecnologia,Medellin,1,433600.0,0.0,Tienda,433600.0
2025-05-16,12428,Balon futbol,Deportes,Barranquilla,2,27700.0,0.0,En linea,55400.0
2025-07-06,17724,Aspiradora,Hogar,Barranquilla,4,316100.0,0.0,Tienda,1264400.0
2025-03-17,18504,Licuadora,Hogar,Medellin,2,38300.0,0.0,Tienda,76600.0
2025-11-13,19636,Guantes gym,Deportes,Bogota,2,64900.0,0.1,En linea,116820.0
2025-06-02,15780,Tapete yoga,Deportes,Medellin,1,41300.0,0.0,Tienda,41300.0
2025-02-23,11430,Bicicleta estatica,Deportes,Bogota,4,102300.0,0.0,En linea,409200.0
2025-06-06,17798,Bolso cuero,Moda,Bogota,1,94800.0,0.0,En linea,94800.0
2025-06-25,14401,Set de sabanas,Hogar,Cali,5,83200.0,0.0,En linea,416000.0
2025-11-28,18048,Bolso cuero,Moda,Bogota,4,102200.0,0.0,Tienda,408800.0
2025-05-13,14255,Licuadora,Hogar,Barranquilla,4,92900.0,0.0,En linea,371600.0
2025-11-09,19268,Bicicleta estatica,Deportes,Bogota,1,52200.0,0.1,Tienda,46980.0
2025-11-09,18895,Tenis urbanos,Moda,Bogota,3,125200.0,0.0,Tienda,375600.0
2025-03-19,10529,Lampara LED,Hogar,Cali,2,37800.0,0.0,En linea,75600.0
2025-05-09,11264,Licuadora,Hogar,Medellin,2,41900.0,0.1,En linea,75420.0
2025-10-06,14093,Audifonos BT,Tecnologia,Medellin,3,229300.0,0.0,Tienda,687900.0
2025-10-21,19150,Tenis urbanos,Moda,Cali,4,66200.0,0.0,Tienda,251560.0
2025-02-21,19451,Jean slim,Moda,Bogota,3,85100.0,0.05,En linea,242535.0
2025-02-23,14292,Mancuernas 5kg,Deportes,Medellin,3,37300.0,0.0,En linea,111900.0
2025-11-24,18464,Jean slim,Moda,Medellin,1,104300.0,0.0,En linea,104300.0
2025-09-28,10556,Lampara LED,Hogar,Medellin,3,72200.0,0.05,Tienda,205770.0
2025-05-12,19140,Tapete yoga,Deportes,Medellin,1,41600.0,0.1,En linea,37440.0
2025-10-29,11489,Bicicleta estatica,Deportes,Bogota,3,47700.0,0.1,Tienda,128790.0
2025-03-08,15727,Teclado mecanico,Tecnologia,Medellin,3,344400.0,0.15,Tienda,878220.0
2025-05-19,15223,Bolso cuero,Moda,Barranquilla,3,43800.0,0.0,En linea,131400.0
2025-08-05,14145,Bolso cuero,Moda,Cali,4,33200.0,0.1,Tienda,119520.0
2025-06-07,18448,Tapete yoga,Deportes,Bogota,1,53700.0,0.1,Tienda,48330.0
2025-05-10,19524,Tapete yoga,Deportes,Medellin,1,50900.0,0.0,En linea,50900.0
2025-07-11,13297,Chaqueta impermeable,Moda,Cali,4,35300.0,0.15,En linea,120020.0
2025-04-29,16878,Audifonos BT,Tecnologia,Barranquilla,1,826300.0,0.15,Tienda,702355.0
2025-01-07,16663,Jean slim,Moda,Cali,3,20200.0,0.15,Tienda,51510.0
2025-01-17,14840,Lampara LED,Hogar,Bogota,4,54200.0,0.05,En linea,205960.0
2025-10-20,13978,Set de sabanas,Hogar,Barranquilla,1,125000.0,0.0,Tienda,125000.0
2025-09-13,19571,Mancuernas 5kg,Deportes,Barranquilla,2,81000.0,0.05,En linea,153900.0
2025-04-14,16747,Tablet 10,Tecnologia,Medellin,3,159800.0,0.0,Tienda,479400.0
2025-02-15,15031,Jean slim,Moda,Barranquilla,2,75600.0,0.0,Tienda,151200.0
2025-05-05,13104,Licuadora,Hogar,Medellin,3,61900.0,0.05,Tienda,176415.0
2025-05-16,15946,Set de sabanas,Hogar,Barranquilla,4,108600.0,0.15,En linea,369240.0
2025-04-02,14321,Guantes gym,Deportes,Cali,1,34800.0,0.05,Tienda,33060.0
2025-07-06,15787,Tenis urbanos,Moda,Medellin,4,30700.0,0.3,Tienda,85960.0
2025-02-10,15231,Portatil 14,Tecnologia,Barranquilla,1,573200.0,0.05,Tienda,544540.0
2025-10-06,11546,Chaqueta impermeable,Moda,Medellin,2,98800.0,0.1,Tienda,177840.0
2025-04-28,12465,Juego de ollas,Hogar,Barranquilla,3,138400.0,0.1,En linea,373680.0
2025-08-25,14603,Mancuernas 5kg,Deportes,Cali,2,21100.0,0.0,Tienda,37980.0
2025-08-24,18849,Jean slim,Moda,Medellin,1,41500.0,0.0,Tienda,41500.0
2025-04-02,17595,Tenis urbanos,Moda,Medellin,4,62300.0,0.05,Tienda,236740.0
2025-06-08,11934,Tapete yoga,Deportes,Bogota,2,96400.0,0.0,Tienda,192800.0
2025-08-16,10357,Tenis urbanos,Moda,Medellin,1,102300.0,0.15,En linea,86955.0
2025-06-18,10771,Audifonos BT,Tecnologia,Bogota,3,827300.0,0.05,En linea,2357805.0
2025-12-05,12622,Juego de ollas,Hogar,Bogota,5,29700.0,0.05,Tienda,141075.0
2025-08-28,16181,Balon futbol,Deportes,Bogota,3,56900.0,0.0,En linea,170700.0
2025-02-20,11535,Chaqueta impermeable,Moda,Cali,4,123300.0,0.0,Tienda,493200.0
2025-04-29,14604,Aspiradora,Hogar,Bogota,4,275700.0,0.0,En linea,1102800.0
2025-11-12,13908,Set de sabanas,Hogar,Medellin,2,50400.0,0.0,Tienda,100800.0
2025-03-02,16192,Camiseta basica,Moda,Barranquilla,3,35300.0,0.15,En linea,90015.0
2025-01-16,10873,Balon futbol,Deportes,Bogota,1,101100.0,0.0,En linea,80880.0
2025-03-17,14464,Chaqueta impermeable,Moda,Bogota,2,33300.0,0.0,Tienda,66600.0
2025-05-10,16660,Tapete yoga,Deportes,Bogota,3,41500.0,0.2,Tienda,99600.0
2025-12-25,14391,Portatil 14,Tecnologia,Barranquilla,2,417100.0,0.15,En linea,709070.0
2025-08-28,11317,Aspiradora,Hogar,Barranquilla,4,49500.0,0.05,Tienda,188100.0
2025-07-11,19975,Tablet 10,Tecnologia,Medellin,2,277300.0,0.0,Tienda,554600.0
2025-03-28,13138,Lampara LED,Hogar,Barranquilla,3,52700.0,0.05,Tienda,150195.0
2025-06-22,14792,Camiseta basica,Moda,Medellin,1,71300.0,0.0,En linea,71300.0
2025-12-02,16254,Set de sabanas,Hogar,Bogota,3,194200.0,0.05,En linea,553470.0
2025-06-01,18692,Lampara LED,Hogar,Medellin,3,18300.0,0.15,Tienda,46665.0
2025-08-28,12092,Aspiradora,Hogar,Barranquilla,4,96800.0,0.0,En linea,387200.0
2025-03-23,15536,Bicicleta estatica,Deportes,Cali,4,89100.0,0.1,Tienda,320760.0
2025-03-08,13449,Mancuernas 5kg,Deportes,Medellin,4,49300.0,0.05,Tienda,187340.0
2025-02-04,10171,Lampara LED,Hogar,Barranquilla,3,213600.0,0.05,En linea,608760.0
2025-03-15,10155,Camiseta basica,Moda,Cali,1,127100.0,0.0,Tienda,127100.0
2025-01-10,16452,Portatil 14,Tecnologia,Medellin,1,225400.0,0.2,En linea,180320.0
2025-06-20,19914,Teclado mecanico,Tecnologia,Bogota,3,686200.0,0.0,Tienda,2058600.0
2025-07-13,10596,Camiseta basica,Moda,Bogota,1,125900.0,0.05,En linea,119605.0
2025-06-21,14679,Juego de ollas,Hogar,Bogota,2,64400.0,0.05,En linea,122360.0
2025-03-08,12401,Lampara LED,Hogar,Medellin,1,84000.0,0.05,Tienda,79800.0
2025-02-15,13843,Licuadora,Hogar,Bogota,1,53500.0,0.0,Tienda,53500.0
2025-06-20,10871,Aspiradora,Hogar,Bogota,4,185400.0,0.0,Tienda,741600.0
2025-04-20,10796,Mancuernas 5kg,Deportes,Cali,1,57000.0,0.1,En linea,51300.0
2025-06-02,19646,Set de sabanas,Hogar,Barranquilla,3,57100.0,0.05,Tienda,162735.0
2025-06-29,12270,Bolso cuero,Moda,Cali,1,107200.0,0.0,En linea,107200.0
2025-04-13,13918,Monitor 24,Tecnologia,Bogota,1,485700.0,0.2,Tienda,388560.0
2025-01-15,18050,Chaqueta impermeable,Moda,Bogota,2,46100.0,0.05,En linea,87590.0
2025-12-09,18943,Monitor 24,Tecnologia,Medellin,2,206800.0,0.0,En linea,413600.0
2025-04-08,17201,Balon futbol,Deportes,Medellin,1,45000.0,0.0,En linea,45000.0
2025-04-03,12706,Camiseta basica,Moda,Cali,3,48200.0,0.0,Tienda,144600.0
2025-04-20,13807,Aspiradora,Hogar,Medellin,3,78400.0,0.0,Tienda,235200.0
2025-06-07,12293,Bolso cuero,Moda,Bogota,1,38600.0,0.3,En linea,27020.0
2025-10-27,15627,Set de sabanas,Hogar,Bogota,3,92200.0,0.0,Tienda,276600.0
2025-03-10,16067,Balon futbol,Deportes,Cali,2,37300.0,0.05,Tienda,70870.0
2025-03-02,19436,Juego de ollas,Hogar,Cali,3,52800.0,0.0,En linea,158400.0
2025-06-05,14839,Jean slim,Moda,Bogota,4,38100.0,0.0,Tienda,152400.0
2025-05-24,11805,Camiseta basica,Moda,Barranquilla,4,28000.0,0.0,Tienda,112000.0
2025-01-12,19588,Lampara LED,Hogar,Cali,1,38300.0,0.0,Tienda,38300.0
2025-02-27,11619,Jean slim,Moda,Barranquilla,3,54100.0,0.0,Tienda,162300.0
2025-05-29,16023,Monitor 24,Tecnologia,Medellin,3,401900.0,0.1,En linea,1085130.0
2025-09-17,11232,Jean slim,Moda,Cali,2,46900.0,0.15,Tienda,79730.0
2025-09-07,10531,Bolso cuero,Moda,Bogota,3,57300.0,0.2,En linea,137520.0
2025-07-05,19616,Tenis urbanos,Moda,Cali,3,73700.0,0.0,Tienda,221100.0
2025-06-29,13629,Bicicleta estatica,Deportes,Bogota,4,36600.0,0.0,Tienda,146400.0
2025-07-17,10128,Camiseta basica,Moda,Medellin,3,134200.0,0.15,Tienda,342210.0
2025-02-09,13562,Licuadora,Hogar,Cali,2,49400.0,0.1,Tienda,88920.0
2025-06-10,14890,Lampara LED,Hogar,Bogota,5,93700.0,0.0,Tienda,468500.0
2025-10-29,11648,Aspiradora,Hogar,Bogota,2,125000.0,0.15,Tienda,212500.0
2025-06-05,12465,Jean slim,Moda,Medellin,3,56300.0,0.0,Tienda,168900.0
2025-05-15,10830,Audifonos BT,Tecnologia,Bogota,2,321400.0,0.0,En linea,642800.0
2025-03-20,17122,Portatil 14,Tecnologia,Medellin,3,359400.0,0.3,Tienda,754740.0
2025-06-05,11825,Juego de ollas,Hogar,Medellin,5,102000.0,0.1,Tienda,459000.0
2025-01-07,18434,Chaqueta impermeable,Moda,Medellin,3,38300.0,0.0,En linea,114900.0
2025-09-16,18617,Chaqueta impermeable,Moda,Barranquilla,2,98100.0,0.0,En linea,196200.0
2025-02-01,13022,Jean slim,Moda,Bogota,2,90900.0,0.05,Tienda,172710.0
2025-05-18,16067,Licuadora,Hogar,Bogota,1,268400.0,0.1,En linea,241560.0
2025-10-26,16348,Bicicleta estatica,Deportes,Medellin,4,112700.0,0.0,Tienda,450800.0
2025-02-07,16787,Licuadora,Hogar,Bogota,4,74100.0,0.0,Tienda,296400.0
2025-03-17,11656,Licuadora,Hogar,Bogota,3,83100.0,0.05,Tienda,236835.0
2025-09-08,19134,Monitor 24,Tecnologia,Cali,1,348200.0,0.05,Tienda,330790.0
2025-07-08,17845,Jean slim,Moda,Bogota,4,128300.0,0.0,Tienda,513200.0
2025-07-15,15607,Jean slim,Moda,Medellin,3,134300.0,0.0,En linea,402900.0
2025-12-23,16582,Bolso cuero,Moda,Barranquilla,3,119000.0,0.15,Tienda,303450.0
2025-04-02,18640,Tenis urbanos,Moda,Medellin,4,128600.0,0.1,En linea,462960.0
2025-04-24,11427,Juego de ollas,Hogar,Bogota,3,32700.0,0.0,Tienda,98100.0
2025-06-23,11206,Balon futbol,Deportes,Medellin,3,31800.0,0.05,En linea,90630.0
2025-07-09,11127,Jean slim,Moda,Cali,3,84400.0,0.05,Tienda,240540.0
2025-11-29,10548,Licuadora,Hogar,Bogota,2,105400.0,0.2,Tienda,168640.0
2025-08-30,14895,Balon futbol,Deportes,Bogota,3,42400.0,0.05,En linea,120840.0
2025-07-09,10472,Teclado mecanico,Tecnologia,Barranquilla,1,437900.0,0.0,Tienda,437900.0
2025-08-05,19958,Jean slim,Moda,Bogota,3,42400.0,0.0,En linea,127200.0
2025-01-11,10154,Portatil 14,Tecnologia,Bogota,3,981500.0,0.15,En linea,2502825.0
2025-03-03,13282,Aspiradora,Hogar,Barranquilla,2,28400.0,0.2,Tienda,45440.0
2025-02-23,16990,Chaqueta impermeable,Moda,Cali,4,86800.0,0.0,Tienda,347200.0
2025-09-24,18910,Lampara LED,Hogar,Medellin,1,74100.0,0.05,Tienda,70395.0
2025-07-12,15337,Aspiradora,Hogar,Bogota,4,57900.0,0.0,En linea,231600.0
2025-08-31,19650,Camiseta basica,Moda,Bogota,2,151500.0,0.2,Tienda,242400.0
2025-10-03,18509,Monitor 24,Tecnologia,Bogota,1,286800.0,0.0,Tienda,286800.0
2025-09-06,17627,Chaqueta impermeable,Moda,Bogota,3,154500.0,0.0,Tienda,463500.0
2025-08-12,18811,Licuadora,Hogar,Barranquilla,4,88900.0,0.0,En linea,355600.0
2025-06-24,13466,Teclado mecanico,Tecnologia,Barranquilla,1,582500.0,0.3,En linea,407750.0
2025-10-27,11024,Camiseta basica,Moda,Medellin,3,102600.0,0.05,Tienda,292410.0
2025-02-06,17674,Bicicleta estatica,Deportes,Barranquilla,3,81100.0,0.0,Tienda,243300.0
2025-10-30,15227,Lampara LED,Hogar,Bogota,1,77400.0,0.05,Tienda,73530.0
2025-05-11,10838,Set de sabanas,Hogar,Barranquilla,4,46500.0,0.15,Tienda,158100.0
2025-11-29,16456,Lampara LED,Hogar,Cali,3,105100.0,0.1,En linea,283770.0
2025-11-15,11645,Lampara LED,Hogar,Medellin,3,85600.0,0.1,Tienda,231120.0
2025-05-31,18372,Set de sabanas,Hogar,Bogota,3,49100.0,0.0,Tienda,147300.0
2025-04-19,17087,Teclado mecanico,Tecnologia,Bogota,2,337700.0,0.0,En linea,675400.0
2025-01-10,16966,Guantes gym,Deportes,Barranquilla,4,64300.0,0.05,Tienda,244340.0
2025-07-09,18095,Tapete yoga,Deportes,Barranquilla,3,63200.0,0.0,Tienda,189600.0
2025-07-11,13492,Camiseta basica,Moda,Bogota,1,41900.0,0.0,Tienda,41900.0
2025-07-04,13817,Chaqueta impermeable,Moda,Barranquilla,2,99100.0,0.1,Tienda,178380.0
2025-06-14,13676,Camiseta basica,Moda,Medellin,1,81000.0,0.15,Tienda,68850.0
2025-01-07,18138,Monitor 24,Tecnologia,Bogota,3,346200.0,0.1,Tienda,934740.0
2025-12-15,10800,Portatil 14,Tecnologia,Medellin,3,417800.0,0.0,En linea,1253400.0
2025-03-13,11262,Guantes gym,Deportes,Barranquilla,2,34700.0,0.0,Tienda,69400.0
2025-10-16,10733,Monitor 24,Tecnologia,Cali,2,284000.0,0.1,Tienda,511200.0
2025-07-16,18790,Bolso cuero,Moda,Bogota,2,54400.0,0.15,Tienda,92480.0
2025-02-16,19951,Lampara LED,Hogar,Cali,3,80400.0,0.0,Tienda,241200.0
2025-07-04,14676,Licuadora,Hogar,Cali,2,36200.0,0.15,Tienda,61540.0
2025-12-14,12763,Tablet 10,Tecnologia,Bogota,2,446500.0,0.2,En linea,714400.0
2025-01-22,12108,Aspiradora,Hogar,Bogota,5,39100.0,0.15,Tienda,166175.0
2025-05-13,11185,Set de sabanas,Hogar,Cali,2,31800.0,0.0,En linea,63600.0
2025-09-14,10830,Camiseta basica,Moda,Barranquilla,2,49400.0,0.0,Tienda,98800.0
2025-05-02,13991,Camiseta basica,Moda,Cali,1,51600.0,0.2,En linea,41280.0
2025-05-11,12073,Chaqueta impermeable,Moda,Barranquilla,4,250300.0,0.15,En linea,851020.0
2025-10-04,14654,Balon futbol,Deportes,Cali,4,62400.0,0.1,Tienda,224640.0
2025-08-16,15880,Set de sabanas,Hogar,Medellin,3,124600.0,0.0,En linea,373800.0
2025-01-12,11232,Tenis urbanos,Moda,Cali,1,61400.0,0.15,Tienda,52190.0
2025-02-26,14837,Bicicleta estatica,Deportes,Medellin,2,27100.0,0.2,Tienda,43360.0
2025-08-02,14660,Tapete yoga,Deportes,Bogota,1,23400.0,0.0,Tienda,23400.0
2025-11-08,19953,Jean slim,Moda,Medellin,1,24800.0,0.0,Tienda,24800.0
2025-02-17,12181,Tapete yoga,Deportes,Medellin,1,46500.0,0.1,Tienda,41850.0
2025-08-05,15445,Camiseta basica,Moda,Bogota,4,101500.0,0.15,Tienda,345100.0
2025-10-30,13988,Camiseta basica,Moda,Medellin,3,38600.0,0.0,En linea,115800.0
2025-11-09,10268,Juego de ollas,Hogar,Bogota,4,196100.0,0.0,Tienda,784400.0
2025-04-17,14304,Lampara LED,Hogar,Bogota,2,153000.0,0.05,Tienda,290700.0
2025-06-29,16372,Juego de ollas,Hogar,Cali,5,30700.0,0.0,Tienda,153500.0
2025-03-21,10794,Camiseta basica,Moda,Barranquilla,3,22900.0,0.0,En linea,68700.0
2025-04-11,17078,Guantes gym,Deportes,Medellin,4,36100.0,0.0,En linea,144400.0
2025-06-14,13993,Guantes gym,Deportes,Bogota,4,68400.0,0.2,Tienda,218880.0
2025-10-03,18424,Licuadora,Hogar,Barranquilla,4,59000.0,0.0,Tienda,236000.0
2025-07-25,15851,Chaqueta impermeable,Moda,Bogota,2,76000.0,0.0,Tienda,152000.0
2025-06-14,17033,Audifonos BT,Tecnologia,Medellin,1,588300.0,0.0,En linea,588300.0
2025-09-14,12831,Lampara LED,Hogar,Medellin,3,55800.0,0.05,En linea,159030.0
2025-09-17,16501,Licuadora,Hogar,Barranquilla,3,129500.0,0.3,Tienda,271950.0
2025-01-28,11670,Tapete yoga,Deportes,Barranquilla,2,24800.0,0.05,En linea,47120.0
2025-02-10,13910,Guantes gym,Deportes,Cali,4,43300.0,0.0,En linea,173200.0
2025-12-20,14723,Tapete yoga,Deportes,Cali,3,44200.0,0.0,En linea,132600.0
2025-12-27,11269,Portatil 14,Tecnologia,Medellin,3,317300.0,0.0,Tienda,951900.0
2025-03-11,13184,Tablet 10,Tecnologia,Cali,2,252800.0,0.0,En linea,505600.0
2025-10-30,15432,Mancuernas 5kg,Deportes,Medellin,2,41400.0,0.1,Tienda,74520.0
2025-01-13,12783,Set de sabanas,Hogar,Barranquilla,2,129500.0,0.05,Tienda,246050.0
2025-11-19,10822,Mancuernas 5kg,Deportes,Cali,1,65700.0,0.15,Tienda,55845.0
2025-05-04,16862,Chaqueta impermeable,Moda,Cali,1,289400.0,0.3,En linea,202580.0
2025-03-09,15394,Lampara LED,Hogar,Medellin,5,65600.0,0.05,Tienda,311600.0
2025-10-09,10605,Bicicleta estatica,Deportes,Cali,2,39700.0,0.2,Tienda,63520.0
2025-07-16,13747,Set de sabanas,Hogar,Bogota,2,82900.0,0.15,Tienda,140930.0
2025-05-16,14606,Balon futbol,Deportes,Bogota,2,34400.0,0.2,En linea,55040.0
2025-07-14,16885,Bicicleta estatica,Deportes,Barranquilla,4,118500.0,0.0,Tienda,474000.0
2025-01-05,18198,Tenis urbanos,Moda,Medellin,2,71600.0,0.0,Tienda,143200.0
2025-06-26,17550,Tapete yoga,Deportes,Bogota,1,34500.0,0.3,En linea,24150.0
2025-01-28,17254,Jean slim,Moda,Medellin,3,84300.0,0.0,Tienda,252900.0
2025-04-30,10458,Camiseta basica,Moda,Cali,1,33000.0,0.0,En linea,33000.0
2025-12-18,19763,Aspiradora,Hogar,Medellin,3,74700.0,0.05,Tienda,212895.0
2025-08-22,12884,Tenis urbanos,Moda,Medellin,1,21900.0,0.0,Tienda,21900.0
2025-09-01,13546,Juego de ollas,Hogar,Bogota,4,86200.0,0.1,Tienda,310320.0
2025-05-29,18887,Tapete yoga,Deportes,Cali,4,82500.0,0.0,En linea,330000.0
2025-07-22,11753,Portatil 14,Tecnologia,Medellin,2,348700.0,0.1,Tienda,627660.0
2025-07-06,19042,Camiseta basica,Moda,Barranquilla,3,64200.0,0.15,En linea,163710.0
2025-02-19,16997,Licuadora,Hogar,Cali,3,70500.0,0.2,En linea,169200.0
2025-01-26,13204,Camiseta basica,Moda,Cali,1,96300.0,0.0,En linea,96300.0
2025-06-30,18642,Jean slim,Moda,Bogota,2,22000.0,0.1,En linea,39600.0
2025-03-23,18841,Portatil 14,Tecnologia,Cali,1,360100.0,0.1,Tienda,324090.0
2025-08-20,11396,Tenis urbanos,Moda,Cali,2,44300.0,0.1,Tienda,79740.0
2025-04-13,11754,Tablet 10,Tecnologia,Cali,2,251800.0,0.2,Tienda,402880.0
2025-11-29,11060,Chaqueta impermeable,Moda,Bogota,3,79400.0,0.0,En linea,238200.0
2025-01-20,17471,Teclado mecanico,Tecnologia,Barranquilla,1,669700.0,0.1,Tienda,602730.0
2025-09-25,11411,Chaqueta impermeable,Moda,Medellin,3,61100.0,0.0,En linea,183300.0
2025-03-02,13553,Camiseta basica,Moda,Barranquilla,2,58200.0,0.0,En linea,116400.0
2025-07-11,13494,Licuadora,Hogar,Medellin,1,104400.0,0.0,En linea,104400.0
2025-07-05,18098,Set de sabanas,Hogar,Bogota,1,117300.0,0.1,Tienda,105570.0
2025-07-18,12881,Portatil 14,Tecnologia,Cali,3,390900.0,0.15,En linea,996795.0
2025-03-03,16292,Aspiradora,Hogar,Cali,4,42700.0,0.05,En linea,162260.0
2025-05-04,15260,Aspiradora,Hogar,Medellin,5,129700.0,0.0,Tienda,648500.0
2025-01-20,13824,Juego de ollas,Hogar,Medellin,4,47000.0,0.1,En linea,169200.0
2025-09-04,10861,Bolso cuero,Moda,Bogota,3,46700.0,0.3,En linea,98070.0
2025-07-30,19737,Licuadora,Hogar,Barranquilla,4,53500.0,0.05,Tienda,203300.0
2025-04-18,10708,Chaqueta impermeable,Moda,Barranquilla,4,45000.0,0.0,En linea,180000.0
2025-11-04,12579,Tenis urbanos,Moda,Cali,2,79200.0,0.0,Tienda,158400.0
2025-12-03,18799,Bolso cuero,Moda,Barranquilla,2,114800.0,0.0,Tienda,229600.0
2025-08-30,10090,Camiseta basica,Moda,Medellin,1,40800.0,0.15,Tienda,34680.0
2025-04-30,14291,Bolso cuero,Moda,Bogota,2,44800.0,0.15,En linea,76160.0
2025-11-05,18088,Tenis urbanos,Moda,Medellin,3,57300.0,0.0,Tienda,171900.0
2025-07-03,10678,Bicicleta estatica,Deportes,Cali,2,98400.0,0.05,Tienda,186960.0
2025-09-16,19223,Chaqueta impermeable,Moda,Cali,2,28700.0,0.15,Tienda,48790.0
2025-03-19,17254,Juego de ollas,Hogar,Barranquilla,2,137600.0,0.0,Tienda,275200.0
2025-10-19,10220,Mancuernas 5kg,Deportes,Barranquilla,1,81300.0,0.1,Tienda,73170.0
2025-02-12,17186,Jean slim,Moda,Barranquilla,3,118600.0,0.05,En linea,338010.0
2025-01-26,11439,Tenis urbanos,Moda,Medellin,1,57600.0,0.15,Tienda,48960.0
2025-01-25,16569,Balon futbol,Deportes,Medellin,2,69900.0,0.0,En linea,139800.0
2025-01-23,17368,Chaqueta impermeable,Moda,Bogota,4,63400.0,0.2,Tienda,202880.0
2025-02-27,19280,Bicicleta estatica,Deportes,Bogota,1,31000.0,0.1,En linea,27900.0
2025-07-18,12556,Guantes gym,Deportes,Cali,1,64100.0,0.05,En linea,60895.0
2025-06-22,19492,Monitor 24,Tecnologia,Medellin,1,268600.0,0.0,En linea,268600.0
2025-01-12,16110,Mancuernas 5kg,Deportes,Cali,1,62700.0,0.0,Tienda,62700.0
2025-06-21,19147,Bicicleta estatica,Deportes,Bogota,3,44000.0,0.2,Tienda,105600.0
2025-11-28,16913,Teclado mecanico,Tecnologia,Medellin,1,289400.0,0.3,Tienda,202580.0
2025-08-16,13564,Guantes gym,Deportes,Bogota,3,62600.0,0.05,En linea,178410.0
2025-01-28,11007,Bicicleta estatica,Deportes,Medellin,3,39900.0,0.05,En linea,113715.0
2025-11-23,11641,Chaqueta impermeable,Moda,Barranquilla,1,106500.0,0.0,En linea,106500.0
2025-11-06,14262,Audifonos BT,Tecnologia,Barranquilla,1,192500.0,0.0,Tienda,192500.0
2025-08-08,16569,Licuadora,Hogar,Barranquilla,4,92600.0,0.15,En linea,314840.0
2025-11-20,10643,Juego de ollas,Hogar,Cali,2,32600.0,0.0,En linea,65200.0
2025-07-26,16281,Set de sabanas,Hogar,Bogota,2,37100.0,0.0,Tienda,74200.0
2025-09-16,10436,Guantes gym,Deportes,Medellin,2,53400.0,0.2,Tienda,85440.0
2025-11-11,14791,Tenis urbanos,Moda,Cali,1,69500.0,0.1,Tienda,62550.0
2025-01-01,10677,Portatil 14,Tecnologia,Cali,2,365300.0,0.05,Tienda,694070.0
2025-04-19,17492,Bolso cuero,Moda,Medellin,1,63200.0,0.0,Tienda,63200.0
2025-05-15,12201,Juego de ollas,Hogar,Cali,3,162400.0,0.0,Tienda,487200.0
2025-10-23,10890,Juego de ollas,Hogar,Medellin,2,52400.0,0.0,Tienda,104800.0
2025-10-17,11847,Jean slim,Moda,Cali,3,94000.0,0.15,En linea,239700.0
2025-05-04,19991,Set de sabanas,Hogar,Bogota,2,98400.0,0.0,En linea,196800.0
2025-07-25,17709,Chaqueta impermeable,Moda,Medellin,2,87400.0,0.1,En linea,157320.0
2025-01-11,12046,Licuadora,Hogar,Bogota,2,218400.0,0.05,En linea,414960.0
2025-01-10,18784,Guantes gym,Deportes,Bogota,4,69100.0,0.0,Tienda,276400.0
2025-03-29,10311,Juego de ollas,Hogar,Bogota,3,53500.0,0.15,Tienda,136425.0
2025-10-22,19454,Camiseta basica,Moda,Bogota,1,34100.0,0.05,Tienda,32395.0
2025-02-26,11528,Lampara LED,Hogar,Cali,5,63300.0,0.1,Tienda,284850.0
2025-12-06,19845,Mancuernas 5kg,Deportes,Cali,2,33200.0,0.15,En linea,56440.0
2025-06-26,18336,Lampara LED,Hogar,Medellin,2,247300.0,0.0,En linea,494600.0
2025-12-23,11507,Bicicleta estatica,Deportes,Cali,2,49500.0,0.0,Tienda,94050.0
2025-04-18,17213,Balon futbol,Deportes,Barranquilla,4,67400.0,0.15,Tienda,229160.0
2025-01-19,16730,Licuadora,Hogar,Cali,3,68400.0,0.0,Tienda,205200.0
2025-03-28,16101,Licuadora,Hogar,Barranquilla,5,82700.0,0.2,Tienda,330800.0
2025-03-26,17287,Lampara LED,Hogar,Medellin,5,39400.0,0.1,Tienda,177300.0
2025-03-18,14977,Tenis urbanos,Moda,Bogota,2,94000.0,0.0,En linea,188000.0
2025-12-31,10398,Bicicleta estatica,Deportes,Medellin,2,52000.0,0.05,Tienda,98800.0
2025-09-21,11949,Balon futbol,Deportes,Bogota,3,28000.0,0.1,Tienda,75600.0
2025-05-12,10164,Jean slim,Moda,Bogota,2,62100.0,0.1,Tienda,111780.0
2025-07-01,17364,Set de sabanas,Hogar,Barranquilla,2,48700.0,0.15,Tienda,82790.0
2025-03-10,18800,Bolso cuero,Moda,Barranquilla,4,75500.0,0.05,En linea,286900.0
2025-07-04,14118,Tapete yoga,Deportes,Bogota,1,48600.0,0.0,Tienda,48600.0
2025-06-17,13559,Teclado mecanico,Tecnologia,Bogota,3,554200.0,0.1,En linea,1496340.0
2025-11-11,14709,Bicicleta estatica,Deportes,Medellin,4,29100.0,0.05,Tienda,110580.0
2025-01-04,19259,Chaqueta impermeable,Moda,Medellin,2,77000.0,0.05,Tienda,146300.0
2025-12-21,12764,Tenis urbanos,Moda,Barranquilla,3,88600.0,0.0,Tienda,265800.0
2025-01-18,11998,Guantes gym,Deportes,Medellin,1,38700.0,0.05,Tienda,36765.0
2025-11-04,19713,Lampara LED,Hogar,Bogota,2,108000.0,0.15,Tienda,183600.0
2025-06-27,12848,Mancuernas 5kg,Deportes,Medellin,1,22000.0,0.0,En linea,22000.0
2025-08-15,11785,Tenis urbanos,Moda,Barranquilla,2,60000.0,0.0,En linea,120000.0
2025-09-10,13665,Tablet 10,Tecnologia,Medellin,2,424900.0,0.0,En linea,849800.0
2025-04-25,10531,Jean slim,Moda,Bogota,1,29200.0,0.15,Tienda,24820.0
2025-01-23,14556,Jean slim,Moda,Barranquilla,1,37000.0,0.0,Tienda,37000.0
2025-09-27,11450,Jean slim,Moda,Medellin,3,42100.0,0.1,En linea,113670.0
2025-03-04,17065,Aspiradora,Hogar,Bogota,4,91700.0,0.0,Tienda,366800.0
2025-04-20,11839,Tablet 10,Tecnologia,Barranquilla,2,426700.0,0.3,En linea,597380.0
2025-12-27,10410,Teclado mecanico,Tecnologia,Medellin,1,929800.0,0.0,Tienda,929800.0
2025-02-05,17334,Licuadora,Hogar,Bogota,1,161100.0,0.05,Tienda,153045.0
2025-06-12,10969,Balon futbol,Deportes,Medellin,3,86700.0,0.2,En linea,208080.0
2025-11-16,13771,Jean slim,Moda,Cali,3,40000.0,0.15,En linea,102000.0
2025-09-01,14382,Juego de ollas,Hogar,Medellin,2,63400.0,0.05,En linea,120460.0
2025-02-15,15247,Chaqueta impermeable,Moda,Cali,1,125900.0,0.05,En linea,119605.0
2025-03-31,19232,Bicicleta estatica,Deportes,Barranquilla,4,60800.0,0.15,Tienda,206720.0
2025-10-18,12090,Teclado mecanico,Tecnologia,Medellin,2,318400.0,0.0,En linea,636800.0
2025-06-06,11514,Guantes gym,Deportes,Medellin,1,43100.0,0.0,En linea,43100.0
2025-12-22,19752,Licuadora,Hogar,Medellin,2,46400.0,0.1,Tienda,83520.0
2025-06-22,10097,Tapete yoga,Deportes,Bogota,3,40000.0,0.2,Tienda,96000.0
2025-01-21,15000,Lampara LED,Hogar,Barranquilla,5,65500.0,0.1,Tienda,294750.0
2025-07-04,16832,Chaqueta impermeable,Moda,Barranquilla,3,120300.0,0.1,Tienda,324810.0
2025-09-14,12006,Juego de ollas,Hogar,Bogota,3,57100.0,0.0,En linea,171300.0
2025-07-03,17863,Tablet 10,Tecnologia,Barranquilla,3,312900.0,0.05,Tienda,891765.0
2025-12-03,19834,Guantes gym,Deportes,Cali,4,54400.0,0.2,Tienda,174080.0
2025-11-05,14693,Juego de ollas,Hogar,Medellin,1,62700.0,0.05,Tienda,59565.0
2025-01-04,17346,Jean slim,Moda,Medellin,1,42900.0,0.05,Tienda,40755.0
2025-06-25,12590,Chaqueta impermeable,Moda,Barranquilla,4,66100.0,0.0,En linea,264400.0
2025-02-12,17930,Tenis urbanos,Moda,Cali,2,34000.0,0.0,Tienda,68000.0
2025-02-05,15127,Teclado mecanico,Tecnologia,Barranquilla,3,144300.0,0.1,Tienda,389610.0
2025-01-05,15435,Tenis urbanos,Moda,Bogota,4,43800.0,0.15,En linea,148920.0
2025-06-07,18842,Tablet 10,Tecnologia,Cali,1,607400.0,0.15,Tienda,516290.0
2025-07-23,16586,Aspiradora,Hogar,Medellin,5,68700.0,0.0,Tienda,343500.0
2025-03-06,11583,Aspiradora,Hogar,Medellin,3,32600.0,0.05,Tienda,92910.0
2025-04-18,13276,Balon futbol,Deportes,Medellin,4,25300.0,0.0,Tienda,101200.0
2025-08-12,19962,Monitor 24,Tecnologia,Barranquilla,2,679000.0,0.15,Tienda,1154300.0
2025-11-19,18178,Tenis urbanos,Moda,Barranquilla,4,42600.0,0.1,Tienda,153360.0
2025-12-02,16600,Tapete yoga,Deportes,Cali,3,30900.0,0.05,Tienda,88065.0
2025-01-03,18003,Tapete yoga,Deportes,Cali,4,48800.0,0.0,Tienda,195200.0
2025-12-24,12835,Lampara LED,Hogar,Barranquilla,2,71300.0,0.05,En linea,135470.0
2025-12-08,15986,Jean slim,Moda,Cali,2,50000.0,0.15,En linea,85000.0
2025-06-29,10843,Camiseta basica,Moda,Cali,2,75700.0,0.05,En linea,143830.0
2025-09-07,18204,Tenis urbanos,Moda,Medellin,2,73300.0,0.0,En linea,146600.0
2025-06-13,19399,Aspiradora,Hogar,Bogota,1,30900.0,0.1,Tienda,27810.0
2025-04-02,13885,Mancuernas 5kg,Deportes,Bogota,3,72500.0,0.0,Tienda,217500.0
2025-04-03,19511,Balon futbol,Deportes,Bogota,1,49200.0,0.2,Tienda,39360.0
2025-09-08,19204,Teclado mecanico,Tecnologia,Cali,1,771500.0,0.0,En linea,771500.0
2025-11-28,17553,Aspiradora,Hogar,Medellin,1,89100.0,0.05,Tienda,84645.0
2025-05-02,19828,Aspiradora,Hogar,Barranquilla,1,62300.0,0.0,En linea,62300.0
2025-08-17,19938,Juego de ollas,Hogar,Medellin,1,75600.0,0.05,Tienda,71820.0
2025-07-15,18098,Monitor 24,Tecnologia,Medellin,2,331100.0,0.3,Tienda,463540.0
2025-01-25,12366,Portatil 14,Tecnologia,Cali,3,324600.0,0.15,Tienda,827730.0
2025-10-03,17824,Chaqueta impermeable,Moda,Medellin,3,46600.0,0.0,En linea,139800.0
2025-06-14,15654,Audifonos BT,Tecnologia,Cali,3,1683300.0,0.2,En linea,4039920.0
2025-09-02,16587,Juego de ollas,Hogar,Medellin,1,37300.0,0.1,Tienda,33570.0
2025-08-04,16289,Set de sabanas,Hogar,Medellin,2,41900.0,0.0,Tienda,79610.0
2025-02-18,13746,Lampara LED,Hogar,Medellin,2,74400.0,0.0,Tienda,148800.0
2025-06-15,16381,Lampara LED,Hogar,Bogota,5,38300.0,0.0,En linea,191500.0
2025-08-20,15658,Monitor 24,Tecnologia,Cali,2,250100.0,0.0,Tienda,500200.0
2025-12-20,10175,Set de sabanas,Hogar,Cali,4,58800.0,0.1,Tienda,211680.0
2025-06-15,16643,Camiseta basica,Moda,Medellin,1,75500.0,0.0,En linea,75500.0
2025-11-27,10019,Mancuernas 5kg,Deportes,Bogota,1,65800.0,0.15,Tienda,55930.0
2025-09-27,14876,Bicicleta estatica,Deportes,Medellin,3,129500.0,0.0,En linea,388500.0
2025-02-03,16096,Set de sabanas,Hogar,Barranquilla,4,32800.0,0.0,Tienda,131200.0
2025-05-07,15628,Chaqueta impermeable,Moda,Cali,1,39800.0,0.0,Tienda,39800.0
2025-08-15,11172,Tapete yoga,Deportes,Cali,2,32900.0,0.05,En linea,62510.0
2025-10-27,18188,Guantes gym,Deportes,Barranquilla,1,36500.0,0.0,Tienda,36500.0
2025-06-21,18694,Juego de ollas,Hogar,Barranquilla,4,86800.0,0.1,Tienda,312480.0
2025-12-15,16894,Chaqueta impermeable,Moda,Barranquilla,3,42200.0,0.2,Tienda,101280.0
2025-06-07,12007,Lampara LED,Hogar,Bogota,2,76600.0,0.1,En linea,137880.0
2025-01-21,17064,Bolso cuero,Moda,Barranquilla,1,100200.0,0.3,Tienda,70140.0
2025-04-30,10650,Chaqueta impermeable,Moda,Bogota,4,113300.0,0.1,Tienda,407880.0
2025-09-04,18062,Bolso cuero,Moda,Bogota,3,22400.0,0.1,Tienda,60480.0
2025-10-05,10248,Teclado mecanico,Tecnologia,Bogota,2,610900.0,0.1,En linea,1099620.0
2025-09-08,10141,Licuadora,Hogar,Barranquilla,5,95500.0,0.0,Tienda,477500.0
2025-04-22,18585,Tapete yoga,Deportes,Bogota,4,60400.0,0.15,En linea,205360.0
2025-10-21,10237,Licuadora,Hogar,Bogota,5,62000.0,0.0,En linea,310000.0
2025-03-16,17939,Camiseta basica,Moda,Barranquilla,2,103400.0,0.0,En linea,175780.0
2025-08-08,14028,Tablet 10,Tecnologia,Cali,2,476400.0,0.3,Tienda,666960.0
2025-02-20,15912,Tablet 10,Tecnologia,Cali,3,173800.0,0.0,Tienda,521400.0
2025-05-19,18890,Chaqueta impermeable,Moda,Medellin,2,58100.0,0.2,Tienda,92960.0
2025-01-05,11399,Portatil 14,Tecnologia,Medellin,1,526700.0,0.05,Tienda,500365.0
2025-07-29,14702,Balon futbol,Deportes,Barranquilla,2,30700.0,0.05,Tienda,58330.0
2025-07-23,14720,Licuadora,Hogar,Barranquilla,4,82000.0,0.15,Tienda,278800.0
2025-09-05,18274,Aspiradora,Hogar,Barranquilla,2,29500.0,0.05,Tienda,56050.0
2025-10-15,13262,Teclado mecanico,Tecnologia,Medellin,3,379800.0,0.0,En linea,1139400.0
2025-05-31,16717,Chaqueta impermeable,Moda,Bogota,3,63700.0,0.15,Tienda,162435.0
2025-12-31,10477,Juego de ollas,Hogar,Barranquilla,4,79100.0,0.0,En linea,316400.0
2025-10-19,17894,Tablet 10,Tecnologia,Bogota,1,482700.0,0.15,En linea,410295.0
2025-06-13,16789,Mancuernas 5kg,Deportes,Medellin,1,116800.0,0.05,Tienda,110960.0
2025-05-10,14506,Camiseta basica,Moda,Cali,2,42600.0,0.0,Tienda,85200.0
2025-01-08,14358,Aspiradora,Hogar,Bogota,5,134400.0,0.0,Tienda,672000.0
2025-07-27,17709,Bolso cuero,Moda,Medellin,1,52500.0,0.0,En linea,52500.0
2025-02-27,13954,Camiseta basica,Moda,Cali,4,74900.0,0.0,En linea,299600.0
2025-03-17,17542,Set de sabanas,Hogar,Barranquilla,2,88600.0,0.05,En linea,168340.0
2025-11-25,17078,Mancuernas 5kg,Deportes,Medellin,1,53700.0,0.0,Tienda,53700.0
2025-01-13,10233,Bolso cuero,Moda,Bogota,1,48000.0,0.0,Tienda,48000.0
2025-07-31,15046,Mancuernas 5kg,Deportes,Cali,2,50300.0,0.2,En linea,80480.0
2025-04-26,13053,Balon futbol,Deportes,Cali,4,66900.0,0.0,En linea,267600.0
2025-08-28,19557,Jean slim,Moda,Medellin,4,173000.0,0.2,Tienda,553600.0
2025-05-15,17308,Balon futbol,Deportes,Bogota,1,65000.0,0.1,Tienda,58500.0
2025-10-17,12337,Monitor 24,Tecnologia,Medellin,1,657200.0,0.0,Tienda,657200.0
2025-02-16,19007,Balon futbol,Deportes,Barranquilla,1,89600.0,0.0,En linea,89600.0
2025-06-11,14078,Portatil 14,Tecnologia,Medellin,3,386200.0,0.1,Tienda,1042740.0
2025-06-07,15190,Camiseta basica,Moda,Barranquilla,2,181200.0,0.0,En linea,344280.0
2025-03-16,16598,Jean slim,Moda,Barranquilla,3,64100.0,0.2,En linea,153840.0
2025-07-18,17536,Chaqueta impermeable,Moda,Bogota,2,118800.0,0.0,En linea,237600.0
2025-08-29,13637,Portatil 14,Tecnologia,Bogota,3,912200.0,0.1,En linea,2462940.0
2025-05-26,15082,Bicicleta estatica,Deportes,Bogota,4,59300.0,0.0,En linea,237200.0
2025-10-31,13445,Tenis urbanos,Moda,Medellin,3,80200.0,0.0,En linea,240600.0
2025-11-26,16938,Bicicleta estatica,Deportes,Medellin,2,55500.0,0.0,En linea,111000.0
2025-11-11,13020,Monitor 24,Tecnologia,Medellin,1,872200.0,0.0,Tienda,872200.0
2025-05-29,18418,Bolso cuero,Moda,Barranquilla,1,86700.0,0.0,En linea,86700.0
2025-06-03,15312,Tapete yoga,Deportes,Medellin,3,48900.0,0.0,Tienda,146700.0
2025-04-22,12267,Audifonos BT,Tecnologia,Cali,3,447900.0,0.0,En linea,1343700.0
2025-12-20,18730,Bolso cuero,Moda,Barranquilla,3,45500.0,0.05,En linea,129675.0
2025-05-16,10450,Licuadora,Hogar,Bogota,5,110400.0,0.0,Tienda,552000.0
2025-09-23,13116,Aspiradora,Hogar,Medellin,3,56100.0,0.0,En linea,168300.0
2025-11-17,18653,Licuadora,Hogar,Medellin,4,30600.0,0.1,Tienda,110160.0
2025-07-25,16132,Mancuernas 5kg,Deportes,Barranquilla,1,18300.0,0.0,En linea,18300.0
2025-07-31,18322,Bolso cuero,Moda,Cali,4,55500.0,0.1,Tienda,199800.0
2025-12-03,11620,Tapete yoga,Deportes,Barranquilla,2,47100.0,0.1,Tienda,84780.0
2025-02-27,19717,Audifonos BT,Tecnologia,Barranquilla,2,160600.0,0.0,Tienda,321200.0
2025-01-15,10095,Guantes gym,Deportes,Bogota,4,28600.0,0.05,Tienda,108680.0
2025-07-29,13364,Bicicleta estatica,Deportes,Medellin,4,117200.0,0.0,Tienda,468800.0
2025-11-18,16158,Set de sabanas,Hogar,Bogota,5,126800.0,0.0,Tienda,634000.0
2025-07-22,17413,Set de sabanas,Hogar,Bogota,1,17300.0,0.15,Tienda,14705.0
2025-07-02,14166,Juego de ollas,Hogar,Medellin,4,96600.0,0.15,En linea,328440.0
2025-05-24,13007,Jean slim,Moda,Cali,3,63700.0,0.0,Tienda,191100.0
2025-05-05,19679,Teclado mecanico,Tecnologia,Medellin,3,315800.0,0.0,Tienda,947400.0
2025-03-27,19206,Tapete yoga,Deportes,Barranquilla,2,58000.0,0.3,Tienda,81200.0
2025-12-13,11300,Tenis urbanos,Moda,Bogota,3,55900.0,0.0,Tienda,167700.0
2025-04-24,18956,Audifonos BT,Tecnologia,Cali,2,452000.0,0.05,Tienda,858800.0
2025-03-09,15808,Tablet 10,Tecnologia,Medellin,1,136600.0,0.2,En linea,109280.0
2025-07-04,17357,Portatil 14,Tecnologia,Medellin,3,599200.0,0.05,Tienda,1707720.0
2025-04-15,13785,Mancuernas 5kg,Deportes,Cali,1,97600.0,0.0,En linea,97600.0
2025-01-31,17583,Licuadora,Hogar,Medellin,5,72800.0,0.0,Tienda,364000.0
2025-11-03,15267,Audifonos BT,Tecnologia,Barranquilla,1,642600.0,0.0,Tienda,642600.0
2025-05-21,17609,Guantes gym,Deportes,Cali,1,49300.0,0.0,Tienda,49300.0
2025-11-26,11865,Licuadora,Hogar,Cali,3,39900.0,0.05,Tienda,113715.0
2025-01-20,16058,Tenis urbanos,Moda,Medellin,2,116800.0,0.15,En linea,198560.0
2025-02-23,11854,Juego de ollas,Hogar,Bogota,1,145000.0,0.1,En linea,130500.0
2025-01-20,19039,Tenis urbanos,Moda,Medellin,4,75600.0,0.05,Tienda,287280.0
2025-02-03,17910,Tapete yoga,Deportes,Cali,1,31400.0,0.15,En linea,26690.0
2025-01-02,19621,Tenis urbanos,Moda,Bogota,1,65000.0,0.0,En linea,65000.0
2025-12-14,13122,Lampara LED,Hogar,Cali,1,51800.0,0.2,En linea,41440.0
2025-10-08,16602,Portatil 14,Tecnologia,Medellin,2,603200.0,0.0,Tienda,1206400.0
2025-07-18,15899,Audifonos BT,Tecnologia,Bogota,2,227600.0,0.05,Tienda,432440.0
2025-07-24,15565,Camiseta basica,Moda,Bogota,1,48900.0,0.15,Tienda,41565.0
2025-04-02,15633,Balon futbol,Deportes,Barranquilla,4,55100.0,0.15,En linea,187340.0
2025-01-03,13543,Lampara LED,Hogar,Bogota,1,124400.0,0.0,Tienda,124400.0
2025-10-02,18457,Guantes gym,Deportes,Medellin,4,47100.0,0.3,Tienda,131880.0
2025-08-25,10601,Audifonos BT,Tecnologia,Bogota,1,507200.0,0.0,Tienda,507200.0
2025-06-12,18443,Tenis urbanos,Moda,Medellin,1,77500.0,0.15,En linea,65875.0
2025-09-21,19313,Tapete yoga,Deportes,Barranquilla,4,81100.0,0.3,En linea,227080.0
2025-12-04,12852,Juego de ollas,Hogar,Medellin,1,74700.0,0.0,Tienda,74700.0
2025-03-19,14042,Licuadora,Hogar,Cali,4,30800.0,0.1,En linea,110880.0
2025-09-16,17274,Monitor 24,Tecnologia,Cali,1,438100.0,0.2,En linea,350480.0
2025-02-08,16122,Tenis urbanos,Moda,Barranquilla,2,81000.0,0.0,En linea,162000.0
2025-08-14,13060,Licuadora,Hogar,Medellin,2,46100.0,0.15,Tienda,78370.0
2025-09-20,17407,Set de sabanas,Hogar,Barranquilla,4,66600.0,0.15,En linea,226440.0
2025-06-23,10409,Jean slim,Moda,Bogota,1,34000.0,0.1,En linea,30600.0
2025-01-12,19191,Juego de ollas,Hogar,Barranquilla,3,182200.0,0.1,En linea,491940.0
2025-05-31,13882,Licuadora,Hogar,Bogota,1,113500.0,0.1,En linea,102150.0
2025-06-28,13039,Monitor 24,Tecnologia,Cali,2,333400.0,0.0,Tienda,666800.0
2025-09-09,13456,Set de sabanas,Hogar,Bogota,3,57900.0,0.1,En linea,156330.0
2025-10-01,13930,Monitor 24,Tecnologia,Bogota,3,210400.0,0.0,En linea,631200.0
2025-08-30,17780,Teclado mecanico,Tecnologia,Medellin,2,249500.0,0.1,En linea,449100.0
2025-05-12,17926,Portatil 14,Tecnologia,Cali,2,406200.0,0.05,En linea,771780.0
2025-06-29,10403,Audifonos BT,Tecnologia,Medellin,1,286500.0,0.0,Tienda,286500.0
2025-08-21,13333,Tablet 10,Tecnologia,Medellin,2,198800.0,0.0,Tienda,357840.0
2025-05-27,10928,Bolso cuero,Moda,Cali,3,88200.0,0.1,Tienda,238140.0
2025-10-19,17909,Teclado mecanico,Tecnologia,Medellin,1,316600.0,0.1,Tienda,284940.0
2025-09-03,13903,Bolso cuero,Moda,Barranquilla,2,40900.0,0.15,Tienda,69530.0
2025-08-20,18787,Bolso cuero,Moda,Cali,2,45500.0,0.0,Tienda,91000.0
2025-09-25,10944,Chaqueta impermeable,Moda,Bogota,2,27200.0,0.0,En linea,54400.0
2025-02-03,11922,Licuadora,Hogar,Bogota,3,147700.0,0.0,Tienda,443100.0
2025-02-05,19226,Bolso cuero,Moda,Bogota,2,38400.0,0.05,Tienda,72960.0
2025-04-07,19426,Bolso cuero,Moda,Medellin,3,54200.0,0.0,Tienda,162600.0
2025-02-02,14960,Portatil 14,Tecnologia,Cali,3,515300.0,0.1,Tienda,1391310.0
2025-05-10,19063,Juego de ollas,Hogar,Barranquilla,3,94000.0,0.2,En linea,225600.0
2025-01-01,12925,Lampara LED,Hogar,Barranquilla,5,74800.0,0.0,Tienda,374000.0
2025-07-01,14625,Camiseta basica,Moda,Cali,3,29400.0,0.0,Tienda,88200.0
2025-01-08,18431,Set de sabanas,Hogar,Cali,1,69500.0,0.05,Tienda,66025.0
2025-12-07,17456,Tapete yoga,Deportes,Medellin,3,75300.0,0.2,En linea,180720.0
2025-08-15,16448,Licuadora,Hogar,Cali,5,63300.0,0.1,Tienda,284850.0
2025-10-07,18306,Tapete yoga,Deportes,Bogota,4,28800.0,0.05,Tienda,109440.0
2025-02-27,18468,Chaqueta impermeable,Moda,Medellin,3,61700.0,0.0,En linea,185100.0
2025-04-21,18533,Set de sabanas,Hogar,Bogota,1,65800.0,0.05,Tienda,62510.0
2025-01-08,16629,Licuadora,Hogar,Medellin,5,43100.0,0.15,En linea,183175.0
2025-01-21,17772,Chaqueta impermeable,Moda,Bogota,2,73400.0,0.05,En linea,139460.0
2025-03-10,10565,Lampara LED,Hogar,Bogota,2,60200.0,0.0,En linea,120400.0
2025-12-11,18382,Chaqueta impermeable,Moda,Barranquilla,1,59100.0,0.1,Tienda,53190.0
2025-10-19,13644,Balon futbol,Deportes,Barranquilla,3,55700.0,0.05,Tienda,158745.0
2025-11-29,14221,Tenis urbanos,Moda,Medellin,1,37500.0,0.0,En linea,37500.0
2025-08-28,13859,Bicicleta estatica,Deportes,Bogota,4,59200.0,0.0,En linea,236800.0
2025-09-29,13202,Juego de ollas,Hogar,Barranquilla,1,85300.0,0.1,Tienda,76770.0
2025-02-14,16412,Tenis urbanos,Moda,Cali,3,56400.0,0.2,Tienda,135360.0
2025-09-27,12535,Camiseta basica,Moda,Medellin,2,43400.0,0.0,Tienda,86800.0
2025-08-24,16707,Teclado mecanico,Tecnologia,Cali,2,196400.0,0.0,En linea,392800.0
2025-06-08,18054,Tapete yoga,Deportes,Cali,3,158700.0,0.0,En linea,476100.0
2025-08-16,19654,Jean slim,Moda,Cali,3,42800.0,0.0,Tienda,128400.0
2025-07-03,16072,Tapete yoga,Deportes,Barranquilla,4,177100.0,0.05,Tienda,672980.0
2025-06-01,16960,Set de sabanas,Hogar,Cali,5,121400.0,0.15,Tienda,515950.0
2025-04-01,16188,Mancuernas 5kg,Deportes,Barranquilla,3,54100.0,0.15,Tienda,137955.0
2025-11-16,14940,Tapete yoga,Deportes,Bogota,1,24000.0,0.0,En linea,24000.0
2025-04-19,13322,Licuadora,Hogar,Cali,5,135400.0,0.1,Tienda,609300.0
2025-10-18,16822,Tenis urbanos,Moda,Bogota,1,33300.0,0.0,Tienda,33300.0
2025-10-22,17415,Aspiradora,Hogar,Medellin,1,79200.0,0.15,Tienda,67320.0
2025-07-26,19693,Balon futbol,Deportes,Barranquilla,4,31900.0,0.0,Tienda,127600.0
2025-07-03,13711,Aspiradora,Hogar,Bogota,2,66500.0,0.0,Tienda,133000.0
2025-05-28,13232,Bicicleta estatica,Deportes,Cali,3,78300.0,0.0,Tienda,234900.0
2025-08-01,11148,Licuadora,Hogar,Cali,1,32700.0,0.0,Tienda,32700.0
2025-03-20,18977,Tablet 10,Tecnologia,Cali,1,522800.0,0.1,En linea,470520.0
2025-06-08,16184,Tablet 10,Tecnologia,Medellin,2,344800.0,0.0,En linea,689600.0
2025-02-03,15791,Jean slim,Moda,Medellin,3,46000.0,0.1,En linea,124200.0
2025-06-21,19815,Tablet 10,Tecnologia,Bogota,2,255100.0,0.2,Tienda,408160.0
2025-03-04,18200,Set de sabanas,Hogar,Barranquilla,2,100600.0,0.0,En linea,201200.0
2025-02-02,16883,Audifonos BT,Tecnologia,Bogota,1,942700.0,0.0,En linea,942700.0
2025-04-16,16907,Aspiradora,Hogar,Medellin,4,117700.0,0.15,En linea,400180.0
2025-02-21,14227,Tenis urbanos,Moda,Bogota,3,48900.0,0.2,Tienda,117360.0
2025-04-14,13599,Camiseta basica,Moda,Medellin,4,119400.0,0.0,En linea,477600.0
2025-03-02,10032,Jean slim,Moda,Bogota,1,50700.0,0.0,Tienda,50700.0
2025-09-07,19812,Guantes gym,Deportes,Bogota,3,51200.0,0.1,En linea,138240.0
2025-03-07,12839,Licuadora,Hogar,Medellin,2,50500.0,0.0,Tienda,101000.0
2025-11-11,18659,Bicicleta estatica,Deportes,Medellin,2,71700.0,0.0,En linea,143400.0
2025-10-22,15560,Bolso cuero,Moda,Medellin,1,34300.0,0.2,En linea,27440.0
2025-07-06,19222,Guantes gym,Deportes,Medellin,1,53000.0,0.0,Tienda,53000.0
2025-10-25,19459,Guantes gym,Deportes,Barranquilla,3,106100.0,0.0,En linea,318300.0
2025-07-20,17127,Jean slim,Moda,Medellin,2,22000.0,0.1,Tienda,39600.0
2025-09-11,16094,Tenis urbanos,Moda,Cali,3,91500.0,0.05,Tienda,260775.0
2025-03-31,12141,Guantes gym,Deportes,Barranquilla,2,29100.0,0.2,En linea,46560.0
2025-04-25,12023,Aspiradora,Hogar,Medellin,4,51100.0,0.3,En linea,143080.0
2025-05-19,19619,Lampara LED,Hogar,Medellin,5,53700.0,0.0,Tienda,268500.0
2025-10-07,15689,Balon futbol,Deportes,Medellin,1,19800.0,0.0,Tienda,19800.0
2025-04-06,17293,Camiseta basica,Moda,Cali,4,55000.0,0.0,En linea,220000.0
2025-02-12,16153,Camiseta basica,Moda,Cali,1,138300.0,0.1,Tienda,124470.0
2025-02-27,10151,Chaqueta impermeable,Moda,Bogota,4,116200.0,0.05,Tienda,441560.0
2025-03-01,14693,Aspiradora,Hogar,Bogota,3,68600.0,0.15,En linea,174930.0
2025-04-21,13300,Lampara LED,Hogar,Bogota,1,93700.0,0.2,Tienda,74960.0
2025-04-02,18860,Lampara LED,Hogar,Medellin,3,44200.0,0.0,Tienda,132600.0
2025-06-28,13508,Tenis urbanos,Moda,Cali,1,134600.0,0.0,Tienda,134600.0
2025-10-12,19898,Chaqueta impermeable,Moda,Barranquilla,3,101700.0,0.2,En linea,244080.0
2025-07-26,18331,Set de sabanas,Hogar,Bogota,2,62400.0,0.0,Tienda,124800.0
2025-08-22,13179,Bolso cuero,Moda,Barranquilla,2,62700.0,0.0,En linea,125400.0
2025-10-23,17602,Chaqueta impermeable,Moda,Medellin,3,115700.0,0.3,En linea,242970.0
2025-12-31,13751,Tapete yoga,Deportes,Cali,3,52700.0,0.0,Tienda,158100.0
2025-07-22,12288,Jean slim,Moda,Cali,3,64900.0,0.2,Tienda,155760.0
2025-08-28,18679,Jean slim,Moda,Cali,2,114700.0,0.15,En linea,194990.0
2025-02-18,10789,Teclado mecanico,Tecnologia,Medellin,2,336300.0,0.0,En linea,672600.0
2025-01-04,13361,Audifonos BT,Tecnologia,Cali,2,429700.0,0.2,En linea,687520.0
2025-07-21,18258,Aspiradora,Hogar,Cali,3,57500.0,0.1,Tienda,155250.0
2025-11-22,15452,Tenis urbanos,Moda,Barranquilla,3,60700.0,0.3,En linea,127470.0
2025-08-21,17126,Chaqueta impermeable,Moda,Barranquilla,4,32200.0,0.15,Tienda,109480.0
2025-01-13,17419,Chaqueta impermeable,Moda,Medellin,1,57900.0,0.15,En linea,49215.0
2025-12-30,11229,Tenis urbanos,Moda,Bogota,4,15700.0,0.0,Tienda,62800.0
2025-10-05,13440,Balon futbol,Deportes,Cali,3,25200.0,0.0,En linea,75600.0
2025-04-02,16805,Guantes gym,Deportes,Cali,2,66800.0,0.0,Tienda,133600.0
2025-09-26,18138,Set de sabanas,Hogar,Medellin,3,51300.0,0.0,Tienda,153900.0
2025-02-25,15308,Juego de ollas,Hogar,Cali,5,44200.0,0.1,Tienda,198900.0
2025-02-25,13841,Juego de ollas,Hogar,Medellin,4,53900.0,0.3,Tienda,150920.0
2025-07-31,13256,Monitor 24,Tecnologia,Medellin,2,314000.0,0.0,Tienda,628000.0
2025-08-01,11218,Jean slim,Moda,Barranquilla,3,48200.0,0.0,En linea,144600.0
2025-09-01,14515,Audifonos BT,Tecnologia,Bogota,2,193200.0,0.0,Tienda,386400.0
2025-09-26,12267,Bolso cuero,Moda,Bogota,2,70600.0,0.05,En linea,134140.0
2025-09-08,14585,Licuadora,Hogar,Medellin,2,42900.0,0.05,Tienda,81510.0
2025-11-13,12634,Tablet 10,Tecnologia,Bogota,2,267400.0,0.0,En linea,534800.0
2025-06-24,11330,Tablet 10,Tecnologia,Barranquilla,1,563000.0,0.0,Tienda,563000.0
2025-03-07,12275,Bolso cuero,Moda,Medellin,2,43200.0,0.1,En linea,77760.0
2025-10-20,18164,Set de sabanas,Hogar,Medellin,3,96700.0,0.05,En linea,275595.0
2025-09-30,11001,Tapete yoga,Deportes,Barranquilla,4,51300.0,0.1,Tienda,184680.0
2025-09-08,13933,Aspiradora,Hogar,Cali,5,55000.0,0.15,Tienda,233750.0
2025-05-19,13904,Licuadora,Hogar,Medellin,4,51200.0,0.2,Tienda,163840.0
2025-08-12,19507,Mancuernas 5kg,Deportes,Barranquilla,4,47500.0,0.05,Tienda,180500.0
2025-08-26,10459,Monitor 24,Tecnologia,Barranquilla,2,160200.0,0.05,Tienda,304380.0
2025-02-19,10233,Camiseta basica,Moda,Barranquilla,2,152900.0,0.0,En linea,305800.0
2025-08-31,11925,Bicicleta estatica,Deportes,Medellin,1,111700.0,0.0,Tienda,111700.0
2025-01-07,17539,Camiseta basica,Moda,Cali,3,68100.0,0.2,Tienda,163440.0
2025-12-05,14654,Audifonos BT,Tecnologia,Bogota,3,653000.0,0.1,Tienda,1763100.0
2025-08-09,17097,Lampara LED,Hogar,Cali,2,129800.0,0.0,Tienda,259600.0
2025-12-27,11957,Licuadora,Hogar,Medellin,4,32600.0,0.15,Tienda,110840.0
2025-07-13,16449,Tablet 10,Tecnologia,Barranquilla,2,1305800.0,0.0,Tienda,2611600.0
2025-02-28,12613,Chaqueta impermeable,Moda,Cali,3,61900.0,0.3,Tienda,129990.0
2025-02-03,10054,Tenis urbanos,Moda,Medellin,3,74800.0,0.1,En linea,201960.0
2025-01-23,15877,Monitor 24,Tecnologia,Cali,1,474400.0,0.05,En linea,450680.0
2025-07-28,11121,Lampara LED,Hogar,Bogota,4,68200.0,0.15,Tienda,231880.0
2025-10-10,19391,Chaqueta impermeable,Moda,Bogota,3,86300.0,0.05,Tienda,245955.0
2025-07-08,11663,Set de sabanas,Hogar,Barranquilla,1,46400.0,0.0,Tienda,46400.0
2025-12-27,16144,Camiseta basica,Moda,Bogota,3,72200.0,0.0,Tienda,216600.0
2025-09-08,18177,Teclado mecanico,Tecnologia,Cali,2,387700.0,0.0,Tienda,775400.0
2025-12-27,10481,Tenis urbanos,Moda,Barranquilla,1,110200.0,0.05,Tienda,104690.0
2025-04-04,19855,Lampara LED,Hogar,Barranquilla,1,49700.0,0.0,En linea,49700.0
2025-06-09,15946,Licuadora,Hogar,Cali,5,122000.0,0.15,Tienda,518500.0
2025-05-05,19653,Chaqueta impermeable,Moda,Barranquilla,2,67200.0,0.0,Tienda,134400.0
2025-10-09,19668,Camiseta basica,Moda,Bogota,2,48900.0,0.0,Tienda,97800.0
2025-05-30,16053,Teclado mecanico,Tecnologia,Cali,1,444100.0,0.05,Tienda,421895.0
2025-02-26,16579,Chaqueta impermeable,Moda,Barranquilla,4,89000.0,0.0,En linea,356000.0
2025-12-13,18682,Teclado mecanico,Tecnologia,Cali,2,301200.0,0.3,Tienda,421680.0
2025-03-01,12223,Chaqueta impermeable,Moda,Bogota,3,46800.0,0.1,En linea,126360.0
2025-03-18,11579,Aspiradora,Hogar,Bogota,5,81800.0,0.15,Tienda,347650.0
2025-09-24,16751,Chaqueta impermeable,Moda,Cali,2,49500.0,0.0,En linea,99000.0
2025-08-10,15833,Tablet 10,Tecnologia,Medellin,1,316700.0,0.0,Tienda,316700.0
2025-07-22,18750,Juego de ollas,Hogar,Cali,5,33300.0,0.3,Tienda,116550.0
2025-05-19,10647,Tenis urbanos,Moda,Cali,1,157100.0,0.2,Tienda,125680.0
2025-02-17,17698,Juego de ollas,Hogar,Cali,4,102100.0,0.0,Tienda,408400.0
2025-10-22,10866,Audifonos BT,Tecnologia,Medellin,2,204900.0,0.2,En linea,327840.0
2025-06-26,12915,Bicicleta estatica,Deportes,Barranquilla,4,97300.0,0.15,En linea,330820.0
2025-01-25,10033,Bolso cuero,Moda,Barranquilla,1,67900.0,0.0,Tienda,67900.0
2025-08-19,10742,Portatil 14,Tecnologia,Barranquilla,3,275200.0,0.2,Tienda,660480.0
2025-05-17,19070,Balon futbol,Deportes,Bogota,1,21500.0,0.0,Tienda,21500.0
2025-01-14,18526,Chaqueta impermeable,Moda,Bogota,3,85000.0,0.2,Tienda,204000.0
2025-05-19,17207,Audifonos BT,Tecnologia,Medellin,2,112400.0,0.0,En linea,224800.0
2025-06-10,17102,Jean slim,Moda,Bogota,3,139700.0,0.0,Tienda,419100.0
2025-03-15,12250,Monitor 24,Tecnologia,Bogota,2,150100.0,0.05,Tienda,285190.0
2025-12-09,12317,Tapete yoga,Deportes,Medellin,4,40900.0,0.1,En linea,147240.0
2025-08-01,13606,Audifonos BT,Tecnologia,Cali,3,135700.0,0.15,Tienda,346035.0
2025-03-20,15123,Portatil 14,Tecnologia,Bogota,2,202100.0,0.0,Tienda,404200.0
2025-09-17,17378,Chaqueta impermeable,Moda,Barranquilla,4,38900.0,0.3,En linea,108920.0
2025-01-24,13220,Monitor 24,Tecnologia,Barranquilla,3,415100.0,0.0,Tienda,1245300.0
2025-06-12,12125,Teclado mecanico,Tecnologia,Cali,3,365400.0,0.15,Tienda,931770.0
2025-01-15,15775,Guantes gym,Deportes,Cali,1,67400.0,0.3,En linea,47180.0
2025-01-09,14491,Aspiradora,Hogar,Medellin,4,86200.0,0.15,En linea,293080.0
2025-01-22,18249,Juego de ollas,Hogar,Bogota,5,53600.0,0.1,Tienda,241200.0
2025-01-22,18768,Juego de ollas,Hogar,Barranquilla,2,45200.0,0.2,Tienda,72320.0
2025-04-14,19121,Licuadora,Hogar,Bogota,1,32500.0,0.05,Tienda,30875.0
2025-07-16,17804,Tenis urbanos,Moda,Medellin,4,114000.0,0.15,En linea,387600.0
2025-08-12,13204,Teclado mecanico,Tecnologia,Barranquilla,1,544700.0,0.0,En linea,544700.0
2025-03-27,11855,Lampara LED,Hogar,Cali,1,93800.0,0.15,Tienda,79730.0
2025-08-02,10047,Licuadora,Hogar,Barranquilla,5,75100.0,0.1,En linea,337950.0
2025-11-02,15113,Camiseta basica,Moda,Barranquilla,3,73500.0,0.0,En linea,220500.0
2025-04-27,14811,Licuadora,Hogar,Bogota,5,54500.0,0.2,Tienda,218000.0
2025-11-13,18823,Set de sabanas,Hogar,Cali,2,35600.0,0.0,En linea,71200.0
2025-09-26,12138,Bicicleta estatica,Deportes,Cali,4,16300.0,0.0,Tienda,65200.0
2025-01-19,19713,Tablet 10,Tecnologia,Medellin,3,377900.0,0.0,En linea,1133700.0
2025-07-24,18916,Tenis urbanos,Moda,Barranquilla,4,75200.0,0.3,En linea,210560.0
2025-12-25,10557,Set de sabanas,Hogar,Bogota,1,34900.0,0.2,En linea,27920.0
2025-07-21,11239,Set de sabanas,Hogar,Cali,1,100600.0,0.15,En linea,85510.0
2025-01-22,17792,Aspiradora,Hogar,Cali,1,34800.0,0.0,Tienda,34800.0
2025-03-04,10179,Chaqueta impermeable,Moda,Bogota,2,72000.0,0.0,En linea,144000.0
2025-12-14,17712,Lampara LED,Hogar,Bogota,1,66000.0,0.0,Tienda,66000.0
2025-04-25,18206,Balon futbol,Deportes,Medellin,4,68600.0,0.0,Tienda,274400.0
2025-05-21,14397,Licuadora,Hogar,Cali,5,69400.0,0.15,Tienda,294950.0
2025-10-05,14335,Guantes gym,Deportes,Medellin,2,45400.0,0.1,En linea,81720.0
2025-09-11,11121,Set de sabanas,Hogar,Bogota,3,66100.0,0.05,Tienda,188385.0
2025-11-03,19689,Portatil 14,Tecnologia,Barranquilla,3,743200.0,0.1,En linea,2006640.0
2025-03-02,13357,Bicicleta estatica,Deportes,Medellin,2,29400.0,0.2,Tienda,47040.0
2025-06-29,18654,Teclado mecanico,Tecnologia,Bogota,1,561400.0,0.05,Tienda,533330.0
2025-07-18,10437,Bicicleta estatica,Deportes,Medellin,1,39100.0,0.05,Tienda,37145.0
2025-07-15,16751,Balon futbol,Deportes,Cali,2,51800.0,0.15,Tienda,88060.0
2025-04-29,10586,Tapete yoga,Deportes,Bogota,3,40000.0,0.0,Tienda,120000.0
2025-11-12,13682,Teclado mecanico,Tecnologia,Barranquilla,3,422200.0,0.0,Tienda,1266600.0
2025-05-17,17107,Tenis urbanos,Moda,Bogota,2,38300.0,0.15,En linea,65110.0
2025-09-29,16178,Chaqueta impermeable,Moda,Cali,1,56300.0,0.1,Tienda,50670.0
2025-02-05,14545,Chaqueta impermeable,Moda,Medellin,2,168000.0,0.15,En linea,285600.0
2025-10-30,13232,Bolso cuero,Moda,Medellin,2,93500.0,0.05,En linea,177650.0
2025-09-18,11834,Teclado mecanico,Tecnologia,Bogota,1,99100.0,0.15,En linea,84235.0
2025-01-30,13215,Set de sabanas,Hogar,Bogota,3,174200.0,0.0,Tienda,522600.0
2025-11-09,14568,Teclado mecanico,Tecnologia,Medellin,3,167300.0,0.2,Tienda,401520.0
2025-01-13,15403,Camiseta basica,Moda,Cali,1,44400.0,0.0,Tienda,44400.0
2025-12-09,12840,Tenis urbanos,Moda,Medellin,2,49500.0,0.0,En linea,99000.0
2025-07-18,12687,Mancuernas 5kg,Deportes,Bogota,2,32400.0,0.15,Tienda,55080.0
2025-11-15,14744,Portatil 14,Tecnologia,Bogota,3,643100.0,0.3,En linea,1350510.0
2025-02-08,17556,Bolso cuero,Moda,Cali,4,70300.0,0.0,Tienda,281200.0
2025-12-10,19930,Bolso cuero,Moda,Barranquilla,1,44000.0,0.0,En linea,44000.0
2025-02-11,15287,Tapete yoga,Deportes,Medellin,2,19500.0,0.0,Tienda,39000.0
2025-01-23,10085,Chaqueta impermeable,Moda,Medellin,2,31200.0,0.0,Tienda,62400.0
2025-08-12,10206,Lampara LED,Hogar,Bogota,2,68200.0,0.0,Tienda,136400.0
2025-07-18,13704,Set de sabanas,Hogar,Bogota,3,62800.0,0.05,Tienda,178980.0
2025-12-09,19505,Aspiradora,Hogar,Medellin,5,142700.0,0.1,Tienda,642150.0
2025-10-20,17771,Mancuernas 5kg,Deportes,Bogota,3,70700.0,0.05,Tienda,201495.0
2025-10-27,19148,Guantes gym,Deportes,Cali,1,42400.0,0.3,En linea,29680.0
2025-04-09,10235,Bicicleta estatica,Deportes,Barranquilla,3,77700.0,0.2,Tienda,186480.0
2025-04-05,18428,Bicicleta estatica,Deportes,Cali,2,87100.0,0.05,Tienda,165490.0
2025-12-29,18212,Juego de ollas,Hogar,Barranquilla,5,42000.0,0.0,Tienda,210000.0
2025-08-16,10450,Lampara LED,Hogar,Medellin,5,96700.0,0.0,En linea,483500.0
2025-06-17,11350,Audifonos BT,Tecnologia,Medellin,3,380200.0,0.05,Tienda,1083570.0
2025-02-12,14829,Portatil 14,Tecnologia,Barranquilla,1,592300.0,0.1,Tienda,533070.0
2025-09-13,12604,Set de sabanas,Hogar,Cali,4,54900.0,0.1,Tienda,197640.0
2025-09-09,11672,Tapete yoga,Deportes,Cali,3,45300.0,0.05,En linea,129105.0
2025-04-29,11540,Bicicleta estatica,Deportes,Bogota,1,57500.0,0.05,Tienda,54625.0
2025-02-18,11613,Lampara LED,Hogar,Barranquilla,4,111800.0,0.05,En linea,424840.0
2025-10-17,10362,Balon futbol,Deportes,Bogota,2,38400.0,0.0,Tienda,76800.0
2025-03-09,18999,Chaqueta impermeable,Moda,Bogota,1,61800.0,0.0,En linea,61800.0
2025-02-14,14221,Tapete yoga,Deportes,Bogota,2,136000.0,0.1,Tienda,244800.0
2025-01-21,10267,Balon futbol,Deportes,Bogota,2,67900.0,0.05,Tienda,129010.0
2025-01-28,11014,Bicicleta estatica,Deportes,Medellin,4,43600.0,0.0,Tienda,174400.0
2025-03-18,10712,Guantes gym,Deportes,Medellin,2,34500.0,0.15,Tienda,58650.0
2025-02-12,16297,Licuadora,Hogar,Medellin,2,46100.0,0.15,Tienda,78370.0
2025-05-14,15555,Teclado mecanico,Tecnologia,Medellin,1,358400.0,0.0,Tienda,358400.0
2025-05-14,12997,Camiseta basica,Moda,Bogota,2,105700.0,0.15,Tienda,179690.0
2025-10-26,10176,Lampara LED,Hogar,Barranquilla,4,44700.0,0.1,En linea,160920.0
2025-07-06,12742,Monitor 24,Tecnologia,Medellin,3,629500.0,0.1,En linea,1699650.0
2025-06-25,14635,Teclado mecanico,Tecnologia,Cali,1,301500.0,0.0,En linea,301500.0
2025-10-17,15494,Monitor 24,Tecnologia,Bogota,3,805600.0,0.05,En linea,2295960.0
2025-07-18,12321,Lampara LED,Hogar,Medellin,3,149000.0,0.2,Tienda,357600.0
2025-11-03,11275,Mancuernas 5kg,Deportes,Bogota,3,29600.0,0.3,Tienda,62160.0
2025-12-19,12718,Lampara LED,Hogar,Medellin,1,53100.0,0.1,Tienda,47790.0
2025-03-29,17993,Audifonos BT,Tecnologia,Medellin,1,298800.0,0.0,Tienda,298800.0
2025-11-22,12343,Balon futbol,Deportes,Medellin,2,46200.0,0.0,Tienda,92400.0
2025-09-06,16698,Audifonos BT,Tecnologia,Bogota,1,268100.0,0.0,Tienda,268100.0
2025-01-20,15928,Licuadora,Hogar,Medellin,5,82000.0,0.0,En linea,410000.0
2025-07-05,11643,Monitor 24,Tecnologia,Cali,1,521900.0,0.0,Tienda,521900.0
2025-04-10,12577,Tablet 10,Tecnologia,Medellin,3,266800.0,0.1,Tienda,720360.0
2025-11-07,14051,Balon futbol,Deportes,Bogota,2,102100.0,0.3,Tienda,142940.0
2025-06-30,13132,Juego de ollas,Hogar,Cali,2,60800.0,0.0,Tienda,121600.0
2025-01-03,11428,Aspiradora,Hogar,Medellin,2,52500.0,0.0,Tienda,105000.0
2025-01-09,18630,Mancuernas 5kg,Deportes,Cali,1,40200.0,0.05,Tienda,38190.0
2025-10-09,12138,Camiseta basica,Moda,Bogota,1,109000.0,0.0,En linea,109000.0
2025-11-19,10374,Bicicleta estatica,Deportes,Barranquilla,3,57700.0,0.15,En linea,147135.0
2025-12-26,18317,Portatil 14,Tecnologia,Medellin,3,406300.0,0.05,Tienda,1157955.0
2025-11-19,11973,Tablet 10,Tecnologia,Cali,3,579100.0,0.0,En linea,1737300.0
2025-05-14,17413,Tapete yoga,Deportes,Barranquilla,1,54100.0,0.2,Tienda,43280.0
2025-10-20,18610,Bolso cuero,Moda,Barranquilla,3,56400.0,0.3,En linea,118440.0
2025-01-31,19835,Tablet 10,Tecnologia,Medellin,1,752700.0,0.1,Tienda,677430.0
2025-08-30,12420,Aspiradora,Hogar,Bogota,3,140200.0,0.15,Tienda,357510.0
2025-10-04,19316,Juego de ollas,Hogar,Barranquilla,5,89800.0,0.0,Tienda,449000.0
2025-04-23,11965,Tablet 10,Tecnologia,Medellin,2,252400.0,0.0,Tienda,504800.0
2025-03-23,19805,Aspiradora,Hogar,Barranquilla,5,73500.0,0.0,Tienda,367500.0
2025-09-29,18234,Jean slim,Moda,Bogota,3,110600.0,0.15,En linea,282030.0
2025-11-25,18281,Chaqueta impermeable,Moda,Medellin,3,38500.0,0.1,Tienda,103950.0
2025-04-15,17427,Juego de ollas,Hogar,Cali,3,47500.0,0.0,Tienda,142500.0
2025-03-22,19580,Lampara LED,Hogar,Barranquilla,2,62700.0,0.0,Tienda,125400.0
2025-10-12,11242,Monitor 24,Tecnologia,Bogota,1,416300.0,0.1,Tienda,374670.0
2025-01-27,19068,Camiseta basica,Moda,Cali,3,25100.0,0.0,Tienda,75300.0
2025-12-03,13956,Bicicleta estatica,Deportes,Bogota,4,76700.0,0.1,Tienda,276120.0
2025-12-18,15008,Aspiradora,Hogar,Bogota,2,60100.0,0.1,En linea,108180.0
2025-11-02,16108,Monitor 24,Tecnologia,Cali,2,499500.0,0.05,En linea,949050.0
2025-12-15,19910,Licuadora,Hogar,Cali,5,143600.0,0.2,Tienda,574400.0
2025-10-07,15724,Chaqueta impermeable,Moda,Barranquilla,3,50900.0,0.1,Tienda,137430.0
2025-10-31,17951,Set de sabanas,Hogar,Bogota,1,28300.0,0.0,Tienda,28300.0
2025-02-21,11886,Guantes gym,Deportes,Medellin,4,78600.0,0.2,En linea,251520.0
2025-06-21,12752,Tablet 10,Tecnologia,Barranquilla,2,703900.0,0.0,Tienda,1407800.0
2025-08-18,15492,Set de sabanas,Hogar,Cali,5,157800.0,0.15,Tienda,670650.0
2025-06-03,11216,Aspiradora,Hogar,Bogota,5,22900.0,0.1,Tienda,103050.0
2025-10-05,18517,Monitor 24,Tecnologia,Cali,2,192200.0,0.15,Tienda,326740.0
2025-01-24,16547,Aspiradora,Hogar,Medellin,1,108000.0,0.0,En linea,108000.0
2025-05-16,13768,Audifonos BT,Tecnologia,Medellin,3,361400.0,0.0,En linea,1084200.0
2025-06-11,12778,Licuadora,Hogar,Medellin,1,32200.0,0.0,En linea,28980.0
2025-01-14,14058,Bicicleta estatica,Deportes,Medellin,3,25900.0,0.0,Tienda,77700.0
2025-10-13,12550,Portatil 14,Tecnologia,Barranquilla,3,147900.0,0.15,Tienda,377145.0
2025-04-25,17392,Jean slim,Moda,Bogota,4,41700.0,0.0,Tienda,158460.0
2025-08-04,17246,Licuadora,Hogar,Cali,1,81300.0,0.1,Tienda,73170.0
2025-10-22,11814,Tenis urbanos,Moda,Bogota,3,47800.0,0.2,Tienda,114720.0
2025-05-23,12766,Aspiradora,Hogar,Medellin,4,42300.0,0.05,Tienda,160740.0
2025-09-06,16936,Guantes gym,Deportes,Medellin,1,78700.0,0.1,Tienda,70830.0
2025-04-16,10132,Lampara LED,Hogar,Medellin,3,148800.0,0.1,En linea,401760.0
2025-09-13,10110,Tenis urbanos,Moda,Bogota,1,78300.0,0.1,En linea,70470.0
2025-07-18,19647,Juego de ollas,Hogar,Barranquilla,5,41500.0,0.0,Tienda,207500.0
2025-10-30,11447,Juego de ollas,Hogar,Barranquilla,1,58900.0,0.2,Tienda,47120.0
2025-06-12,14839,Jean slim,Moda,Bogota,3,50700.0,0.0,Tienda,152100.0
2025-09-03,14186,Lampara LED,Hogar,Medellin,5,91600.0,0.1,Tienda,412200.0
2025-10-05,15476,Tenis urbanos,Moda,Bogota,4,180400.0,0.0,Tienda,721600.0
2025-09-02,10908,Mancuernas 5kg,Deportes,Medellin,1,59800.0,0.2,Tienda,47840.0
2025-07-04,18756,Monitor 24,Tecnologia,Medellin,2,610000.0,0.0,En linea,1220000.0
2025-10-05,12677,Bolso cuero,Moda,Medellin,1,45000.0,0.3,Tienda,31500.0
2025-01-16,14409,Tapete yoga,Deportes,Cali,2,24400.0,0.1,Tienda,43920.0
2025-03-08,19697,Jean slim,Moda,Barranquilla,1,40600.0,0.0,Tienda,40600.0
2025-03-25,15468,Aspiradora,Hogar,Medellin,2,28100.0,0.2,Tienda,44960.0
2025-01-25,15510,Camiseta basica,Moda,Bogota,1,71200.0,0.05,Tienda,67640.0
2025-06-10,15028,Juego de ollas,Hogar,Medellin,4,80200.0,0.0,Tienda,320800.0
2025-12-30,17435,Bolso cuero,Moda,Bogota,3,82700.0,0.0,Tienda,248100.0
2025-09-26,10292,Set de sabanas,Hogar,Bogota,2,47600.0,0.1,En linea,85680.0
2025-02-09,12353,Tapete yoga,Deportes,Bogota,3,58200.0,0.15,Tienda,148410.0
2025-02-12,12202,Tablet 10,Tecnologia,Barranquilla,1,369600.0,0.0,Tienda,369600.0
2025-04-11,14933,Portatil 14,Tecnologia,Bogota,1,299200.0,0.0,Tienda,299200.0
2025-02-22,16614,Balon futbol,Deportes,Medellin,3,18400.0,0.15,En linea,46920.0
2025-01-17,11205,Mancuernas 5kg,Deportes,Bogota,3,99200.0,0.1,Tienda,267840.0
2025-05-13,12796,Mancuernas 5kg,Deportes,Bogota,4,71500.0,0.2,En linea,228800.0
2025-04-19,11169,Set de sabanas,Hogar,Bogota,1,87700.0,0.05,En linea,83315.0
2025-08-12,14633,Juego de ollas,Hogar,Medellin,4,110300.0,0.0,En linea,441200.0
2025-05-09,14301,Chaqueta impermeable,Moda,Barranquilla,3,91000.0,0.1,Tienda,245700.0
2025-05-02,11592,Lampara LED,Hogar,Medellin,3,64400.0,0.0,En linea,164220.0
2025-03-01,19070,Tenis urbanos,Moda,Cali,4,37700.0,0.0,Tienda,150800.0
2025-11-05,16789,Mancuernas 5kg,Deportes,Medellin,2,59400.0,0.2,En linea,95040.0
2025-12-05,17898,Guantes gym,Deportes,Cali,1,85000.0,0.0,Tienda,85000.0
2025-04-17,13453,Jean slim,Moda,Bogota,3,64000.0,0.05,Tienda,182400.0
2025-03-27,10202,Bolso cuero,Moda,Cali,2,17700.0,0.1,En linea,31860.0
2025-09-09,10916,Lampara LED,Hogar,Medellin,2,58200.0,0.15,En linea,98940.0
2025-06-25,17784,Guantes gym,Deportes,Barranquilla,3,40700.0,0.05,En linea,115995.0
2025-06-05,13150,Tenis urbanos,Moda,Bogota,4,80400.0,0.05,Tienda,305520.0
2025-11-30,14108,Tablet 10,Tecnologia,Medellin,1,280500.0,0.0,Tienda,280500.0
2025-01-05,14465,Juego de ollas,Hogar,Medellin,5,93100.0,0.2,En linea,372400.0
2025-10-07,12207,Juego de ollas,Hogar,Medellin,3,74500.0,0.0,Tienda,223500.0
2025-10-30,13492,Tenis urbanos,Moda,Cali,3,42600.0,0.1,Tienda,115020.0
2025-08-14,17788,Balon futbol,Deportes,Barranquilla,3,65800.0,0.0,Tienda,197400.0
2025-10-09,11869,Licuadora,Hogar,Cali,4,94100.0,0.05,Tienda,357580.0
2025-08-14,12708,Chaqueta impermeable,Moda,Barranquilla,3,90200.0,0.0,En linea,270600.0
2025-08-28,15818,Lampara LED,Hogar,Cali,5,74600.0,0.0,Tienda,373000.0
2025-04-13,11100,Camiseta basica,Moda,Medellin,1,90900.0,0.05,Tienda,86355.0
2025-11-16,14604,Chaqueta impermeable,Moda,Barranquilla,4,41600.0,0.0,En linea,166400.0
2025-06-11,18011,Lampara LED,Hogar,Bogota,3,83800.0,0.3,En linea,175980.0
2025-04-13,19241,Juego de ollas,Hogar,Cali,1,60500.0,0.1,En linea,54450.0
2025-03-17,11533,Balon futbol,Deportes,Medellin,1,72200.0,0.0,Tienda,72200.0
2025-01-15,17608,Bolso cuero,Moda,Barranquilla,4,54800.0,0.0,Tienda,219200.0
2025-09-13,16715,Lampara LED,Hogar,Medellin,1,261400.0,0.0,Tienda,261400.0
2025-01-31,15672,Licuadora,Hogar,Barranquilla,1,45500.0,0.05,En linea,43225.0
2025-09-14,17261,Bicicleta estatica,Deportes,Medellin,4,46400.0,0.3,En linea,129920.0
2025-12-05,13342,Tenis urbanos,Moda,Bogota,4,51900.0,0.0,Tienda,207600.0
2025-01-25,11441,Chaqueta impermeable,Moda,Medellin,4,106100.0,0.2,Tienda,339520.0
2025-12-13,13534,Juego de ollas,Hogar,Cali,4,117100.0,0.1,Tienda,421560.0
2025-01-19,13658,Guantes gym,Deportes,Cali,4,26600.0,0.0,En linea,106400.0
2025-04-04,18127,Monitor 24,Tecnologia,Cali,1,1009900.0,0.0,Tienda,1009900.0
2025-04-10,12003,Teclado mecanico,Tecnologia,Cali,3,306900.0,0.0,Tienda,920700.0
2025-12-14,19013,Juego de ollas,Hogar,Barranquilla,3,41400.0,0.1,Tienda,111780.0
2025-11-18,18755,Portatil 14,Tecnologia,Bogota,3,256500.0,0.15,En linea,654075.0
2025-02-16,13537,Lampara LED,Hogar,Bogota,5,129100.0,0.0,Tienda,645500.0
2025-10-22,13700,Teclado mecanico,Tecnologia,Bogota,3,488500.0,0.0,Tienda,1465500.0
2025-02-17,10819,Camiseta basica,Moda,Medellin,4,36100.0,0.1,En linea,129960.0
2025-08-10,10554,Guantes gym,Deportes,Bogota,2,52900.0,0.0,Tienda,105800.0
2025-08-05,18290,Set de sabanas,Hogar,Medellin,1,74600.0,0.05,En linea,70870.0
2025-09-06,18547,Tablet 10,Tecnologia,Medellin,3,392600.0,0.0,Tienda,1177800.0
2025-07-01,18776,Mancuernas 5kg,Deportes,Cali,3,41500.0,0.2,Tienda,99600.0
2025-04-04,11464,Portatil 14,Tecnologia,Bogota,3,351200.0,0.0,Tienda,1053600.0
2025-12-01,13043,Tenis urbanos,Moda,Barranquilla,4,60800.0,0.05,Tienda,231040.0
2025-09-12,17735,Jean slim,Moda,Cali,3,29600.0,0.1,En linea,79920.0
2025-08-13,17948,Set de sabanas,Hogar,Medellin,5,124500.0,0.0,Tienda,622500.0
2025-01-05,14119,Chaqueta impermeable,Moda,Barranquilla,3,91000.0,0.3,En linea,191100.0
2025-07-04,19627,Guantes gym,Deportes,Medellin,3,99900.0,0.1,Tienda,269730.0
2025-09-05,17122,Tenis urbanos,Moda,Barranquilla,2,31900.0,0.0,En linea,63800.0
2025-08-18,10856,Balon futbol,Deportes,Cali,2,60300.0,0.1,Tienda,108540.0
2025-05-05,15837,Bolso cuero,Moda,Barranquilla,4,34300.0,0.2,Tienda,109760.0
2025-05-21,13925,Bolso cuero,Moda,Medellin,4,101400.0,0.0,Tienda,405600.0
2025-06-02,14641,Camiseta basica,Moda,Medellin,1,58300.0,0.05,Tienda,55385.0
2025-08-05,18103,Teclado mecanico,Tecnologia,Bogota,3,911400.0,0.05,En linea,2597490.0
2025-12-04,16543,Set de sabanas,Hogar,Medellin,4,39800.0,0.0,En linea,159200.0
2025-01-02,14546,Lampara LED,Hogar,Barranquilla,3,50000.0,0.05,En linea,142500.0
2025-11-22,13269,Jean slim,Moda,Cali,3,33000.0,0.0,En linea,99000.0
2025-02-18,14998,Chaqueta impermeable,Moda,Medellin,2,122300.0,0.05,En linea,232370.0
2025-11-15,13721,Monitor 24,Tecnologia,Medellin,1,308700.0,0.15,Tienda,262395.0
2025-06-29,15127,Lampara LED,Hogar,Barranquilla,4,124000.0,0.15,Tienda,421600.0
2025-08-17,15967,Bolso cuero,Moda,Medellin,3,26500.0,0.0,Tienda,79500.0
2025-11-15,13260,Tablet 10,Tecnologia,Cali,2,1095900.0,0.0,Tienda,2191800.0
2025-11-06,13125,Licuadora,Hogar,Cali,2,65200.0,0.0,En linea,130400.0
2025-08-27,13978,Juego de ollas,Hogar,Medellin,3,73400.0,0.05,En linea,209190.0
2025-09-27,18578,Juego de ollas,Hogar,Bogota,4,62000.0,0.0,Tienda,248000.0
2025-02-22,11414,Juego de ollas,Hogar,Bogota,2,165700.0,0.0,En linea,331400.0
2025-09-17,14643,Juego de ollas,Hogar,Medellin,5,109500.0,0.0,En linea,547500.0
2025-09-10,13770,Tablet 10,Tecnologia,Medellin,3,277600.0,0.0,Tienda,832800.0
2025-04-22,14594,Licuadora,Hogar,Cali,2,41000.0,0.1,Tienda,73800.0
2025-10-13,19222,Lampara LED,Hogar,Barranquilla,3,39500.0,0.05,Tienda,112575.0
2025-02-12,13949,Jean slim,Moda,Medellin,3,27900.0,0.05,Tienda,79515.0
2025-05-15,18040,Bicicleta estatica,Deportes,Bogota,4,22900.0,0.1,En linea,82440.0
2025-07-17,17053,Tapete yoga,Deportes,Bogota,4,44800.0,0.1,Tienda,161280.0
2025-09-09,13655,Bolso cuero,Moda,Medellin,3,40600.0,0.0,Tienda,121800.0
2025-07-15,16609,Teclado mecanico,Tecnologia,Cali,2,207000.0,0.05,Tienda,393300.0
2025-09-18,13790,Balon futbol,Deportes,Bogota,2,86000.0,0.05,Tienda,163400.0
2025-11-02,12361,Teclado mecanico,Tecnologia,Bogota,1,321200.0,0.15,Tienda,273020.0
2025-08-23,17504,Juego de ollas,Hogar,Medellin,1,78000.0,0.0,Tienda,78000.0
2025-02-11,14371,Lampara LED,Hogar,Cali,2,42600.0,0.15,Tienda,72420.0
2025-04-20,17952,Chaqueta impermeable,Moda,Bogota,3,80000.0,0.05,En linea,228000.0
2025-03-23,15742,Tapete yoga,Deportes,Cali,2,44500.0,0.0,En linea,89000.0
2025-07-25,16273,Bicicleta estatica,Deportes,Medellin,3,34600.0,0.15,Tienda,88230.0
2025-03-13,17384,Camiseta basica,Moda,Medellin,1,46100.0,0.1,En linea,41490.0
2025-12-23,18953,Chaqueta impermeable,Moda,Bogota,3,59400.0,0.0,Tienda,178200.0
2025-11-02,17877,Aspiradora,Hogar,Cali,2,81900.0,0.0,En linea,163800.0
2025-11-18,12336,Tablet 10,Tecnologia,Bogota,2,124200.0,0.0,Tienda,248400.0
2025-08-09,11552,Lampara LED,Hogar,Barranquilla,3,133200.0,0.0,Tienda,399600.0
2025-10-08,11954,Audifonos BT,Tecnologia,Bogota,2,254900.0,0.2,Tienda,407840.0
2025-12-02,12095,Lampara LED,Hogar,Medellin,4,71600.0,0.15,Tienda,243440.0
2025-05-24,15376,Mancuernas 5kg,Deportes,Barranquilla,3,63600.0,0.15,En linea,162180.0
2025-07-19,12056,Guantes gym,Deportes,Cali,2,46500.0,0.05,En linea,88350.0
2025-05-29,13117,Camiseta basica,Moda,Barranquilla,4,44200.0,0.0,En linea,176800.0
2025-10-30,13696,Bolso cuero,Moda,Medellin,3,31100.0,0.0,Tienda,93300.0
2025-04-30,12512,Mancuernas 5kg,Deportes,Bogota,2,41200.0,0.0,Tienda,82400.0
2025-03-02,13159,Bicicleta estatica,Deportes,Medellin,2,34600.0,0.0,Tienda,69200.0
2025-09-11,15046,Balon futbol,Deportes,Medellin,4,70000.0,0.15,En linea,238000.0
2025-11-23,19936,Licuadora,Hogar,Medellin,3,47500.0,0.1,Tienda,128250.0
2025-11-01,19137,Bicicleta estatica,Deportes,Barranquilla,3,75900.0,0.05,Tienda,216315.0
2025-04-18,17045,Balon futbol,Deportes,Bogota,4,33300.0,0.1,Tienda,119880.0
2025-11-12,11091,Tenis urbanos,Moda,Medellin,4,29500.0,0.0,En linea,118000.0
2025-02-20,18893,Camiseta basica,Moda,Barranquilla,3,90700.0,0.0,Tienda,272100.0
2025-04-06,14854,Tenis urbanos,Moda,Medellin,2,78400.0,0.0,Tienda,156800.0
2025-08-26,16596,Juego de ollas,Hogar,Bogota,4,106500.0,0.0,Tienda,426000.0
2025-10-18,10814,Camiseta basica,Moda,Bogota,3,64400.0,0.0,En linea,193200.0
2025-12-09,18164,Balon futbol,Deportes,Barranquilla,1,49600.0,0.0,En linea,49600.0
2025-10-04,13038,Balon futbol,Deportes,Medellin,3,53500.0,0.05,Tienda,152475.0
2025-08-28,17708,Lampara LED,Hogar,Bogota,4,74900.0,0.0,Tienda,299600.0
2025-01-04,12253,Jean slim,Moda,Bogota,1,36000.0,0.15,Tienda,30600.0
2025-08-07,19468,Licuadora,Hogar,Bogota,1,44300.0,0.0,En linea,44300.0
2025-09-17,16476,Chaqueta impermeable,Moda,Medellin,4,47000.0,0.0,Tienda,188000.0
2025-05-01,13920,Lampara LED,Hogar,Barranquilla,1,63400.0,0.0,En linea,63400.0
2025-07-24,18466,Aspiradora,Hogar,Barranquilla,2,54300.0,0.2,En linea,86880.0
2025-10-08,17477,Bolso cuero,Moda,Medellin,4,73300.0,0.1,En linea,263880.0
2025-08-16,15930,Aspiradora,Hogar,Cali,2,143700.0,0.0,Tienda,258660.0
2025-02-06,14780,Portatil 14,Tecnologia,Cali,3,737800.0,0.1,Tienda,1992060.0
2025-08-04,10775,Audifonos BT,Tecnologia,Cali,3,666800.0,0.2,En linea,1600320.0
2025-09-21,18235,Set de sabanas,Hogar,Barranquilla,5,37700.0,0.3,Tienda,131950.0
2025-08-31,17181,Bolso cuero,Moda,Bogota,1,45800.0,0.15,En linea,38930.0
2025-05-09,12391,Licuadora,Hogar,Barranquilla,1,44500.0,0.05,Tienda,42275.0
2025-01-21,15579,Set de sabanas,Hogar,Bogota,5,86000.0,0.0,Tienda,430000.0
2025-11-27,19480,Aspiradora,Hogar,Cali,1,67700.0,0.05,Tienda,64315.0
2025-08-25,14722,Lampara LED,Hogar,Bogota,3,41900.0,0.05,En linea,119415.0
2025-03-18,16744,Camiseta basica,Moda,Cali,4,115200.0,0.1,En linea,414720.0
2025-07-26,12077,Bolso cuero,Moda,Bogota,3,23900.0,0.15,En linea,60945.0
2025-01-29,14275,Camiseta basica,Moda,Medellin,3,35900.0,0.0,En linea,107700.0
2025-06-11,18577,Juego de ollas,Hogar,Cali,2,152700.0,0.0,Tienda,305400.0
2025-03-11,12158,Camiseta basica,Moda,Medellin,1,35400.0,0.1,En linea,31860.0
2025-10-15,12181,Chaqueta impermeable,Moda,Bogota,2,76200.0,0.05,Tienda,144780.0
2025-08-07,19970,Licuadora,Hogar,Medellin,4,121200.0,0.05,Tienda,460560.0
2025-09-14,14053,Tenis urbanos,Moda,Barranquilla,4,124100.0,0.0,Tienda,496400.0
2025-06-17,15314,Licuadora,Hogar,Bogota,4,74400.0,0.05,Tienda,282720.0
2025-01-05,12209,Aspiradora,Hogar,Medellin,5,165400.0,0.15,Tienda,702950.0
2025-10-29,16234,Licuadora,Hogar,Bogota,3,43900.0,0.1,Tienda,118530.0
2025-12-31,13064,Bolso cuero,Moda,Bogota,3,41800.0,0.1,Tienda,112860.0
2025-12-12,17875,Aspiradora,Hogar,Bogota,5,98600.0,0.0,Tienda,493000.0
2025-09-19,16148,Audifonos BT,Tecnologia,Cali,3,205100.0,0.0,Tienda,615300.0
2025-12-08,12169,Tablet 10,Tecnologia,Medellin,3,732200.0,0.15,Tienda,1867110.0
2025-09-16,16960,Portatil 14,Tecnologia,Bogota,1,218800.0,0.05,En linea,207860.0
2025-08-12,11882,Audifonos BT,Tecnologia,Bogota,3,278400.0,0.0,En linea,835200.0
2025-12-05,19538,Mancuernas 5kg,Deportes,Cali,3,43600.0,0.05,En linea,124260.0
2025-10-21,10224,Camiseta basica,Moda,Bogota,3,60300.0,0.1,Tienda,162810.0
2025-03-19,16845,Lampara LED,Hogar,Barranquilla,1,62500.0,0.0,Tienda,62500.0
2025-04-01,16882,Licuadora,Hogar,Barranquilla,5,117900.0,0.05,Tienda,560025.0
2025-07-16,14354,Portatil 14,Tecnologia,Bogota,1,582400.0,0.3,En linea,407680.0
2025-02-26,16965,Chaqueta impermeable,Moda,Barranquilla,4,59600.0,0.15,Tienda,202640.0
2025-04-03,12387,Bolso cuero,Moda,Barranquilla,4,105700.0,0.0,Tienda,422800.0
2025-12-15,10444,Lampara LED,Hogar,Cali,2,91800.0,0.05,Tienda,174420.0
2025-06-10,17148,Tapete yoga,Deportes,Cali,2,66800.0,0.0,Tienda,133600.0
2025-11-29,16680,Licuadora,Hogar,Barranquilla,1,144100.0,0.0,Tienda,144100.0
2025-10-06,15838,Monitor 24,Tecnologia,Medellin,1,246200.0,0.15,En linea,209270.0
2025-12-04,18924,Lampara LED,Hogar,Barranquilla,3,132400.0,0.0,Tienda,397200.0
2025-10-07,14819,Bolso cuero,Moda,Bogota,3,174600.0,0.0,Tienda,523800.0
2025-11-08,10384,Chaqueta impermeable,Moda,Barranquilla,4,100900.0,0.3,En linea,282520.0
2025-02-22,16544,Tenis urbanos,Moda,Cali,4,78600.0,0.0,Tienda,314400.0
2025-01-07,11952,Bolso cuero,Moda,Cali,3,96000.0,0.05,Tienda,273600.0
2025-04-25,18239,Set de sabanas,Hogar,Cali,3,58100.0,0.05,Tienda,165585.0
2025-10-20,14881,Portatil 14,Tecnologia,Medellin,2,223500.0,0.15,Tienda,379950.0
2025-01-26,16399,Monitor 24,Tecnologia,Cali,2,300200.0,0.1,Tienda,540360.0
2025-04-22,17731,Bicicleta estatica,Deportes,Medellin,3,40800.0,0.2,Tienda,97920.0
2025-10-09,15548,Tapete yoga,Deportes,Bogota,3,37600.0,0.0,Tienda,112800.0
2025-10-08,13945,Chaqueta impermeable,Moda,Bogota,4,35100.0,0.05,Tienda,133380.0
2025-07-04,15739,Bicicleta estatica,Deportes,Medellin,4,36800.0,0.1,Tienda,132480.0
2025-05-08,15320,Bolso cuero,Moda,Bogota,1,122800.0,0.2,En linea,98240.0
2025-12-18,15193,Set de sabanas,Hogar,Barranquilla,1,51200.0,0.15,En linea,43520.0
2025-08-15,11696,Bicicleta estatica,Deportes,Bogota,1,92800.0,0.0,En linea,92800.0
2025-06-29,18036,Tablet 10,Tecnologia,Bogota,1,340000.0,0.2,Tienda,272000.0
2025-11-09,13011,Tenis urbanos,Moda,Medellin,4,135900.0,0.2,En linea,434880.0
2025-11-18,17994,Guantes gym,Deportes,Cali,4,48100.0,0.0,Tienda,192400.0
2025-10-23,10871,Lampara LED,Hogar,Bogota,3,75000.0,0.2,Tienda,180000.0
2025-08-30,14158,Lampara LED,Hogar,Medellin,5,55700.0,0.0,Tienda,278500.0
2025-10-30,13085,Tenis urbanos,Moda,Medellin,3,44200.0,0.0,Tienda,132600.0
2025-01-04,10658,Tenis urbanos,Moda,Medellin,2,26300.0,0.05,Tienda,49970.0
2025-07-19,17275,Aspiradora,Hogar,Medellin,5,43900.0,0.05,En linea,208525.0
2025-12-16,16550,Guantes gym,Deportes,Bogota,1,48600.0,0.0,En linea,48600.0
2025-04-16,11530,Guantes gym,Deportes,Medellin,1,20400.0,0.15,En linea,17340.0
2025-01-27,14102,Aspiradora,Hogar,Cali,2,41700.0,0.0,En linea,83400.0
2025-10-24,16428,Aspiradora,Hogar,Barranquilla,1,47700.0,0.0,Tienda,47700.0
2025-03-21,14200,Mancuernas 5kg,Deportes,Barranquilla,3,75700.0,0.0,Tienda,227100.0
2025-02-02,17922,Portatil 14,Tecnologia,Barranquilla,1,389200.0,0.2,En linea,311360.0
2025-09-09,11406,Chaqueta impermeable,Moda,Bogota,3,36700.0,0.1,Tienda,99090.0
2025-03-24,15495,Tapete yoga,Deportes,Bogota,4,30700.0,0.05,Tienda,116660.0
2025-11-18,12558,Audifonos BT,Tecnologia,Bogota,2,238100.0,0.05,Tienda,452390.0
2025-07-16,10909,Jean slim,Moda,Barranquilla,4,56800.0,0.15,Tienda,193120.0
2025-01-13,17555,Jean slim,Moda,Medellin,3,37200.0,0.0,Tienda,111600.0
2025-08-04,11455,Chaqueta impermeable,Moda,Barranquilla,4,63900.0,0.1,En linea,230040.0
2025-12-20,12340,Guantes gym,Deportes,Bogota,1,58000.0,0.05,En linea,55100.0
2025-07-09,19348,Lampara LED,Hogar,Medellin,3,46000.0,0.0,Tienda,138000.0
2025-03-28,12736,Camiseta basica,Moda,Medellin,1,60000.0,0.0,Tienda,60000.0
2025-06-19,18068,Lampara LED,Hogar,Bogota,2,70000.0,0.1,Tienda,126000.0
2025-10-05,13695,Juego de ollas,Hogar,Medellin,2,100300.0,0.05,Tienda,190570.0
2025-08-14,19386,Balon futbol,Deportes,Medellin,3,57400.0,0.0,En linea,172200.0
2025-03-08,12487,Mancuernas 5kg,Deportes,Barranquilla,2,104500.0,0.0,Tienda,209000.0
2025-09-25,12513,Teclado mecanico,Tecnologia,Medellin,3,209600.0,0.05,Tienda,597360.0
2025-12-20,19671,Guantes gym,Deportes,Bogota,3,44100.0,0.0,En linea,132300.0
2025-12-17,18081,Monitor 24,Tecnologia,Medellin,1,300700.0,0.2,Tienda,240560.0
2025-05-21,15693,Balon futbol,Deportes,Medellin,4,36600.0,0.0,En linea,146400.0
2025-02-12,15865,Bicicleta estatica,Deportes,Bogota,2,48900.0,0.0,Tienda,97800.0
2025-06-30,18382,Set de sabanas,Hogar,Cali,4,38400.0,0.0,Tienda,153600.0
2025-02-28,10933,Lampara LED,Hogar,Medellin,5,132000.0,0.0,Tienda,660000.0
2025-01-14,12275,Set de sabanas,Hogar,Cali,5,51000.0,0.0,Tienda,255000.0
2025-09-01,15668,Set de sabanas,Hogar,Medellin,2,81900.0,0.2,Tienda,131040.0
2025-01-05,18875,Chaqueta impermeable,Moda,Cali,4,32100.0,0.2,Tienda,102720.0
2025-11-12,18767,Lampara LED,Hogar,Medellin,3,109300.0,0.0,En linea,327900.0
2025-08-15,10950,Guantes gym,Deportes,Medellin,1,47700.0,0.05,Tienda,45315.0
2025-01-19,14657,Aspiradora,Hogar,Cali,1,68900.0,0.05,En linea,65455.0
2025-07-28,17961,Bicicleta estatica,Deportes,Bogota,3,45700.0,0.1,Tienda,123390.0
2025-07-23,16145,Tapete yoga,Deportes,Medellin,1,36300.0,0.05,Tienda,34485.0
2025-10-23,19693,Monitor 24,Tecnologia,Medellin,1,415700.0,0.1,En linea,374130.0
2025-06-13,14897,Bolso cuero,Moda,Cali,1,54900.0,0.0,Tienda,54900.0
2025-02-08,16751,Bicicleta estatica,Deportes,Medellin,3,108400.0,0.0,Tienda,325200.0
2025-12-14,19290,Mancuernas 5kg,Deportes,Cali,4,72300.0,0.2,En linea,231360.0
2025-02-11,18255,Juego de ollas,Hogar,Bogota,4,29600.0,0.0,En linea,118400.0
2025-04-13,17454,Bicicleta estatica,Deportes,Bogota,1,81100.0,0.0,Tienda,68935.0
2025-12-12,10523,Juego de ollas,Hogar,Bogota,3,56400.0,0.1,Tienda,152280.0
2025-01-09,19796,Tenis urbanos,Moda,Bogota,3,65700.0,0.0,En linea,197100.0
2025-04-23,15925,Tenis urbanos,Moda,Medellin,2,88700.0,0.15,Tienda,150790.0
2025-06-06,19467,Lampara LED,Hogar,Barranquilla,3,62900.0,0.0,En linea,188700.0
2025-10-06,18916,Camiseta basica,Moda,Barranquilla,2,149200.0,0.05,Tienda,283480.0
2025-10-18,14139,Juego de ollas,Hogar,Barranquilla,1,207500.0,0.05,En linea,197125.0
2025-01-14,16544,Mancuernas 5kg,Deportes,Cali,2,91200.0,0.0,Tienda,182400.0
2025-09-16,16651,Portatil 14,Tecnologia,Bogota,1,361100.0,0.0,En linea,361100.0
2025-03-19,10064,Tapete yoga,Deportes,Bogota,4,23800.0,0.2,Tienda,76160.0
2025-03-17,17336,Aspiradora,Hogar,Bogota,1,76400.0,0.2,Tienda,61120.0
2025-03-14,11813,Camiseta basica,Moda,Medellin,2,101200.0,0.1,En linea,182160.0
2025-09-26,13239,Portatil 14,Tecnologia,Medellin,1,180100.0,0.1,Tienda,162090.0
2025-02-13,19066,Licuadora,Hogar,Barranquilla,5,85700.0,0.0,Tienda,385650.0
2025-12-04,14316,Bolso cuero,Moda,Medellin,1,69900.0,0.0,Tienda,69900.0
2025-11-22,11262,Camiseta basica,Moda,Cali,1,38000.0,0.05,Tienda,36100.0
2025-11-13,14210,Camiseta basica,Moda,Barranquilla,1,87300.0,0.15,Tienda,74205.0
2025-02-09,16618,Lampara LED,Hogar,Barranquilla,1,48400.0,0.0,Tienda,48400.0
2025-02-14,16076,Tablet 10,Tecnologia,Bogota,3,253500.0,0.1,En linea,684450.0
2025-05-01,10373,Camiseta basica,Moda,Barranquilla,3,70900.0,0.0,Tienda,212700.0
2025-07-19,14198,Licuadora,Hogar,Bogota,4,41000.0,0.0,Tienda,164000.0
2025-03-07,16394,Teclado mecanico,Tecnologia,Bogota,2,313400.0,0.15,Tienda,532780.0
2025-03-22,11800,Aspiradora,Hogar,Cali,3,41900.0,0.0,Tienda,125700.0
2025-08-31,12184,Tenis urbanos,Moda,Medellin,1,84700.0,0.0,Tienda,84700.0
2025-04-19,19333,Portatil 14,Tecnologia,Medellin,2,190800.0,0.2,Tienda,305280.0
2025-03-18,10385,Bicicleta estatica,Deportes,Cali,1,36200.0,0.05,En linea,34390.0
2025-07-24,18764,Jean slim,Moda,Bogota,3,110300.0,0.1,Tienda,297810.0
2025-04-09,14375,Mancuernas 5kg,Deportes,Bogota,1,28800.0,0.1,Tienda,25920.0
2025-11-13,16133,Monitor 24,Tecnologia,Cali,3,505900.0,0.0,En linea,1517700.0
2025-05-21,17981,Balon futbol,Deportes,Cali,4,47000.0,0.0,En linea,188000.0
2025-10-07,16713,Tablet 10,Tecnologia,Cali,3,345500.0,0.0,Tienda,1036500.0
2025-03-05,14779,Bolso cuero,Moda,Barranquilla,1,39600.0,0.0,Tienda,39600.0
2025-03-16,18959,Balon futbol,Deportes,Medellin,4,31400.0,0.0,Tienda,125600.0
2025-08-13,10086,Set de sabanas,Hogar,Bogota,5,29600.0,0.15,En linea,125800.0
2025-01-26,15845,Aspiradora,Hogar,Medellin,4,142800.0,0.1,Tienda,514080.0
2025-01-06,15297,Teclado mecanico,Tecnologia,Barranquilla,3,167600.0,0.1,Tienda,452520.0
2025-09-03,14936,Tenis urbanos,Moda,Bogota,3,63500.0,0.0,En linea,190500.0
2025-05-12,17203,Camiseta basica,Moda,Barranquilla,1,38800.0,0.05,Tienda,36860.0
2025-01-30,17648,Tapete yoga,Deportes,Barranquilla,1,45800.0,0.05,Tienda,43510.0
2025-11-10,13751,Guantes gym,Deportes,Medellin,2,28100.0,0.2,Tienda,44960.0
2025-04-14,10789,Juego de ollas,Hogar,Bogota,4,74000.0,0.0,En linea,296000.0
2025-08-12,11050,Jean slim,Moda,Barranquilla,3,36600.0,0.1,Tienda,98820.0
2025-06-26,16964,Mancuernas 5kg,Deportes,Cali,1,73800.0,0.0,En linea,73800.0
2025-06-16,16499,Tapete yoga,Deportes,Bogota,3,68500.0,0.0,Tienda,195225.0
2025-04-27,10500,Juego de ollas,Hogar,Cali,5,41900.0,0.15,En linea,178075.0
2025-10-09,14044,Camiseta basica,Moda,Bogota,1,71200.0,0.0,En linea,71200.0
2025-07-16,18677,Aspiradora,Hogar,Bogota,2,34500.0,0.0,En linea,69000.0
2025-08-04,19224,Audifonos BT,Tecnologia,Cali,3,404900.0,0.05,Tienda,1153965.0
2025-07-28,17345,Bolso cuero,Moda,Medellin,4,100900.0,0.05,Tienda,383420.0
2025-11-10,12668,Lampara LED,Hogar,Barranquilla,1,46600.0,0.0,En linea,46600.0
2025-02-05,13498,Chaqueta impermeable,Moda,Bogota,1,92400.0,0.0,En linea,92400.0
2025-10-26,10878,Juego de ollas,Hogar,Medellin,1,25400.0,0.0,Tienda,25400.0
2025-04-14,10817,Tablet 10,Tecnologia,Medellin,3,134300.0,0.15,Tienda,342465.0
2025-11-15,10218,Juego de ollas,Hogar,Medellin,2,97700.0,0.1,Tienda,175860.0
2025-02-25,17169,Jean slim,Moda,Cali,2,108600.0,0.0,Tienda,217200.0
2025-12-09,19639,Camiseta basica,Moda,Bogota,3,47000.0,0.0,En linea,141000.0
2025-04-26,14254,Set de sabanas,Hogar,Medellin,5,144300.0,0.15,Tienda,613275.0
2025-03-04,11716,Tablet 10,Tecnologia,Medellin,3,274800.0,0.05,En linea,783180.0
2025-12-08,19449,Aspiradora,Hogar,Barranquilla,4,85900.0,0.1,En linea,309240.0
2025-08-28,18411,Licuadora,Hogar,Medellin,4,43900.0,0.0,En linea,175600.0
2025-05-27,19065,Chaqueta impermeable,Moda,Cali,1,37500.0,0.0,Tienda,37500.0
2025-08-02,11211,Juego de ollas,Hogar,Medellin,2,45100.0,0.0,Tienda,90200.0
2025-08-22,14810,Bicicleta estatica,Deportes,Medellin,3,45100.0,0.0,Tienda,135300.0
2025-12-05,15856,Tapete yoga,Deportes,Medellin,1,31800.0,0.0,Tienda,31800.0
2025-07-03,13737,Juego de ollas,Hogar,Bogota,2,79800.0,0.1,Tienda,143640.0
2025-03-23,17440,Portatil 14,Tecnologia,Bogota,3,152700.0,0.0,Tienda,458100.0
2025-03-09,11779,Chaqueta impermeable,Moda,Bogota,1,51800.0,0.0,En linea,51800.0
2025-08-17,12062,Chaqueta impermeable,Moda,Medellin,3,62700.0,0.0,Tienda,188100.0
2025-06-14,13637,Bolso cuero,Moda,Medellin,1,50000.0,0.0,Tienda,50000.0
2025-06-19,19922,Jean slim,Moda,Barranquilla,3,45100.0,0.0,Tienda,135300.0
2025-06-06,10995,Guantes gym,Deportes,Cali,1,18800.0,0.1,Tienda,16920.0
2025-10-12,14180,Camiseta basica,Moda,Cali,2,46400.0,0.0,Tienda,92800.0
2025-08-24,18416,Jean slim,Moda,Bogota,1,55100.0,0.05,En linea,52345.0
2025-03-25,10167,Jean slim,Moda,Medellin,4,77000.0,0.0,Tienda,277200.0
2025-05-10,16710,Licuadora,Hogar,Medellin,1,51700.0,0.1,Tienda,46530.0
2025-05-22,18418,Jean slim,Moda,Medellin,3,67100.0,0.05,Tienda,191235.0
2025-01-12,16162,Audifonos BT,Tecnologia,Cali,2,419700.0,0.0,Tienda,839400.0
2025-04-10,13520,Teclado mecanico,Tecnologia,Medellin,2,324000.0,0.15,En linea,550800.0
2025-12-21,11632,Tenis urbanos,Moda,Medellin,4,47900.0,0.0,Tienda,191600.0
2025-01-21,19305,Juego de ollas,Hogar,Medellin,5,66500.0,0.0,En linea,332500.0
2025-01-29,14710,Set de sabanas,Hogar,Barranquilla,1,38000.0,0.1,Tienda,34200.0
2025-12-29,16923,Lampara LED,Hogar,Medellin,5,165700.0,0.05,En linea,787075.0
2025-07-20,11712,Guantes gym,Deportes,Medellin,2,63200.0,0.15,Tienda,107440.0
2025-03-03,13944,Balon futbol,Deportes,Medellin,3,82800.0,0.2,Tienda,198720.0
2025-08-29,11753,Balon futbol,Deportes,Cali,3,64500.0,0.0,Tienda,193500.0
2025-03-08,12571,Camiseta basica,Moda,Cali,1,52000.0,0.0,En linea,52000.0
2025-02-16,15754,Audifonos BT,Tecnologia,Barranquilla,2,704800.0,0.1,En linea,1268640.0
2025-09-02,17827,Guantes gym,Deportes,Bogota,4,69700.0,0.0,Tienda,278800.0
2025-08-08,11072,Lampara LED,Hogar,Barranquilla,4,36800.0,0.0,Tienda,147200.0
2025-07-08,15650,Aspiradora,Hogar,Bogota,4,34500.0,0.0,Tienda,138000.0
2025-02-12,11649,Tenis urbanos,Moda,Medellin,1,33400.0,0.15,Tienda,28390.0
2025-02-12,18665,Teclado mecanico,Tecnologia,Bogota,2,777600.0,0.1,Tienda,1399680.0
2025-08-25,14403,Aspiradora,Hogar,Medellin,3,53100.0,0.15,En linea,135405.0
2025-02-19,18949,Chaqueta impermeable,Moda,Medellin,4,104600.0,0.15,Tienda,355640.0
2025-07-08,13979,Licuadora,Hogar,Bogota,2,64000.0,0.0,Tienda,128000.0
2025-11-03,17384,Licuadora,Hogar,Bogota,1,71100.0,0.15,En linea,60435.0
2025-04-25,17465,Mancuernas 5kg,Deportes,Bogota,1,21100.0,0.1,En linea,18990.0
2025-06-14,11091,Jean slim,Moda,Cali,2,84700.0,0.0,Tienda,169400.0
2025-07-05,15611,Balon futbol,Deportes,Barranquilla,4,38700.0,0.1,Tienda,139320.0
2025-12-06,15824,Chaqueta impermeable,Moda,Cali,1,36300.0,0.0,Tienda,36300.0
2025-03-28,16734,Audifonos BT,Tecnologia,Medellin,2,657100.0,0.05,En linea,1248490.0
2025-10-25,13080,Camiseta basica,Moda,Cali,4,73800.0,0.0,En linea,295200.0
2025-06-28,11725,Guantes gym,Deportes,Cali,1,50700.0,0.05,En linea,48165.0
2025-10-19,19729,Tenis urbanos,Moda,Medellin,4,46700.0,0.2,Tienda,149440.0
2025-11-29,12079,Chaqueta impermeable,Moda,Medellin,1,86100.0,0.05,Tienda,81795.0
2025-09-07,15661,Licuadora,Hogar,Medellin,3,54300.0,0.1,Tienda,146610.0
2025-02-16,18426,Lampara LED,Hogar,Barranquilla,2,76100.0,0.0,Tienda,152200.0
2025-02-09,16011,Lampara LED,Hogar,Bogota,4,44300.0,0.05,Tienda,168340.0
2025-09-05,13790,Bolso cuero,Moda,Barranquilla,3,41800.0,0.0,Tienda,125400.0
2025-01-16,19128,Bicicleta estatica,Deportes,Barranquilla,3,74300.0,0.05,Tienda,211755.0
2025-09-28,12223,Tablet 10,Tecnologia,Medellin,1,649500.0,0.1,En linea,584550.0
2025-04-22,17890,Jean slim,Moda,Bogota,2,68800.0,0.0,Tienda,137600.0
2025-03-20,18185,Guantes gym,Deportes,Barranquilla,3,32100.0,0.1,Tienda,86670.0
2025-10-22,19724,Tablet 10,Tecnologia,Barranquilla,1,191600.0,0.0,Tienda,191600.0
2025-11-03,11899,Guantes gym,Deportes,Barranquilla,2,46000.0,0.0,Tienda,92000.0
2025-02-10,14511,Teclado mecanico,Tecnologia,Barranquilla,2,297800.0,0.1,Tienda,536040.0
2025-06-23,11116,Bolso cuero,Moda,Medellin,4,80100.0,0.0,Tienda,320400.0
2025-06-17,13347,Jean slim,Moda,Bogota,3,43400.0,0.2,Tienda,104160.0
2025-10-05,12873,Monitor 24,Tecnologia,Barranquilla,2,235100.0,0.15,Tienda,399670.0
2025-12-26,11843,Lampara LED,Hogar,Cali,1,54200.0,0.15,En linea,46070.0
2025-01-29,16853,Bolso cuero,Moda,Barranquilla,2,79300.0,0.05,En linea,150670.0
2025-06-25,19294,Set de sabanas,Hogar,Bogota,5,132800.0,0.1,Tienda,597600.0
2025-05-08,12642,Monitor 24,Tecnologia,Barranquilla,3,721800.0,0.2,Tienda,1732320.0
2025-01-23,11620,Set de sabanas,Hogar,Medellin,1,29800.0,0.1,Tienda,26820.0
2025-12-17,13978,Tablet 10,Tecnologia,Barranquilla,1,298200.0,0.1,Tienda,268380.0
2025-08-22,12197,Mancuernas 5kg,Deportes,Medellin,1,63800.0,0.05,Tienda,60610.0
2025-07-12,17507,Jean slim,Moda,Medellin,2,71000.0,0.0,Tienda,142000.0
2025-05-31,15583,Mancuernas 5kg,Deportes,Bogota,1,36800.0,0.0,Tienda,36800.0
2025-01-21,12786,Licuadora,Hogar,Barranquilla,2,59000.0,0.05,Tienda,112100.0
2025-07-08,19379,Teclado mecanico,Tecnologia,Medellin,2,836600.0,0.0,Tienda,1673200.0
2025-05-04,10844,Jean slim,Moda,Medellin,2,63600.0,0.0,Tienda,127200.0
2025-08-21,10457,Tenis urbanos,Moda,Bogota,3,68700.0,0.05,En linea,195795.0
2025-01-13,16672,Licuadora,Hogar,Barranquilla,2,32600.0,0.1,En linea,58680.0
2025-05-13,10554,Bolso cuero,Moda,Bogota,3,139200.0,0.1,En linea,375840.0
2025-07-15,17060,Licuadora,Hogar,Medellin,5,169400.0,0.15,Tienda,719950.0
2025-09-20,13759,Camiseta basica,Moda,Cali,3,100400.0,0.1,Tienda,271080.0
2025-11-11,11228,Lampara LED,Hogar,Bogota,1,85200.0,0.0,Tienda,85200.0
2025-08-09,10610,Audifonos BT,Tecnologia,Barranquilla,1,176900.0,0.0,Tienda,176900.0
2025-11-03,11332,Bolso cuero,Moda,Bogota,3,42300.0,0.05,Tienda,120555.0
2025-12-09,12886,Tapete yoga,Deportes,Bogota,2,49700.0,0.1,Tienda,89460.0
2025-08-24,16138,Juego de ollas,Hogar,Medellin,4,44100.0,0.15,Tienda,149940.0
2025-01-29,14980,Camiseta basica,Moda,Cali,2,57000.0,0.0,En linea,114000.0
2025-06-05,14294,Camiseta basica,Moda,Bogota,4,81500.0,0.2,Tienda,260800.0
2025-05-06,12046,Jean slim,Moda,Cali,2,24800.0,0.05,Tienda,47120.0
2025-06-23,10038,Aspiradora,Hogar,Barranquilla,1,52000.0,0.0,Tienda,52000.0
2025-04-02,18686,Monitor 24,Tecnologia,Medellin,2,190000.0,0.15,Tienda,323000.0
2025-02-02,14666,Portatil 14,Tecnologia,Cali,1,952900.0,0.0,En linea,952900.0
2025-07-16,18437,Guantes gym,Deportes,Cali,3,76100.0,0.0,En linea,228300.0
2025-08-16,10063,Chaqueta impermeable,Moda,Barranquilla,4,59100.0,0.15,Tienda,200940.0
2025-07-05,17904,Guantes gym,Deportes,Bogota,4,97400.0,0.1,En linea,350640.0
2025-03-13,11218,Chaqueta impermeable,Moda,Barranquilla,3,82600.0,0.0,Tienda,247800.0
2025-11-25,14769,Juego de ollas,Hogar,Barranquilla,5,116200.0,0.05,Tienda,551950.0
2025-10-19,12034,Aspiradora,Hogar,Medellin,4,166700.0,0.05,Tienda,633460.0
2025-01-28,12748,Tablet 10,Tecnologia,Medellin,1,360400.0,0.0,En linea,360400.0
2025-10-10,17502,Juego de ollas,Hogar,Medellin,1,41400.0,0.2,Tienda,33120.0
2025-04-04,19294,Mancuernas 5kg,Deportes,Medellin,3,79800.0,0.0,En linea,239400.0
2025-11-18,13718,Bolso cuero,Moda,Bogota,4,103800.0,0.0,En linea,415200.0
2025-05-26,11367,Camiseta basica,Moda,Cali,2,62400.0,0.0,En linea,124800.0
2025-12-01,15549,Camiseta basica,Moda,Bogota,1,28500.0,0.0,Tienda,28500.0
2025-03-05,14558,Tenis urbanos,Moda,Bogota,1,81800.0,0.3,Tienda,57260.0
2025-11-09,18028,Guantes gym,Deportes,Medellin,3,37800.0,0.0,En linea,113400.0
2025-09-18,12159,Tenis urbanos,Moda,Medellin,2,105300.0,0.1,En linea,189540.0
2025-10-15,18554,Juego de ollas,Hogar,Cali,2,13400.0,0.0,Tienda,26800.0
2025-06-10,12998,Licuadora,Hogar,Bogota,4,103500.0,0.0,Tienda,414000.0
2025-03-26,18364,Tenis urbanos,Moda,Medellin,4,107300.0,0.3,Tienda,300440.0
2025-06-19,16325,Licuadora,Hogar,Cali,4,116500.0,0.0,Tienda,466000.0
2025-10-03,16018,Mancuernas 5kg,Deportes,Medellin,3,46300.0,0.0,En linea,138900.0
2025-06-11,14956,Tapete yoga,Deportes,Cali,1,74200.0,0.0,Tienda,74200.0
2025-07-15,19896,Aspiradora,Hogar,Barranquilla,4,54800.0,0.0,Tienda,219200.0
2025-09-16,13088,Juego de ollas,Hogar,Bogota,4,69300.0,0.0,Tienda,277200.0
2025-07-01,10091,Juego de ollas,Hogar,Barranquilla,1,50400.0,0.0,En linea,50400.0
2025-01-29,14275,Tenis urbanos,Moda,Cali,3,88400.0,0.1,Tienda,238680.0
2025-11-23,18699,Juego de ollas,Hogar,Medellin,5,68400.0,0.05,En linea,324900.0
2025-10-18,17145,Teclado mecanico,Tecnologia,Cali,1,376900.0,0.0,Tienda,376900.0
2025-07-19,10831,Set de sabanas,Hogar,Barranquilla,5,41200.0,0.0,Tienda,206000.0
2025-12-15,12880,Teclado mecanico,Tecnologia,Cali,2,293100.0,0.0,Tienda,586200.0
2025-03-26,14489,Juego de ollas,Hogar,Medellin,4,104900.0,0.2,En linea,335680.0
2025-01-27,14986,Aspiradora,Hogar,Cali,4,112000.0,0.2,En linea,358400.0
2025-01-05,10728,Camiseta basica,Moda,Medellin,4,119800.0,0.0,Tienda,479200.0
2025-03-16,14761,Aspiradora,Hogar,Bogota,2,118300.0,0.1,Tienda,212940.0
2025-06-23,12177,Lampara LED,Hogar,Medellin,1,123500.0,0.0,Tienda,123500.0
2025-10-20,10292,Aspiradora,Hogar,Bogota,3,44600.0,0.1,Tienda,120420.0
2025-06-14,16308,Tenis urbanos,Moda,Bogota,1,15100.0,0.15,Tienda,12835.0
2025-08-22,12483,Lampara LED,Hogar,Cali,2,281200.0,0.05,Tienda,534280.0
2025-02-01,14523,Aspiradora,Hogar,Barranquilla,4,72900.0,0.05,En linea,277020.0
2025-08-09,13587,Jean slim,Moda,Bogota,1,98700.0,0.3,En linea,69090.0
2025-09-17,17568,Aspiradora,Hogar,Bogota,4,68000.0,0.0,Tienda,272000.0
2025-06-15,14092,Tablet 10,Tecnologia,Medellin,2,257400.0,0.15,En linea,437580.0
2025-02-25,19202,Tablet 10,Tecnologia,Bogota,2,510500.0,0.2,En linea,816800.0
2025-06-08,15595,Chaqueta impermeable,Moda,Barranquilla,4,43700.0,0.0,Tienda,174800.0
2025-10-06,14069,Jean slim,Moda,Bogota,3,73200.0,0.0,Tienda,219600.0
2025-06-11,11312,Jean slim,Moda,Barranquilla,2,116500.0,0.1,Tienda,209700.0
2025-08-04,11555,Licuadora,Hogar,Cali,5,120100.0,0.1,Tienda,540450.0
2025-02-13,17381,Chaqueta impermeable,Moda,Medellin,4,42600.0,0.15,En linea,144840.0
2025-06-16,14609,Audifonos BT,Tecnologia,Bogota,3,358300.0,0.0,En linea,1074900.0
2025-10-04,15470,Licuadora,Hogar,Medellin,1,65500.0,0.0,En linea,65500.0
2025-07-22,11126,Bolso cuero,Moda,Barranquilla,2,36500.0,0.0,En linea,73000.0
2025-03-30,16329,Camiseta basica,Moda,Bogota,4,53000.0,0.0,En linea,212000.0
2025-07-22,16561,Bicicleta estatica,Deportes,Medellin,4,86000.0,0.15,En linea,292400.0
2025-07-22,14904,Chaqueta impermeable,Moda,Cali,2,52100.0,0.0,En linea,104200.0
2025-02-04,14979,Lampara LED,Hogar,Bogota,4,43000.0,0.15,Tienda,146200.0
2025-11-22,10886,Aspiradora,Hogar,Bogota,1,86100.0,0.0,Tienda,86100.0
2025-05-11,12420,Licuadora,Hogar,Bogota,3,76000.0,0.0,En linea,228000.0
2025-10-09,14580,Teclado mecanico,Tecnologia,Medellin,3,221300.0,0.1,En linea,597510.0
2025-03-26,10765,Tapete yoga,Deportes,Barranquilla,4,49500.0,0.3,Tienda,138600.0
2025-09-01,11423,Bolso cuero,Moda,Barranquilla,1,51700.0,0.05,Tienda,49115.0
2025-03-29,15178,Bicicleta estatica,Deportes,Cali,1,84700.0,0.15,En linea,71995.0
2025-07-03,15070,Set de sabanas,Hogar,Medellin,4,63100.0,0.1,En linea,227160.0
2025-02-07,19271,Lampara LED,Hogar,Barranquilla,3,147300.0,0.0,En linea,441900.0
2025-03-02,14315,Bicicleta estatica,Deportes,Barranquilla,1,50500.0,0.05,En linea,47975.0
2025-05-07,16115,Licuadora,Hogar,Barranquilla,1,74300.0,0.0,Tienda,74300.0
2025-12-31,15270,Lampara LED,Hogar,Bogota,5,96100.0,0.0,Tienda,480500.0
2025-02-27,10045,Aspiradora,Hogar,Bogota,4,80600.0,0.1,Tienda,290160.0
2025-06-14,18823,Licuadora,Hogar,Medellin,2,114100.0,0.0,Tienda,228200.0
2025-10-11,12319,Mancuernas 5kg,Deportes,Bogota,4,111200.0,0.1,Tienda,400320.0
2025-06-04,16394,Set de sabanas,Hogar,Bogota,1,65300.0,0.15,Tienda,55505.0
2025-08-17,17834,Tablet 10,Tecnologia,Medellin,3,226600.0,0.0,Tienda,679800.0
2025-10-07,19702,Chaqueta impermeable,Moda,Medellin,2,41000.0,0.0,Tienda,82000.0
2025-11-04,19826,Guantes gym,Deportes,Barranquilla,4,57900.0,0.1,En linea,208440.0
2025-05-16,11608,Chaqueta impermeable,Moda,Medellin,2,36700.0,0.05,Tienda,69730.0
2025-08-06,12110,Tenis urbanos,Moda,Medellin,1,61800.0,0.0,Tienda,61800.0
2025-08-07,15273,Set de sabanas,Hogar,Bogota,1,35100.0,0.0,Tienda,35100.0
2025-08-26,10399,Teclado mecanico,Tecnologia,Medellin,1,300200.0,0.0,En linea,300200.0
2025-04-17,13880,Licuadora,Hogar,Medellin,1,82300.0,0.05,Tienda,78185.0
2025-07-19,16651,Aspiradora,Hogar,Bogota,3,75100.0,0.0,En linea,225300.0
2025-10-13,12839,Mancuernas 5kg,Deportes,Medellin,1,63600.0,0.1,En linea,57240.0
2025-03-18,16820,Audifonos BT,Tecnologia,Cali,1,299500.0,0.05,Tienda,284525.0
2025-05-18,15312,Audifonos BT,Tecnologia,Medellin,1,88800.0,0.05,Tienda,84360.0
2025-06-12,14245,Audifonos BT,Tecnologia,Cali,3,181300.0,0.3,Tienda,380730.0
2025-02-11,19216,Chaqueta impermeable,Moda,Cali,1,98800.0,0.0,En linea,98800.0
2025-12-20,10792,Set de sabanas,Hogar,Cali,5,35400.0,0.15,Tienda,150450.0
2025-04-07,18883,Mancuernas 5kg,Deportes,Barranquilla,4,85300.0,0.0,Tienda,341200.0
2025-07-17,17582,Jean slim,Moda,Medellin,2,52100.0,0.2,Tienda,83360.0
2025-07-22,14490,Tenis urbanos,Moda,Medellin,3,71000.0,0.15,Tienda,181050.0
2025-09-21,13503,Camiseta basica,Moda,Medellin,4,82800.0,0.0,En linea,331200.0
2025-04-23,17329,Chaqueta impermeable,Moda,Bogota,3,82000.0,0.0,En linea,246000.0
2025-12-29,13638,Licuadora,Hogar,Cali,3,49600.0,0.0,Tienda,148800.0
2025-12-25,15095,Camiseta basica,Moda,Cali,2,41100.0,0.2,Tienda,65760.0
2025-07-15,14997,Tenis urbanos,Moda,Medellin,2,34100.0,0.1,Tienda,61380.0
2025-12-23,15083,Guantes gym,Deportes,Cali,1,46800.0,0.2,Tienda,37440.0
2025-01-12,13622,Licuadora,Hogar,Bogota,1,67600.0,0.3,En linea,47320.0
2025-10-31,10283,Aspiradora,Hogar,Cali,4,113900.0,0.0,Tienda,455600.0
2025-06-15,11697,Mancuernas 5kg,Deportes,Medellin,2,31300.0,0.2,Tienda,50080.0
2025-01-29,14789,Camiseta basica,Moda,Medellin,2,74700.0,0.0,Tienda,149400.0
2025-04-18,14010,Tenis urbanos,Moda,Medellin,3,158800.0,0.0,Tienda,476400.0
2025-07-18,12996,Set de sabanas,Hogar,Medellin,2,50800.0,0.1,Tienda,91440.0
2025-08-21,12060,Monitor 24,Tecnologia,Bogota,1,411100.0,0.15,En linea,349435.0
2025-03-30,17648,Jean slim,Moda,Barranquilla,1,52800.0,0.1,Tienda,47520.0
2025-02-05,17630,Jean slim,Moda,Medellin,2,151800.0,0.0,Tienda,303600.0
2025-10-01,13536,Teclado mecanico,Tecnologia,Bogota,1,709500.0,0.05,Tienda,674025.0
2025-02-15,14207,Chaqueta impermeable,Moda,Cali,3,76300.0,0.05,Tienda,217455.0
2025-05-24,13549,Mancuernas 5kg,Deportes,Bogota,3,32800.0,0.0,En linea,98400.0
2025-05-31,15000,Guantes gym,Deportes,Medellin,4,106500.0,0.0,Tienda,426000.0
2025-07-22,18683,Set de sabanas,Hogar,Bogota,1,131100.0,0.0,Tienda,131100.0
2025-11-28,19104,Guantes gym,Deportes,Barranquilla,3,62800.0,0.05,En linea,178980.0
2025-07-04,12441,Portatil 14,Tecnologia,Bogota,3,375200.0,0.05,Tienda,1069320.0
2025-08-19,11954,Chaqueta impermeable,Moda,Cali,1,46300.0,0.0,Tienda,46300.0
2025-03-15,17902,Camiseta basica,Moda,Bogota,1,17600.0,0.05,En linea,16720.0
2025-03-17,18669,Mancuernas 5kg,Deportes,Medellin,2,64000.0,0.0,Tienda,128000.0
2025-09-11,17970,Lampara LED,Hogar,Medellin,1,58800.0,0.0,Tienda,58800.0
2025-09-08,10210,Guantes gym,Deportes,Medellin,3,31700.0,0.1,Tienda,85590.0
2025-12-17,10389,Aspiradora,Hogar,Cali,3,24700.0,0.0,Tienda,74100.0
2025-02-25,19586,Bicicleta estatica,Deportes,Medellin,1,59400.0,0.05,Tienda,56430.0
2025-05-11,12546,Juego de ollas,Hogar,Medellin,3,133900.0,0.15,En linea,341445.0
2025-11-22,13282,Jean slim,Moda,Barranquilla,3,114200.0,0.3,En linea,239820.0
2025-01-28,19822,Portatil 14,Tecnologia,Cali,2,570800.0,0.05,En linea,1084520.0
2025-08-30,19146,Bicicleta estatica,Deportes,Bogota,1,50700.0,0.05,En linea,48165.0
2025-01-20,10044,Portatil 14,Tecnologia,Bogota,1,151600.0,0.15,Tienda,128860.0
2025-10-29,17390,Balon futbol,Deportes,Cali,3,26800.0,0.0,Tienda,80400.0
2025-03-08,14614,Juego de ollas,Hogar,Medellin,2,127300.0,0.0,En linea,254600.0
2025-09-13,19655,Camiseta basica,Moda,Bogota,2,57900.0,0.0,Tienda,115800.0
2025-05-16,14398,Jean slim,Moda,Medellin,3,37300.0,0.05,En linea,106305.0
2025-09-17,11232,Tenis urbanos,Moda,Medellin,2,38600.0,0.15,Tienda,65620.0
2025-03-06,13750,Bolso cuero,Moda,Medellin,4,70500.0,0.0,Tienda,282000.0
2025-03-19,15440,Teclado mecanico,Tecnologia,Medellin,2,573600.0,0.0,Tienda,1147200.0
2025-03-11,10341,Aspiradora,Hogar,Medellin,3,154700.0,0.15,Tienda,394485.0
2025-04-05,17417,Tenis urbanos,Moda,Medellin,1,99700.0,0.3,Tienda,69790.0
2025-06-29,11783,Jean slim,Moda,Medellin,4,29400.0,0.0,Tienda,111720.0
2025-06-26,10171,Bicicleta estatica,Deportes,Bogota,1,74500.0,0.0,Tienda,74500.0
2025-07-18,13852,Lampara LED,Hogar,Barranquilla,1,61500.0,0.05,En linea,58425.0
2025-07-27,13042,Lampara LED,Hogar,Barranquilla,4,36100.0,0.0,Tienda,144400.0
2025-08-20,10414,Guantes gym,Deportes,Bogota,3,27900.0,0.0,Tienda,83700.0
2025-01-04,10302,Lampara LED,Hogar,Bogota,5,82700.0,0.1,Tienda,372150.0
2025-07-07,19974,Chaqueta impermeable,Moda,Medellin,3,58100.0,0.3,En linea,122010.0
2025-03-03,13510,Tapete yoga,Deportes,Medellin,1,83400.0,0.0,Tienda,83400.0
2025-12-22,17358,Chaqueta impermeable,Moda,Cali,2,62000.0,0.1,Tienda,111600.0
2025-07-05,11291,Tablet 10,Tecnologia,Bogota,2,196300.0,0.1,En linea,353340.0
2025-08-14,13530,Jean slim,Moda,Bogota,4,52800.0,0.0,En linea,211200.0
2025-11-04,15135,Teclado mecanico,Tecnologia,Cali,3,469800.0,0.15,Tienda,1197990.0
2025-05-06,19327,Chaqueta impermeable,Moda,Cali,3,61800.0,0.1,Tienda,166860.0
2025-09-23,19324,Tenis urbanos,Moda,Medellin,1,63700.0,0.15,En linea,54145.0
2025-12-26,14399,Chaqueta impermeable,Moda,Medellin,1,69000.0,0.05,En linea,65550.0
2025-09-08,13370,Chaqueta impermeable,Moda,Bogota,4,116700.0,0.0,Tienda,466800.0
2025-01-29,15465,Tenis urbanos,Moda,Cali,2,71600.0,0.0,En linea,143200.0
2025-05-25,15076,Tapete yoga,Deportes,Medellin,4,64800.0,0.1,En linea,233280.0
2025-05-15,16641,Set de sabanas,Hogar,Cali,5,119900.0,0.05,Tienda,569525.0
2025-04-18,19317,Tablet 10,Tecnologia,Cali,3,501400.0,0.0,Tienda,1504200.0
2025-11-15,11293,Set de sabanas,Hogar,Medellin,2,63000.0,0.0,Tienda,126000.0
2025-10-07,13570,Teclado mecanico,Tecnologia,Medellin,2,196300.0,0.1,En linea,353340.0
2025-05-08,12914,Jean slim,Moda,Medellin,3,20700.0,0.05,Tienda,58995.0
2025-06-12,16618,Portatil 14,Tecnologia,Barranquilla,3,202600.0,0.2,En linea,486240.0
2025-06-12,10551,Chaqueta impermeable,Moda,Bogota,2,48900.0,0.2,Tienda,78240.0
2025-03-07,12891,Lampara LED,Hogar,Barranquilla,3,80200.0,0.2,En linea,192480.0
2025-05-12,10034,Portatil 14,Tecnologia,Medellin,2,460400.0,0.0,Tienda,736640.0
2025-06-20,18540,Teclado mecanico,Tecnologia,Cali,3,398800.0,0.05,Tienda,1136580.0
2025-01-02,19588,Jean slim,Moda,Barranquilla,3,124200.0,0.05,En linea,353970.0
2025-03-24,12901,Juego de ollas,Hogar,Medellin,2,53400.0,0.2,Tienda,85440.0
2025-02-22,10646,Camiseta basica,Moda,Bogota,2,17000.0,0.0,En linea,34000.0
2025-04-08,10929,Juego de ollas,Hogar,Bogota,3,25700.0,0.15,Tienda,65535.0
2025-11-02,18313,Lampara LED,Hogar,Medellin,3,58700.0,0.0,Tienda,176100.0
2025-07-21,17259,Monitor 24,Tecnologia,Barranquilla,1,324000.0,0.0,Tienda,324000.0
2025-06-11,19893,Bolso cuero,Moda,Bogota,3,53800.0,0.0,En linea,129120.0
2025-06-08,15144,Set de sabanas,Hogar,Cali,1,32100.0,0.0,En linea,32100.0
2025-03-20,14167,Bicicleta estatica,Deportes,Barranquilla,1,82400.0,0.0,Tienda,82400.0
2025-10-18,10809,Jean slim,Moda,Barranquilla,2,23700.0,0.0,Tienda,47400.0
2025-04-28,18983,Bolso cuero,Moda,Barranquilla,4,23400.0,0.1,Tienda,84240.0
2025-01-08,11389,Portatil 14,Tecnologia,Medellin,2,307100.0,0.2,Tienda,491360.0
2025-03-25,19774,Audifonos BT,Tecnologia,Medellin,1,1196800.0,0.05,En linea,1136960.0
2025-12-23,16824,Licuadora,Hogar,Medellin,3,42600.0,0.1,Tienda,115020.0
2025-02-20,16315,Chaqueta impermeable,Moda,Cali,4,77100.0,0.05,En linea,292980.0
2025-03-09,13978,Aspiradora,Hogar,Medellin,2,82900.0,0.1,En linea,149220.0
2025-07-03,14400,Chaqueta impermeable,Moda,Bogota,2,44300.0,0.0,Tienda,88600.0
2025-05-23,11012,Tenis urbanos,Moda,Cali,2,104200.0,0.0,En linea,208400.0
2025-01-05,15263,Juego de ollas,Hogar,Cali,2,95200.0,0.1,Tienda,171360.0
2025-09-26,13986,Tablet 10,Tecnologia,Bogota,1,420400.0,0.15,Tienda,357340.0
2025-08-21,12952,Camiseta basica,Moda,Cali,3,67200.0,0.1,Tienda,181440.0
2025-11-14,17076,Portatil 14,Tecnologia,Medellin,3,461300.0,0.15,Tienda,1176315.0
2025-01-15,18631,Lampara LED,Hogar,Medellin,4,47800.0,0.0,Tienda,191200.0
2025-11-09,11635,Chaqueta impermeable,Moda,Cali,4,51700.0,0.0,Tienda,206800.0
2025-11-10,14983,Aspiradora,Hogar,Cali,3,153300.0,0.2,Tienda,367920.0
2025-01-21,18739,Set de sabanas,Hogar,Medellin,4,68200.0,0.0,En linea,272800.0
2025-05-01,16668,Bicicleta estatica,Deportes,Cali,3,43600.0,0.1,En linea,117720.0
2025-01-03,17935,Teclado mecanico,Tecnologia,Barranquilla,1,296400.0,0.05,En linea,281580.0
2025-04-28,16340,Jean slim,Moda,Bogota,3,37800.0,0.15,Tienda,96390.0
2025-09-03,16801,Camiseta basica,Moda,Cali,3,54800.0,0.1,En linea,147960.0
2025-10-21,18801,Aspiradora,Hogar,Medellin,1,73000.0,0.0,Tienda,73000.0
2025-07-09,16116,Tenis urbanos,Moda,Bogota,2,27300.0,0.15,Tienda,46410.0
2025-10-04,12228,Lampara LED,Hogar,Medellin,5,48400.0,0.05,Tienda,229900.0
2025-12-11,12348,Tenis urbanos,Moda,Medellin,4,24300.0,0.0,En linea,97200.0
2025-07-18,10933,Audifonos BT,Tecnologia,Bogota,2,296000.0,0.2,En linea,473600.0
2025-01-29,18652,Set de sabanas,Hogar,Medellin,5,50500.0,0.1,En linea,227250.0
2025-10-07,11941,Lampara LED,Hogar,Cali,2,32400.0,0.0,En linea,64800.0
2025-01-03,16277,Bolso cuero,Moda,Medellin,4,51600.0,0.2,En linea,165120.0
2025-02-20,15605,Balon futbol,Deportes,Medellin,3,99300.0,0.2,Tienda,238320.0
2025-11-14,13856,Camiseta basica,Moda,Medellin,3,37200.0,0.0,Tienda,111600.0
2025-10-06,19605,Tapete yoga,Deportes,Barranquilla,2,66300.0,0.1,Tienda,119340.0
2025-06-08,19607,Teclado mecanico,Tecnologia,Bogota,2,185900.0,0.15,En linea,316030.0
2025-01-25,13276,Tapete yoga,Deportes,Bogota,2,86900.0,0.2,Tienda,139040.0
2025-12-26,13512,Tenis urbanos,Moda,Cali,3,61400.0,0.05,Tienda,174990.0
2025-06-08,18825,Jean slim,Moda,Bogota,3,59900.0,0.0,Tienda,179700.0
2025-06-30,19045,Lampara LED,Hogar,Medellin,4,64100.0,0.1,En linea,230760.0
2025-12-20,11840,Audifonos BT,Tecnologia,Barranquilla,3,462300.0,0.0,Tienda,1386900.0
2025-09-02,15961,Portatil 14,Tecnologia,Barranquilla,3,355600.0,0.0,Tienda,1066800.0
2025-02-01,14257,Jean slim,Moda,Medellin,1,65300.0,0.0,En linea,65300.0
2025-05-16,19036,Licuadora,Hogar,Bogota,2,27200.0,0.15,Tienda,46240.0
2025-10-11,18859,Jean slim,Moda,Barranquilla,1,67200.0,0.0,En linea,67200.0
2025-12-28,17052,Teclado mecanico,Tecnologia,Cali,3,273400.0,0.1,Tienda,738180.0
2025-01-19,16520,Bolso cuero,Moda,Bogota,4,118100.0,0.1,En linea,425160.0
2025-08-07,16466,Audifonos BT,Tecnologia,Medellin,1,425000.0,0.1,En linea,382500.0
2025-12-31,13824,Chaqueta impermeable,Moda,Bogota,3,81800.0,0.05,En linea,233130.0
2025-06-19,11994,Bolso cuero,Moda,Medellin,1,80000.0,0.15,Tienda,68000.0
2025-08-30,18725,Tapete yoga,Deportes,Barranquilla,4,26200.0,0.1,Tienda,94320.0
2025-04-29,18246,Set de sabanas,Hogar,Bogota,4,189700.0,0.1,En linea,682920.0
2025-04-03,11032,Audifonos BT,Tecnologia,Cali,1,243200.0,0.0,En linea,243200.0
2025-04-30,12226,Chaqueta impermeable,Moda,Cali,1,19800.0,0.0,Tienda,19800.0
2025-10-11,18413,Guantes gym,Deportes,Medellin,1,51100.0,0.0,En linea,51100.0
2025-04-05,10603,Bicicleta estatica,Deportes,Cali,4,32400.0,0.0,Tienda,129600.0
2025-08-30,16663,Juego de ollas,Hogar,Cali,3,134400.0,0.1,Tienda,362880.0
2025-01-16,13969,Tablet 10,Tecnologia,Barranquilla,3,273500.0,0.0,Tienda,820500.0
2025-05-31,18543,Tablet 10,Tecnologia,Bogota,2,297500.0,0.05,Tienda,565250.0
2025-02-15,14581,Aspiradora,Hogar,Bogota,4,49300.0,0.0,Tienda,197200.0
2025-09-09,18209,Jean slim,Moda,Medellin,1,140200.0,0.0,En linea,140200.0
2025-01-26,15474,Mancuernas 5kg,Deportes,Medellin,1,53700.0,0.1,Tienda,48330.0
2025-04-17,10855,Lampara LED,Hogar,Medellin,1,88200.0,0.05,En linea,83790.0
2025-01-19,16175,Tenis urbanos,Moda,Barranquilla,2,92600.0,0.15,Tienda,157420.0
2025-10-05,14713,Aspiradora,Hogar,Medellin,1,28800.0,0.15,Tienda,24480.0
2025-01-15,14619,Licuadora,Hogar,Bogota,1,80200.0,0.15,En linea,68170.0
2025-07-02,10677,Teclado mecanico,Tecnologia,Bogota,1,438500.0,0.0,Tienda,438500.0
2025-04-21,13633,Chaqueta impermeable,Moda,Bogota,4,120300.0,0.0,En linea,481200.0
2025-05-18,14067,Balon futbol,Deportes,Cali,2,67800.0,0.0,En linea,135600.0
2025-06-05,10011,Juego de ollas,Hogar,Bogota,4,75500.0,0.0,Tienda,302000.0
2025-04-29,13731,Chaqueta impermeable,Moda,Cali,2,51000.0,0.0,En linea,102000.0
2025-03-30,12903,Lampara LED,Hogar,Barranquilla,4,34800.0,0.15,Tienda,118320.0
2025-04-15,10908,Camiseta basica,Moda,Medellin,2,52200.0,0.0,En linea,104400.0
2025-04-22,16863,Lampara LED,Hogar,Medellin,4,80200.0,0.05,En linea,304760.0
2025-04-11,10072,Lampara LED,Hogar,Bogota,1,81400.0,0.2,Tienda,65120.0
2025-06-16,10472,Chaqueta impermeable,Moda,Bogota,1,81700.0,0.0,Tienda,81700.0
2025-04-21,14340,Set de sabanas,Hogar,Bogota,1,35300.0,0.2,Tienda,28240.0
2025-12-26,19972,Guantes gym,Deportes,Bogota,2,51300.0,0.15,En linea,87210.0
2025-03-27,10690,Bolso cuero,Moda,Cali,3,22700.0,0.05,Tienda,64695.0
2025-06-02,13614,Chaqueta impermeable,Moda,Cali,4,44600.0,0.0,En linea,178400.0
2025-10-20,10688,Tenis urbanos,Moda,Cali,1,33700.0,0.1,Tienda,30330.0
2025-10-09,15084,Bolso cuero,Moda,Barranquilla,4,41000.0,0.0,Tienda,164000.0
2025-03-28,19850,Tablet 10,Tecnologia,Barranquilla,1,807600.0,0.0,Tienda,807600.0
2025-09-27,18518,Balon futbol,Deportes,Barranquilla,2,65900.0,0.0,En linea,131800.0
2025-01-04,17736,Teclado mecanico,Tecnologia,Medellin,2,230800.0,0.2,Tienda,369280.0
2025-07-10,12985,Camiseta basica,Moda,Bogota,4,28700.0,0.2,En linea,91840.0
2025-08-15,15126,Tapete yoga,Deportes,Cali,4,49900.0,0.0,Tienda,199600.0
2025-08-05,14397,Tenis urbanos,Moda,Medellin,4,50800.0,0.0,Tienda,203200.0
2025-10-13,13418,Jean slim,Moda,Bogota,3,53600.0,0.1,Tienda,144720.0
2025-01-19,11389,Portatil 14,Tecnologia,Medellin,2,168700.0,0.0,En linea,337400.0
2025-03-18,12615,Bolso cuero,Moda,Barranquilla,1,85100.0,0.0,Tienda,85100.0
2025-11-04,15448,Mancuernas 5kg,Deportes,Cali,3,102300.0,0.0,Tienda,306900.0
2025-07-05,14845,Camiseta basica,Moda,Cali,4,27000.0,0.0,Tienda,108000.0
2025-10-10,11004,Bolso cuero,Moda,Medellin,4,36400.0,0.0,En linea,145600.0
2025-09-08,19250,Tenis urbanos,Moda,Bogota,2,26700.0,0.2,En linea,42720.0
2025-12-12,18323,Chaqueta impermeable,Moda,Bogota,2,45500.0,0.3,Tienda,63700.0
2025-06-24,19067,Audifonos BT,Tecnologia,Cali,2,365000.0,0.05,Tienda,693500.0
2025-03-04,11975,Juego de ollas,Hogar,Medellin,3,77500.0,0.0,Tienda,232500.0
2025-02-16,19677,Bicicleta estatica,Deportes,Barranquilla,3,31000.0,0.05,En linea,88350.0
2025-04-11,13319,Audifonos BT,Tecnologia,Cali,1,260600.0,0.0,Tienda,260600.0
2025-09-13,14395,Tablet 10,Tecnologia,Barranquilla,2,366400.0,0.0,Tienda,732800.0
2025-12-03,10653,Audifonos BT,Tecnologia,Medellin,3,547700.0,0.0,En linea,1643100.0
2025-06-01,16280,Licuadora,Hogar,Medellin,1,106400.0,0.0,En linea,106400.0
2025-07-15,16954,Tenis urbanos,Moda,Cali,4,55500.0,0.1,Tienda,199800.0
2025-08-10,13641,Guantes gym,Deportes,Medellin,1,144000.0,0.3,Tienda,100800.0
2025-07-04,18892,Lampara LED,Hogar,Bogota,1,46200.0,0.2,Tienda,36960.0
2025-10-26,12337,Set de sabanas,Hogar,Cali,1,32900.0,0.05,En linea,31255.0
2025-05-05,17628,Guantes gym,Deportes,Bogota,3,41000.0,0.0,Tienda,123000.0
2025-10-08,16218,Tapete yoga,Deportes,Medellin,4,24600.0,0.15,En linea,83640.0
2025-06-11,17599,Aspiradora,Hogar,Bogota,1,65800.0,0.05,En linea,62510.0
2025-06-13,15395,Set de sabanas,Hogar,Barranquilla,1,75400.0,0.05,En linea,71630.0
2025-06-02,16669,Juego de ollas,Hogar,Bogota,1,87300.0,0.05,Tienda,82935.0
2025-07-28,14468,Juego de ollas,Hogar,Medellin,5,112100.0,0.1,En linea,504450.0
2025-11-22,16066,Chaqueta impermeable,Moda,Bogota,2,130200.0,0.0,Tienda,260400.0
2025-04-15,16672,Tablet 10,Tecnologia,Medellin,2,524900.0,0.0,Tienda,1049800.0
2025-12-17,19713,Juego de ollas,Hogar,Bogota,5,43400.0,0.05,En linea,206150.0
2025-11-04,12404,Monitor 24,Tecnologia,Barranquilla,1,462600.0,0.0,En linea,462600.0
2025-01-16,16587,Chaqueta impermeable,Moda,Medellin,4,65200.0,0.0,Tienda,260800.0
2025-07-30,12660,Set de sabanas,Hogar,Medellin,3,114200.0,0.15,Tienda,291210.0
2025-05-21,18292,Audifonos BT,Tecnologia,Bogota,2,269400.0,0.3,Tienda,377160.0
2025-04-21,19908,Chaqueta impermeable,Moda,Cali,2,99400.0,0.3,En linea,139160.0
2025-10-28,13034,Aspiradora,Hogar,Barranquilla,4,72900.0,0.05,En linea,277020.0
2025-06-15,14131,Camiseta basica,Moda,Medellin,2,71400.0,0.0,En linea,142800.0
2025-09-27,19651,Juego de ollas,Hogar,Cali,3,42900.0,0.0,En linea,128700.0
2025-09-27,10012,Licuadora,Hogar,Bogota,5,81200.0,0.1,Tienda,365400.0
2025-10-20,10173,Teclado mecanico,Tecnologia,Barranquilla,2,337500.0,0.3,Tienda,472500.0
2025-08-22,15749,Audifonos BT,Tecnologia,Bogota,3,248200.0,0.0,Tienda,744600.0
2025-09-08,17535,Lampara LED,Hogar,Bogota,3,62200.0,0.1,En linea,167940.0
2025-12-30,10669,Balon futbol,Deportes,Barranquilla,1,42300.0,0.0,Tienda,42300.0
2025-06-09,14965,Bolso cuero,Moda,Bogota,2,46800.0,0.05,En linea,88920.0
2025-08-11,11302,Licuadora,Hogar,Bogota,2,100600.0,0.15,Tienda,171020.0
2025-12-03,12851,Licuadora,Hogar,Bogota,2,106400.0,0.0,Tienda,212800.0
2025-01-23,13165,Camiseta basica,Moda,Medellin,3,102800.0,0.0,En linea,308400.0
2025-06-14,19034,Set de sabanas,Hogar,Medellin,5,52400.0,0.0,Tienda,262000.0
2025-05-24,16166,Guantes gym,Deportes,Bogota,4,119000.0,0.05,Tienda,452200.0
2025-01-27,13822,Juego de ollas,Hogar,Barranquilla,5,38700.0,0.15,En linea,164475.0
2025-10-13,16016,Mancuernas 5kg,Deportes,Bogota,4,47500.0,0.05,En linea,180500.0
2025-12-20,19508,Monitor 24,Tecnologia,Barranquilla,1,277900.0,0.0,Tienda,277900.0
2025-11-30,11658,Set de sabanas,Hogar,Medellin,4,184200.0,0.0,En linea,736800.0
2025-04-20,17583,Chaqueta impermeable,Moda,Bogota,3,86500.0,0.0,En linea,259500.0
2025-04-04,10043,Tenis urbanos,Moda,Medellin,1,71300.0,0.1,Tienda,64170.0
2025-11-27,12375,Set de sabanas,Hogar,Bogota,2,81800.0,0.2,Tienda,130880.0
2025-07-20,14140,Tapete yoga,Deportes,Medellin,2,33200.0,0.2,Tienda,53120.0
2025-02-05,10999,Set de sabanas,Hogar,Cali,5,35000.0,0.05,Tienda,166250.0
2025-03-13,18499,Tenis urbanos,Moda,Medellin,3,47400.0,0.1,Tienda,127980.0
2025-03-14,16946,Balon futbol,Deportes,Medellin,4,24600.0,0.0,Tienda,98400.0
2025-09-08,13010,Bicicleta estatica,Deportes,Bogota,3,40400.0,0.0,Tienda,121200.0
2025-08-16,18605,Guantes gym,Deportes,Medellin,4,69200.0,0.2,En linea,221440.0
2025-10-06,16809,Licuadora,Hogar,Barranquilla,1,31000.0,0.15,Tienda,26350.0
2025-09-23,18982,Tablet 10,Tecnologia,Bogota,3,490100.0,0.15,Tienda,1249755.0
2025-11-21,17689,Juego de ollas,Hogar,Barranquilla,2,52100.0,0.0,En linea,104200.0
2025-06-22,10729,Bicicleta estatica,Deportes,Medellin,1,52100.0,0.1,En linea,46890.0
2025-04-20,12568,Guantes gym,Deportes,Bogota,1,48800.0,0.0,En linea,48800.0
2025-08-24,16320,Guantes gym,Deportes,Bogota,2,30100.0,0.0,Tienda,60200.0
2025-05-04,12548,Tablet 10,Tecnologia,Barranquilla,3,227200.0,0.05,Tienda,647520.0
2025-03-31,10309,Tenis urbanos,Moda,Medellin,1,41500.0,0.0,Tienda,41500.0
2025-10-22,15740,Aspiradora,Hogar,Barranquilla,1,107300.0,0.0,Tienda,107300.0
2025-09-04,16950,Bolso cuero,Moda,Barranquilla,3,49600.0,0.1,En linea,133920.0
2025-10-03,10981,Jean slim,Moda,Medellin,2,71800.0,0.15,En linea,122060.0
2025-10-04,18792,Set de sabanas,Hogar,Medellin,4,41900.0,0.15,Tienda,142460.0
2025-11-22,13445,Set de sabanas,Hogar,Cali,5,53500.0,0.0,Tienda,267500.0
2025-11-09,14299,Camiseta basica,Moda,Medellin,3,62700.0,0.0,Tienda,188100.0
2025-06-23,17280,Tenis urbanos,Moda,Medellin,3,72400.0,0.0,Tienda,217200.0
2025-07-01,16508,Camiseta basica,Moda,Medellin,3,65100.0,0.15,Tienda,166005.0
2025-09-04,10788,Tapete yoga,Deportes,Medellin,1,28800.0,0.05,En linea,27360.0
2025-12-31,11515,Aspiradora,Hogar,Cali,4,143500.0,0.0,Tienda,574000.0
2025-01-31,11717,Tenis urbanos,Moda,Medellin,4,58900.0,0.0,Tienda,235600.0
2025-07-05,14376,Lampara LED,Hogar,Bogota,3,96700.0,0.0,Tienda,290100.0
2025-04-17,15732,Jean slim,Moda,Cali,3,79300.0,0.1,En linea,214110.0
2025-05-28,16205,Guantes gym,Deportes,Bogota,3,45800.0,0.0,Tienda,137400.0
2025-02-07,10998,Aspiradora,Hogar,Cali,3,74300.0,0.15,En linea,189465.0
2025-09-27,10039,Guantes gym,Deportes,Barranquilla,1,54800.0,0.0,En linea,54800.0
2025-04-28,11490,Chaqueta impermeable,Moda,Cali,1,46900.0,0.0,Tienda,46900.0
2025-11-03,15597,Bicicleta estatica,Deportes,Barranquilla,3,57900.0,0.1,En linea,156330.0
2025-03-31,16990,Licuadora,Hogar,Bogota,1,42700.0,0.0,Tienda,42700.0
2025-04-25,17749,Jean slim,Moda,Bogota,2,21400.0,0.0,En linea,42800.0
2025-05-21,14307,Lampara LED,Hogar,Bogota,1,57800.0,0.0,Tienda,57800.0
2025-12-03,11948,Monitor 24,Tecnologia,Barranquilla,2,966200.0,0.1,Tienda,1739160.0
2025-10-22,12950,Guantes gym,Deportes,Bogota,4,38300.0,0.05,Tienda,145540.0
2025-08-01,11088,Chaqueta impermeable,Moda,Medellin,3,118400.0,0.2,Tienda,284160.0
2025-09-27,14994,Lampara LED,Hogar,Cali,1,66400.0,0.0,Tienda,66400.0
2025-12-11,12310,Aspiradora,Hogar,Cali,2,56800.0,0.0,Tienda,113600.0
2025-05-14,10689,Tapete yoga,Deportes,Cali,3,36100.0,0.1,En linea,97470.0
2025-06-28,15416,Set de sabanas,Hogar,Medellin,4,51300.0,0.0,Tienda,205200.0
2025-11-27,13984,Tenis urbanos,Moda,Bogota,2,45900.0,0.3,Tienda,64260.0
2025-07-23,13513,Bolso cuero,Moda,Medellin,3,191600.0,0.0,En linea,574800.0
2025-02-01,15210,Camiseta basica,Moda,Medellin,2,42000.0,0.2,Tienda,67200.0
2025-09-25,17293,Tenis urbanos,Moda,Cali,3,51300.0,0.1,Tienda,138510.0
2025-02-07,14004,Monitor 24,Tecnologia,Medellin,2,318600.0,0.0,En linea,637200.0
2025-10-03,12683,Aspiradora,Hogar,Barranquilla,1,57100.0,0.15,En linea,48535.0
2025-03-31,19563,Camiseta basica,Moda,Medellin,3,53600.0,0.0,Tienda,160800.0
2025-10-22,15707,Tapete yoga,Deportes,Bogota,2,32400.0,0.2,En linea,51840.0
2025-05-22,15743,Jean slim,Moda,Cali,2,49100.0,0.05,En linea,93290.0
2025-04-17,11022,Lampara LED,Hogar,Bogota,2,71400.0,0.1,Tienda,128520.0
2025-09-30,12706,Chaqueta impermeable,Moda,Bogota,3,207400.0,0.1,Tienda,559980.0
2025-01-22,12853,Teclado mecanico,Tecnologia,Bogota,1,282100.0,0.0,En linea,282100.0
2025-12-29,19866,Balon futbol,Deportes,Bogota,1,39900.0,0.15,En linea,33915.0
2025-12-06,12757,Bicicleta estatica,Deportes,Medellin,3,59500.0,0.2,En linea,142800.0
2025-05-18,13336,Balon futbol,Deportes,Medellin,4,93900.0,0.0,Tienda,375600.0
2025-01-02,16767,Aspiradora,Hogar,Bogota,3,57000.0,0.0,En linea,171000.0
2025-02-14,16447,Bolso cuero,Moda,Barranquilla,2,44700.0,0.1,En linea,80460.0
2025-11-04,10951,Balon futbol,Deportes,Medellin,2,62300.0,0.0,En linea,124600.0
2025-02-12,11941,Guantes gym,Deportes,Bogota,1,41800.0,0.1,En linea,37620.0
2025-04-16,18544,Jean slim,Moda,Medellin,1,37200.0,0.05,Tienda,35340.0
2025-09-08,13388,Balon futbol,Deportes,Cali,1,49800.0,0.0,En linea,49800.0
2025-07-09,18143,Mancuernas 5kg,Deportes,Barranquilla,4,79200.0,0.0,Tienda,316800.0
2025-06-25,15825,Camiseta basica,Moda,Medellin,2,113600.0,0.1,En linea,204480.0
2025-08-31,18943,Lampara LED,Hogar,Medellin,5,140800.0,0.3,Tienda,492800.0
2025-03-06,16308,Bicicleta estatica,Deportes,Medellin,4,36100.0,0.05,En linea,137180.0
2025-12-01,17897,Aspiradora,Hogar,Medellin,4,136500.0,0.05,Tienda,518700.0
2025-07-15,14615,Juego de ollas,Hogar,Medellin,5,108200.0,0.0,Tienda,541000.0
2025-11-18,17794,Licuadora,Hogar,Bogota,2,72000.0,0.1,Tienda,129600.0
2025-06-28,10940,Camiseta basica,Moda,Cali,1,28900.0,0.0,Tienda,28900.0
2025-02-09,13078,Teclado mecanico,Tecnologia,Bogota,2,352800.0,0.15,Tienda,599760.0
2025-11-23,17095,Lampara LED,Hogar,Bogota,1,57200.0,0.05,Tienda,54340.0
2025-10-07,15458,Juego de ollas,Hogar,Medellin,1,76700.0,0.05,Tienda,72865.0
2025-03-16,11346,Lampara LED,Hogar,Medellin,1,199200.0,0.15,En linea,169320.0
2025-01-01,14586,Lampara LED,Hogar,Bogota,3,110500.0,0.1,Tienda,298350.0
2025-01-21,15751,Bicicleta estatica,Deportes,Cali,4,64000.0,0.1,En linea,230400.0
2025-11-09,14276,Audifonos BT,Tecnologia,Bogota,1,154700.0,0.05,Tienda,146965.0
2025-10-11,10272,Jean slim,Moda,Cali,3,52800.0,0.1,Tienda,142560.0
2025-05-05,14978,Set de sabanas,Hogar,Cali,2,98800.0,0.1,En linea,177840.0
2025-01-27,10748,Portatil 14,Tecnologia,Medellin,2,138000.0,0.0,Tienda,276000.0
2025-01-12,10436,Jean slim,Moda,Medellin,1,47500.0,0.0,Tienda,47500.0
2025-11-26,17309,Licuadora,Hogar,Bogota,5,41700.0,0.15,En linea,177225.0
2025-09-30,19038,Chaqueta impermeable,Moda,Cali,1,43400.0,0.05,Tienda,41230.0
2025-05-08,17441,Tablet 10,Tecnologia,Medellin,2,459300.0,0.15,En linea,780810.0
2025-12-17,11960,Chaqueta impermeable,Moda,Bogota,2,86500.0,0.0,En linea,173000.0
2025-10-13,11319,Tapete yoga,Deportes,Bogota,4,98100.0,0.2,Tienda,313920.0
2025-05-03,19311,Lampara LED,Hogar,Cali,1,58900.0,0.05,Tienda,55955.0
2025-07-11,14286,Tapete yoga,Deportes,Bogota,2,28900.0,0.1,Tienda,52020.0
2025-03-29,17144,Monitor 24,Tecnologia,Cali,3,373400.0,0.3,Tienda,784140.0
2025-06-23,17117,Jean slim,Moda,Barranquilla,2,57200.0,0.0,En linea,114400.0
2025-12-30,12805,Bolso cuero,Moda,Medellin,4,33700.0,0.1,Tienda,121320.0
2025-04-27,16441,Juego de ollas,Hogar,Cali,3,125100.0,0.05,Tienda,356535.0
2025-12-29,15387,Mancuernas 5kg,Deportes,Medellin,1,36800.0,0.0,Tienda,36800.0
2025-11-06,14042,Aspiradora,Hogar,Bogota,2,88400.0,0.0,Tienda,176800.0
2025-04-24,10273,Set de sabanas,Hogar,Bogota,5,34900.0,0.1,Tienda,157050.0
2025-12-20,13530,Chaqueta impermeable,Moda,Bogota,3,55000.0,0.0,Tienda,165000.0
2025-01-01,12277,Monitor 24,Tecnologia,Cali,3,495600.0,0.0,Tienda,1486800.0
2025-06-13,10495,Bicicleta estatica,Deportes,Bogota,2,43200.0,0.0,En linea,86400.0
2025-04-13,16301,Licuadora,Hogar,Medellin,3,104300.0,0.15,Tienda,265965.0
2025-03-31,19055,Juego de ollas,Hogar,Medellin,1,63900.0,0.0,En linea,63900.0
2025-05-09,19758,Jean slim,Moda,Bogota,4,49300.0,0.15,En linea,167620.0
2025-10-21,16477,Licuadora,Hogar,Cali,3,55000.0,0.0,En linea,165000.0
2025-05-30,19839,Guantes gym,Deportes,Barranquilla,1,124400.0,0.0,En linea,124400.0
2025-09-06,15239,Tapete yoga,Deportes,Medellin,4,29000.0,0.15,En linea,98600.0
2025-07-02,13691,Aspiradora,Hogar,Bogota,4,96300.0,0.15,En linea,327420.0
2025-10-01,13325,Tapete yoga,Deportes,Bogota,4,19800.0,0.0,Tienda,79200.0
2025-10-22,12307,Aspiradora,Hogar,Bogota,4,117200.0,0.3,Tienda,328160.0
2025-06-05,16221,Juego de ollas,Hogar,Cali,5,64500.0,0.0,En linea,322500.0
2025-11-23,12426,Tenis urbanos,Moda,Medellin,3,81900.0,0.3,Tienda,171990.0
2025-08-17,17766,Tablet 10,Tecnologia,Bogota,3,121200.0,0.15,En linea,309060.0
2025-05-17,14613,Tenis urbanos,Moda,Bogota,3,83100.0,0.0,En linea,249300.0
2025-12-13,10149,Portatil 14,Tecnologia,Bogota,1,86100.0,0.2,En linea,68880.0
2025-06-24,18168,Portatil 14,Tecnologia,Barranquilla,3,543600.0,0.0,Tienda,1630800.0
2025-03-30,11543,Mancuernas 5kg,Deportes,Barranquilla,1,37600.0,0.1,Tienda,33840.0
2025-05-11,16210,Tenis urbanos,Moda,Barranquilla,2,31400.0,0.0,En linea,62800.0
2025-05-24,12194,Licuadora,Hogar,Bogota,5,58300.0,0.15,Tienda,247775.0
2025-06-24,11224,Lampara LED,Hogar,Bogota,4,80600.0,0.0,Tienda,322400.0
2025-06-06,11489,Portatil 14,Tecnologia,Cali,1,363000.0,0.15,Tienda,308550.0
2025-05-21,13634,Bicicleta estatica,Deportes,Cali,3,87700.0,0.0,En linea,263100.0
2025-06-07,15065,Aspiradora,Hogar,Bogota,5,71000.0,0.2,En linea,284000.0
2025-03-01,15679,Monitor 24,Tecnologia,Cali,3,669900.0,0.0,Tienda,2009700.0
2025-10-22,18949,Licuadora,Hogar,Medellin,3,139300.0,0.1,En linea,376110.0
2025-04-24,18947,Set de sabanas,Hogar,Cali,4,124600.0,0.1,Tienda,448560.0
2025-12-03,17895,Teclado mecanico,Tecnologia,Medellin,1,442600.0,0.05,Tienda,420470.0
2025-07-04,10904,Tenis urbanos,Moda,Bogota,2,48400.0,0.0,Tienda,96800.0
2025-03-19,15248,Audifonos BT,Tecnologia,Barranquilla,2,588300.0,0.15,Tienda,1000110.0
2025-03-02,10498,Mancuernas 5kg,Deportes,Barranquilla,3,119300.0,0.2,Tienda,286320.0
2025-07-23,13024,Chaqueta impermeable,Moda,Medellin,1,16400.0,0.05,Tienda,15580.0
2025-01-01,11355,Jean slim,Moda,Medellin,3,59200.0,0.05,Tienda,168720.0
2025-07-24,19948,Bicicleta estatica,Deportes,Bogota,2,53100.0,0.1,Tienda,95580.0
2025-12-12,13713,Tenis urbanos,Moda,Cali,3,62500.0,0.05,En linea,178125.0
2025-10-05,16311,Tapete yoga,Deportes,Medellin,3,25500.0,0.0,Tienda,76500.0
2025-10-15,18403,Lampara LED,Hogar,Medellin,5,71500.0,0.1,En linea,321750.0
2025-05-17,12052,Juego de ollas,Hogar,Bogota,5,64500.0,0.0,Tienda,322500.0
2025-01-13,12077,Balon futbol,Deportes,Medellin,3,75600.0,0.0,En linea,226800.0
2025-04-12,16691,Juego de ollas,Hogar,Bogota,4,63900.0,0.0,Tienda,255600.0
2025-02-25,14052,Licuadora,Hogar,Cali,2,50000.0,0.05,Tienda,95000.0
2025-06-11,17230,Set de sabanas,Hogar,Bogota,5,29500.0,0.0,Tienda,147500.0
2025-01-31,15976,Aspiradora,Hogar,Medellin,5,37700.0,0.05,Tienda,179075.0
2025-10-28,11084,Mancuernas 5kg,Deportes,Medellin,4,64200.0,0.2,Tienda,205440.0
2025-11-20,12819,Licuadora,Hogar,Cali,3,49800.0,0.0,En linea,149400.0
2025-01-16,15673,Jean slim,Moda,Bogota,1,59400.0,0.15,Tienda,50490.0
2025-01-31,17249,Camiseta basica,Moda,Medellin,4,47200.0,0.05,En linea,179360.0
2025-10-01,19512,Aspiradora,Hogar,Medellin,1,96900.0,0.0,En linea,96900.0
2025-09-05,18742,Licuadora,Hogar,Cali,3,127800.0,0.0,En linea,383400.0
2025-01-19,10103,Set de sabanas,Hogar,Cali,5,44800.0,0.15,Tienda,190400.0
2025-10-17,14302,Teclado mecanico,Tecnologia,Medellin,3,320700.0,0.0,Tienda,962100.0
2025-08-30,19038,Aspiradora,Hogar,Medellin,5,105600.0,0.0,En linea,528000.0
2025-06-11,10487,Jean slim,Moda,Barranquilla,2,58200.0,0.0,Tienda,116400.0
2025-06-13,17276,Tenis urbanos,Moda,Medellin,4,90300.0,0.15,En linea,307020.0
2025-09-07,18935,Tapete yoga,Deportes,Medellin,1,39400.0,0.0,En linea,39400.0
2025-03-22,13351,Chaqueta impermeable,Moda,Cali,4,67600.0,0.05,En linea,256880.0
2025-12-19,17989,Set de sabanas,Hogar,Barranquilla,1,65400.0,0.0,Tienda,65400.0
2025-09-20,11540,Camiseta basica,Moda,Cali,2,42100.0,0.2,En linea,67360.0
2025-07-31,19065,Juego de ollas,Hogar,Cali,1,88300.0,0.0,En linea,88300.0
2025-05-30,14770,Chaqueta impermeable,Moda,Medellin,2,57900.0,0.05,En linea,110010.0
2025-03-17,11817,Licuadora,Hogar,Medellin,3,75300.0,0.2,En linea,180720.0
2025-07-16,17665,Lampara LED,Hogar,Bogota,1,84500.0,0.05,Tienda,80275.0
2025-04-19,14497,Camiseta basica,Moda,Medellin,2,51800.0,0.1,Tienda,93240.0
2025-04-24,16316,Balon futbol,Deportes,Cali,2,50700.0,0.1,Tienda,91260.0
2025-09-17,18971,Tenis urbanos,Moda,Medellin,1,61900.0,0.0,En linea,61900.0
2025-07-29,19592,Mancuernas 5kg,Deportes,Medellin,4,57400.0,0.2,Tienda,183680.0
2025-01-19,13088,Teclado mecanico,Tecnologia,Medellin,1,542400.0,0.0,En linea,542400.0
2025-09-21,15912,Chaqueta impermeable,Moda,Medellin,1,76500.0,0.1,Tienda,68850.0
2025-04-07,17766,Portatil 14,Tecnologia,Cali,3,275200.0,0.0,Tienda,825600.0
2025-04-07,17686,Licuadora,Hogar,Medellin,4,64800.0,0.05,Tienda,246240.0
2025-04-11,13345,Tapete yoga,Deportes,Cali,3,52300.0,0.2,En linea,125520.0
2025-04-08,14683,Aspiradora,Hogar,Barranquilla,5,72600.0,0.3,Tienda,254100.0
2025-02-05,18309,Lampara LED,Hogar,Barranquilla,1,46000.0,0.05,En linea,43700.0
2025-07-05,18279,Guantes gym,Deportes,Cali,1,99000.0,0.0,En linea,99000.0
2025-09-20,14012,Teclado mecanico,Tecnologia,Medellin,1,374300.0,0.1,En linea,336870.0
2025-04-10,15269,Licuadora,Hogar,Cali,1,75900.0,0.05,Tienda,72105.0
2025-03-16,12362,Aspiradora,Hogar,Cali,5,27900.0,0.15,Tienda,118575.0
2025-04-18,15599,Monitor 24,Tecnologia,Medellin,1,159200.0,0.15,En linea,135320.0
2025-04-19,13098,Juego de ollas,Hogar,Medellin,5,73600.0,0.0,En linea,368000.0
2025-12-31,16890,Jean slim,Moda,Cali,4,63300.0,0.05,Tienda,240540.0
2025-03-09,16164,Jean slim,Moda,Medellin,2,36700.0,0.0,Tienda,73400.0
2025-11-04,11363,Set de sabanas,Hogar,Cali,2,118000.0,0.0,En linea,236000.0
2025-02-13,19933,Tenis urbanos,Moda,Barranquilla,3,51300.0,0.0,En linea,153900.0
2025-08-20,15879,Guantes gym,Deportes,Medellin,4,28100.0,0.0,En linea,112400.0
2025-04-09,19025,Aspiradora,Hogar,Barranquilla,2,67100.0,0.0,Tienda,134200.0
2025-11-25,19348,Aspiradora,Hogar,Medellin,5,87600.0,0.0,Tienda,438000.0
2025-03-22,14081,Tapete yoga,Deportes,Cali,4,33000.0,0.05,Tienda,125400.0
2025-05-26,17593,Tablet 10,Tecnologia,Bogota,1,544100.0,0.0,En linea,544100.0
2025-12-07,13121,Set de sabanas,Hogar,Cali,1,72300.0,0.0,Tienda,72300.0
2025-06-19,18800,Tapete yoga,Deportes,Barranquilla,1,52300.0,0.0,En linea,52300.0
2025-09-16,11969,Bicicleta estatica,Deportes,Bogota,3,24700.0,0.0,Tienda,74100.0
2025-03-01,12947,Tablet 10,Tecnologia,Cali,1,599100.0,0.0,Tienda,599100.0
2025-05-26,10375,Chaqueta impermeable,Moda,Medellin,3,54400.0,0.0,En linea,163200.0
2025-05-10,12548,Aspiradora,Hogar,Cali,1,28500.0,0.05,En linea,27075.0
2025-10-04,11987,Tablet 10,Tecnologia,Bogota,3,122800.0,0.0,Tienda,368400.0
2025-09-09,11148,Lampara LED,Hogar,Cali,3,55800.0,0.05,Tienda,159030.0
2025-04-20,16340,Tapete yoga,Deportes,Cali,1,102300.0,0.0,En linea,102300.0
2025-08-16,15109,Tapete yoga,Deportes,Medellin,1,75400.0,0.2,En linea,60320.0
2025-08-21,12874,Portatil 14,Tecnologia,Medellin,2,980200.0,0.0,En linea,1960400.0
2025-08-17,16557,Tapete yoga,Deportes,Bogota,2,79900.0,0.1,En linea,143820.0
2025-03-09,16250,Chaqueta impermeable,Moda,Medellin,3,27400.0,0.15,Tienda,69870.0
2025-11-11,10157,Balon futbol,Deportes,Cali,1,21500.0,0.05,Tienda,20425.0
2025-06-02,11941,Camiseta basica,Moda,Bogota,1,76800.0,0.0,Tienda,76800.0
2025-12-03,17860,Mancuernas 5kg,Deportes,Medellin,2,38200.0,0.05,Tienda,72580.0
2025-08-08,14207,Aspiradora,Hogar,Bogota,4,63300.0,0.15,En linea,215220.0
2025-04-08,15822,Camiseta basica,Moda,Medellin,1,46800.0,0.15,En linea,39780.0
2025-08-22,14466,Set de sabanas,Hogar,Medellin,3,58100.0,0.05,Tienda,165585.0
2025-11-15,19975,Licuadora,Hogar,Cali,2,44400.0,0.2,En linea,71040.0
2025-06-09,10534,Tapete yoga,Deportes,Medellin,1,42800.0,0.0,Tienda,42800.0
2025-03-03,13552,Monitor 24,Tecnologia,Cali,3,816900.0,0.0,En linea,2450700.0
2025-12-09,19984,Camiseta basica,Moda,Cali,2,85100.0,0.1,Tienda,153180.0
2025-06-08,17467,Guantes gym,Deportes,Medellin,3,65400.0,0.0,Tienda,196200.0
2025-04-07,16996,Chaqueta impermeable,Moda,Cali,1,70500.0,0.15,En linea,59925.0
2025-03-26,16809,Juego de ollas,Hogar,Medellin,1,24700.0,0.0,En linea,24700.0
2025-12-28,12867,Tapete yoga,Deportes,Cali,3,113800.0,0.0,Tienda,341400.0
2025-11-24,14778,Mancuernas 5kg,Deportes,Bogota,2,123200.0,0.0,Tienda,246400.0
2025-10-16,15221,Chaqueta impermeable,Moda,Cali,3,60300.0,0.2,Tienda,144720.0
2025-08-15,10735,Licuadora,Hogar,Medellin,1,47200.0,0.1,Tienda,42480.0
2025-06-03,16278,Portatil 14,Tecnologia,Barranquilla,1,755100.0,0.2,En linea,604080.0
2025-05-02,16202,Lampara LED,Hogar,Medellin,1,40700.0,0.0,Tienda,40700.0
2025-10-27,13883,Jean slim,Moda,Barranquilla,3,41400.0,0.0,En linea,124200.0
2025-01-14,18766,Audifonos BT,Tecnologia,Medellin,3,167100.0,0.2,En linea,401040.0
2025-09-06,16443,Balon futbol,Deportes,Medellin,2,43200.0,0.0,En linea,86400.0
2025-08-24,15979,Chaqueta impermeable,Moda,Bogota,2,43600.0,0.0,En linea,87200.0
2025-12-08,17030,Balon futbol,Deportes,Bogota,2,45000.0,0.15,Tienda,76500.0
2025-09-08,14254,Mancuernas 5kg,Deportes,Medellin,1,49900.0,0.15,Tienda,42415.0
2025-09-11,19635,Camiseta basica,Moda,Cali,1,69100.0,0.15,Tienda,58735.0
2025-10-21,13858,Licuadora,Hogar,Barranquilla,3,59200.0,0.1,Tienda,159840.0
2025-11-22,14393,Juego de ollas,Hogar,Bogota,3,57200.0,0.0,En linea,171600.0
2025-02-09,13432,Teclado mecanico,Tecnologia,Barranquilla,3,295400.0,0.0,En linea,886200.0
2025-05-24,10362,Lampara LED,Hogar,Cali,3,51000.0,0.0,Tienda,153000.0
2025-02-12,15639,Balon futbol,Deportes,Cali,4,49100.0,0.2,En linea,157120.0
2025-03-26,15633,Audifonos BT,Tecnologia,Medellin,1,323000.0,0.05,En linea,306850.0
2025-01-10,18792,Portatil 14,Tecnologia,Cali,1,407300.0,0.0,Tienda,407300.0
2025-09-24,18232,Aspiradora,Hogar,Medellin,3,56900.0,0.0,Tienda,170700.0
2025-03-22,11017,Lampara LED,Hogar,Barranquilla,4,66100.0,0.1,En linea,237960.0
2025-06-25,18003,Bolso cuero,Moda,Bogota,1,50500.0,0.0,Tienda,50500.0
2025-04-27,15041,Monitor 24,Tecnologia,Bogota,3,1574600.0,0.0,Tienda,4723800.0
2025-12-13,15967,Mancuernas 5kg,Deportes,Medellin,4,49900.0,0.15,Tienda,169660.0
2025-12-08,11409,Tapete yoga,Deportes,Cali,2,67500.0,0.2,Tienda,108000.0
2025-11-17,13380,Chaqueta impermeable,Moda,Medellin,1,36000.0,0.0,Tienda,34200.0
2025-11-07,15948,Lampara LED,Hogar,Medellin,5,85000.0,0.0,Tienda,425000.0
2025-06-13,14565,Jean slim,Moda,Medellin,1,76500.0,0.0,En linea,76500.0
2025-05-25,14681,Jean slim,Moda,Barranquilla,4,238200.0,0.0,Tienda,952800.0
2025-11-07,16897,Aspiradora,Hogar,Bogota,4,66700.0,0.15,Tienda,226780.0
2025-08-26,15650,Bicicleta estatica,Deportes,Cali,4,43200.0,0.0,En linea,172800.0
2025-08-23,11661,Aspiradora,Hogar,Bogota,3,90300.0,0.05,En linea,257355.0
2025-11-18,14039,Juego de ollas,Hogar,Barranquilla,3,72300.0,0.0,En linea,216900.0
2025-05-05,14121,Juego de ollas,Hogar,Cali,2,60600.0,0.1,Tienda,109080.0
2025-07-15,16721,Mancuernas 5kg,Deportes,Medellin,3,36000.0,0.15,En linea,91800.0
2025-01-27,15757,Licuadora,Hogar,Cali,4,84800.0,0.05,Tienda,322240.0
2025-07-13,19640,Jean slim,Moda,Bogota,4,105500.0,0.0,Tienda,422000.0
2025-08-11,18037,Bolso cuero,Moda,Medellin,3,39900.0,0.0,Tienda,119700.0
2025-10-12,11142,Camiseta basica,Moda,Cali,4,48100.0,0.15,En linea,163540.0
2025-12-10,18584,Mancuernas 5kg,Deportes,Cali,3,55100.0,0.0,Tienda,165300.0
2025-08-01,17973,Bolso cuero,Moda,Bogota,1,22100.0,0.15,En linea,18785.0
2025-04-06,16661,Bicicleta estatica,Deportes,Bogota,4,81100.0,0.0,Tienda,324400.0
2025-07-17,16212,Bolso cuero,Moda,Barranquilla,3,75500.0,0.15,En linea,192525.0
2025-04-19,17054,Balon futbol,Deportes,Bogota,4,32700.0,0.0,En linea,130800.0
2025-06-08,16953,Chaqueta impermeable,Moda,Cali,1,79400.0,0.05,En linea,75430.0
2025-11-18,17451,Set de sabanas,Hogar,Barranquilla,1,72500.0,0.0,En linea,72500.0
2025-12-08,14390,Camiseta basica,Moda,Bogota,3,25400.0,0.0,En linea,76200.0
2025-11-09,18677,Portatil 14,Tecnologia,Bogota,1,121600.0,0.0,En linea,121600.0
2025-04-11,19307,Portatil 14,Tecnologia,Medellin,1,104400.0,0.1,Tienda,93960.0
2025-01-28,15480,Aspiradora,Hogar,Cali,2,73800.0,0.0,Tienda,147600.0
2025-11-14,13867,Licuadora,Hogar,Cali,2,117600.0,0.1,Tienda,211680.0
2025-03-05,11669,Mancuernas 5kg,Deportes,Bogota,3,66200.0,0.05,Tienda,188670.0
2025-09-13,18612,Aspiradora,Hogar,Bogota,5,34700.0,0.0,Tienda,173500.0
2025-05-07,16271,Teclado mecanico,Tecnologia,Bogota,2,320400.0,0.2,En linea,512640.0
2025-01-01,12095,Guantes gym,Deportes,Barranquilla,2,62500.0,0.0,Tienda,125000.0
2025-10-27,12093,Mancuernas 5kg,Deportes,Barranquilla,3,37000.0,0.15,En linea,94350.0
2025-10-01,18140,Portatil 14,Tecnologia,Bogota,2,163200.0,0.15,Tienda,277440.0
2025-01-20,11882,Balon futbol,Deportes,Medellin,1,31600.0,0.15,En linea,26860.0
2025-09-20,13111,Mancuernas 5kg,Deportes,Bogota,3,29700.0,0.2,Tienda,71280.0
2025-01-26,17345,Jean slim,Moda,Bogota,1,64800.0,0.0,Tienda,64800.0
2025-07-10,10860,Juego de ollas,Hogar,Barranquilla,1,153800.0,0.1,En linea,138420.0
2025-02-23,19437,Teclado mecanico,Tecnologia,Barranquilla,1,167000.0,0.1,En linea,150300.0
2025-10-16,17633,Jean slim,Moda,Medellin,2,70800.0,0.0,Tienda,127440.0
2025-11-18,13821,Teclado mecanico,Tecnologia,Medellin,3,349900.0,0.0,Tienda,1049700.0
2025-07-21,14493,Aspiradora,Hogar,Bogota,3,68100.0,0.05,Tienda,194085.0
2025-12-13,17408,Camiseta basica,Moda,Cali,1,32800.0,0.0,Tienda,32800.0
2025-12-15,19166,Aspiradora,Hogar,Bogota,4,48000.0,0.0,En linea,192000.0
2025-05-23,13278,Guantes gym,Deportes,Bogota,3,24300.0,0.0,Tienda,72900.0
2025-07-08,17138,Set de sabanas,Hogar,Cali,5,53500.0,0.0,Tienda,267500.0
2025-08-05,18991,Audifonos BT,Tecnologia,Bogota,1,274900.0,0.0,Tienda,274900.0
2025-05-25,11201,Jean slim,Moda,Bogota,1,39300.0,0.0,Tienda,39300.0
2025-02-19,19893,Balon futbol,Deportes,Barranquilla,2,30000.0,0.1,En linea,54000.0
2025-09-04,17989,Tablet 10,Tecnologia,Bogota,1,442000.0,0.0,En linea,442000.0
2025-06-12,14872,Set de sabanas,Hogar,Barranquilla,3,51200.0,0.1,En linea,138240.0
2025-11-25,18879,Jean slim,Moda,Cali,1,51500.0,0.0,En linea,51500.0
2025-06-11,17706,Jean slim,Moda,Bogota,3,64000.0,0.1,En linea,172800.0
2025-02-25,16420,Set de sabanas,Hogar,Bogota,1,64400.0,0.0,En linea,64400.0
2025-04-04,16091,Lampara LED,Hogar,Medellin,4,88600.0,0.0,Tienda,318960.0
2025-04-14,13350,Juego de ollas,Hogar,Medellin,1,123200.0,0.0,En linea,123200.0
2025-02-03,15433,Bolso cuero,Moda,Medellin,3,44600.0,0.15,Tienda,113730.0
2025-01-30,14349,Monitor 24,Tecnologia,Bogota,2,540600.0,0.1,En linea,973080.0
2025-05-26,19485,Bicicleta estatica,Deportes,Cali,1,37600.0,0.0,Tienda,37600.0
2025-11-15,16997,Audifonos BT,Tecnologia,Bogota,3,221200.0,0.0,En linea,663600.0
2025-06-03,16063,Set de sabanas,Hogar,Bogota,4,41600.0,0.0,Tienda,166400.0
2025-07-13,19467,Audifonos BT,Tecnologia,Bogota,1,427600.0,0.0,Tienda,427600.0
2025-02-22,15269,Juego de ollas,Hogar,Cali,3,56000.0,0.05,Tienda,159600.0
2025-07-12,13583,Chaqueta impermeable,Moda,Medellin,3,20200.0,0.1,Tienda,54540.0
2025-04-12,18240,Tenis urbanos,Moda,Bogota,3,39400.0,0.0,Tienda,118200.0
2025-10-29,12061,Mancuernas 5kg,Deportes,Barranquilla,1,38500.0,0.3,Tienda,26950.0
2025-12-17,13500,Balon futbol,Deportes,Barranquilla,3,79400.0,0.1,Tienda,214380.0
2025-05-18,12895,Chaqueta impermeable,Moda,Medellin,1,103600.0,0.0,Tienda,103600.0
2025-02-08,16287,Chaqueta impermeable,Moda,Cali,2,101200.0,0.0,Tienda,202400.0
2025-08-08,16756,Jean slim,Moda,Bogota,4,42400.0,0.1,En linea,152640.0
2025-09-13,18006,Licuadora,Hogar,Cali,1,61800.0,0.0,En linea,58710.0
2025-04-30,14438,Jean slim,Moda,Bogota,3,84000.0,0.0,En linea,252000.0
2025-03-14,16128,Lampara LED,Hogar,Medellin,1,76100.0,0.1,Tienda,68490.0
2025-10-10,18065,Guantes gym,Deportes,Medellin,4,56400.0,0.1,En linea,203040.0
2025-05-28,10221,Juego de ollas,Hogar,Medellin,1,40000.0,0.0,Tienda,40000.0
2025-05-23,13962,Balon futbol,Deportes,Medellin,4,101500.0,0.1,Tienda,365400.0
2025-06-04,10979,Tenis urbanos,Moda,Cali,1,84100.0,0.0,Tienda,84100.0
2025-11-15,16405,Set de sabanas,Hogar,Bogota,4,43700.0,0.1,En linea,157320.0
2025-12-04,13162,Chaqueta impermeable,Moda,Medellin,2,40600.0,0.0,En linea,81200.0
2025-01-03,11520,Tapete yoga,Deportes,Bogota,2,65100.0,0.0,Tienda,130200.0
2025-05-24,14956,Balon futbol,Deportes,Barranquilla,4,95900.0,0.0,Tienda,383600.0
2025-06-27,16934,Lampara LED,Hogar,Barranquilla,1,110400.0,0.0,Tienda,110400.0
2025-11-21,16642,Chaqueta impermeable,Moda,Barranquilla,4,57500.0,0.15,Tienda,195500.0
2025-07-03,17964,Licuadora,Hogar,Bogota,5,51000.0,0.0,Tienda,255000.0
2025-12-29,16062,Audifonos BT,Tecnologia,Medellin,3,343300.0,0.1,En linea,926910.0
2025-07-04,15798,Portatil 14,Tecnologia,Bogota,1,207700.0,0.0,En linea,207700.0
2025-09-29,13158,Audifonos BT,Tecnologia,Medellin,2,666700.0,0.0,En linea,1333400.0
2025-10-02,17333,Bicicleta estatica,Deportes,Bogota,4,11700.0,0.0,En linea,46800.0
2025-01-06,19511,Balon futbol,Deportes,Medellin,3,49100.0,0.0,Tienda,147300.0
2025-05-12,14179,Set de sabanas,Hogar,Cali,5,34300.0,0.05,En linea,162925.0
2025-06-20,10736,Bicicleta estatica,Deportes,Barranquilla,4,129000.0,0.05,Tienda,490200.0
2025-08-26,18280,Guantes gym,Deportes,Cali,2,37300.0,0.15,Tienda,63410.0
2025-03-16,17194,Bicicleta estatica,Deportes,Bogota,2,114800.0,0.0,Tienda,229600.0
2025-06-15,12373,Chaqueta impermeable,Moda,Barranquilla,2,81700.0,0.05,En linea,155230.0
2025-09-17,17917,Licuadora,Hogar,Medellin,4,71200.0,0.0,En linea,284800.0
2025-11-06,12139,Teclado mecanico,Tecnologia,Cali,2,178800.0,0.05,Tienda,339720.0
2025-05-24,19341,Tablet 10,Tecnologia,Medellin,2,623300.0,0.1,En linea,1121940.0
2025-01-20,10502,Set de sabanas,Hogar,Bogota,3,49600.0,0.0,En linea,148800.0
2025-06-01,14689,Tenis urbanos,Moda,Bogota,3,19900.0,0.0,Tienda,59700.0
2025-06-24,11986,Jean slim,Moda,Bogota,4,89200.0,0.0,En linea,356800.0
2025-12-15,11815,Tablet 10,Tecnologia,Cali,2,159100.0,0.05,En linea,302290.0
2025-10-12,15578,Jean slim,Moda,Bogota,1,96400.0,0.0,Tienda,96400.0
2025-05-08,16515,Mancuernas 5kg,Deportes,Medellin,1,46200.0,0.1,En linea,41580.0
2025-06-22,19160,Juego de ollas,Hogar,Cali,3,44100.0,0.0,Tienda,132300.0
2025-03-20,10075,Balon futbol,Deportes,Medellin,3,39800.0,0.15,En linea,101490.0
2025-07-21,13594,Camiseta basica,Moda,Cali,3,53500.0,0.05,En linea,152475.0
2025-10-11,19982,Camiseta basica,Moda,Medellin,4,115700.0,0.1,En linea,416520.0
2025-06-24,16445,Bolso cuero,Moda,Barranquilla,4,48900.0,0.15,En linea,166260.0
2025-05-23,18951,Bolso cuero,Moda,Cali,2,75800.0,0.0,En linea,151600.0
2025-02-16,15031,Juego de ollas,Hogar,Medellin,3,51600.0,0.05,Tienda,147060.0
2025-03-29,11007,Jean slim,Moda,Medellin,3,150100.0,0.2,En linea,360240.0
2025-08-09,16801,Balon futbol,Deportes,Cali,3,31600.0,0.0,En linea,94800.0
2025-03-17,10650,Balon futbol,Deportes,Cali,3,75000.0,0.0,En linea,225000.0
2025-12-31,10746,Camiseta basica,Moda,Medellin,4,96400.0,0.15,Tienda,327760.0
2025-05-09,16985,Jean slim,Moda,Barranquilla,4,75100.0,0.0,En linea,300400.0
2025-12-28,18988,Bicicleta estatica,Deportes,Barranquilla,3,54100.0,0.05,En linea,154185.0
2025-09-22,16537,Chaqueta impermeable,Moda,Medellin,4,68000.0,0.0,Tienda,258400.0
2025-09-08,11483,Licuadora,Hogar,Bogota,3,39800.0,0.0,Tienda,119400.0
2025-06-16,13718,Bolso cuero,Moda,Cali,4,23300.0,0.0,En linea,93200.0
2025-01-16,14465,Aspiradora,Hogar,Barranquilla,2,130900.0,0.3,Tienda,183260.0
2025-12-31,19182,Teclado mecanico,Tecnologia,Barranquilla,1,372100.0,0.15,Tienda,316285.0
2025-03-12,13696,Camiseta basica,Moda,Cali,4,116200.0,0.0,En linea,464800.0
2025-12-30,14874,Juego de ollas,Hogar,Cali,2,53700.0,0.2,En linea,85920.0
2025-04-13,13272,Lampara LED,Hogar,Cali,4,143700.0,0.0,En linea,574800.0
2025-07-05,18457,Bicicleta estatica,Deportes,Bogota,3,74900.0,0.0,En linea,224700.0
2025-02-18,15615,Balon futbol,Deportes,Cali,3,58100.0,0.05,Tienda,165585.0
2025-08-24,11664,Aspiradora,Hogar,Bogota,2,98300.0,0.1,Tienda,176940.0
2025-11-29,16666,Chaqueta impermeable,Moda,Cali,3,48200.0,0.3,Tienda,101220.0
2025-07-09,16324,Camiseta basica,Moda,Bogota,3,65200.0,0.0,Tienda,166260.0
2025-03-29,14763,Camiseta basica,Moda,Medellin,2,185100.0,0.15,En linea,314670.0
2025-05-06,13465,Portatil 14,Tecnologia,Medellin,3,776100.0,0.0,Tienda,2328300.0
2025-01-01,16564,Monitor 24,Tecnologia,Bogota,1,186500.0,0.0,Tienda,186500.0
2025-11-29,15706,Portatil 14,Tecnologia,Cali,2,530900.0,0.05,Tienda,1008710.0
2025-06-20,15563,Chaqueta impermeable,Moda,Barranquilla,1,25700.0,0.0,Tienda,25700.0
2025-05-19,11419,Bicicleta estatica,Deportes,Medellin,1,51800.0,0.2,En linea,41440.0
2025-04-24,17633,Audifonos BT,Tecnologia,Barranquilla,2,586000.0,0.05,En linea,1113400.0
2025-08-16,13686,Portatil 14,Tecnologia,Medellin,3,156800.0,0.05,Tienda,446880.0
2025-02-11,16731,Teclado mecanico,Tecnologia,Barranquilla,1,143700.0,0.2,En linea,114960.0
2025-12-02,12559,Teclado mecanico,Tecnologia,Medellin,2,464900.0,0.1,Tienda,836820.0
2025-09-22,14210,Mancuernas 5kg,Deportes,Barranquilla,1,50800.0,0.0,Tienda,50800.0
2025-02-13,19641,Camiseta basica,Moda,Cali,1,36200.0,0.05,Tienda,34390.0
2025-11-29,11461,Juego de ollas,Hogar,Bogota,5,39400.0,0.0,En linea,197000.0
2025-08-02,15758,Camiseta basica,Moda,Cali,3,55000.0,0.0,En linea,165000.0
2025-05-15,18795,Aspiradora,Hogar,Cali,2,70400.0,0.0,Tienda,140800.0
2025-10-07,13446,Monitor 24,Tecnologia,Cali,2,302400.0,0.0,En linea,604800.0
2025-03-05,13600,Tapete yoga,Deportes,Barranquilla,4,26200.0,0.15,Tienda,89080.0
2025-10-06,10641,Licuadora,Hogar,Bogota,3,115900.0,0.0,Tienda,347700.0
2025-07-25,16373,Bolso cuero,Moda,Medellin,2,39400.0,0.0,En linea,78800.0
2025-08-24,13644,Jean slim,Moda,Medellin,1,54100.0,0.0,Tienda,54100.0
2025-01-01,17662,Juego de ollas,Hogar,Barranquilla,3,78700.0,0.0,Tienda,236100.0
2025-07-17,14502,Juego de ollas,Hogar,Bogota,3,75100.0,0.0,Tienda,225300.0
2025-06-28,14849,Juego de ollas,Hogar,Cali,1,100800.0,0.0,En linea,100800.0
2025-12-26,10921,Audifonos BT,Tecnologia,Barranquilla,2,173800.0,0.05,Tienda,330220.0
2025-02-23,14171,Tablet 10,Tecnologia,Barranquilla,1,363300.0,0.05,En linea,345135.0
2025-07-20,18175,Juego de ollas,Hogar,Bogota,4,102400.0,0.2,En linea,327680.0
2025-09-26,14355,Balon futbol,Deportes,Medellin,2,74200.0,0.0,Tienda,148400.0
2025-09-25,12531,Jean slim,Moda,Medellin,1,35600.0,0.1,En linea,32040.0
2025-08-01,19617,Mancuernas 5kg,Deportes,Bogota,4,72900.0,0.0,Tienda,291600.0
2025-07-21,12801,Tablet 10,Tecnologia,Bogota,2,343700.0,0.05,Tienda,653030.0
2025-01-09,11451,Jean slim,Moda,Medellin,2,61600.0,0.0,En linea,123200.0
2025-08-26,12480,Audifonos BT,Tecnologia,Medellin,2,378800.0,0.0,Tienda,757600.0
2025-04-10,18717,Set de sabanas,Hogar,Bogota,5,84300.0,0.0,Tienda,421500.0
2025-04-23,11998,Bolso cuero,Moda,Medellin,1,38200.0,0.15,Tienda,32470.0
2025-08-24,13670,Teclado mecanico,Tecnologia,Cali,3,99900.0,0.0,Tienda,299700.0
2025-09-28,19995,Audifonos BT,Tecnologia,Cali,2,538300.0,0.0,Tienda,1076600.0
2025-04-05,14085,Aspiradora,Hogar,Cali,2,56300.0,0.15,En linea,95710.0
2025-12-13,16908,Aspiradora,Hogar,Medellin,4,80400.0,0.15,Tienda,273360.0
2025-03-26,16735,Tablet 10,Tecnologia,Medellin,2,143800.0,0.05,Tienda,273220.0
2025-05-05,18172,Monitor 24,Tecnologia,Bogota,1,481900.0,0.05,Tienda,457805.0
2025-05-30,15438,Jean slim,Moda,Medellin,2,63400.0,0.0,Tienda,126800.0
2025-10-08,15380,Mancuernas 5kg,Deportes,Barranquilla,3,45800.0,0.1,Tienda,123660.0
2025-10-30,14953,Bolso cuero,Moda,Medellin,4,42300.0,0.1,Tienda,152280.0
2025-06-20,19141,Lampara LED,Hogar,Barranquilla,5,55700.0,0.1,En linea,250650.0
2025-02-17,14512,Bicicleta estatica,Deportes,Bogota,2,60200.0,0.0,En linea,120400.0
2025-11-01,10486,Teclado mecanico,Tecnologia,Medellin,2,384800.0,0.1,En linea,692640.0
2025-05-08,10935,Juego de ollas,Hogar,Medellin,1,140100.0,0.1,Tienda,126090.0
2025-04-19,12537,Bicicleta estatica,Deportes,Cali,4,36400.0,0.1,En linea,131040.0
2025-12-15,16278,Juego de ollas,Hogar,Bogota,1,112500.0,0.1,Tienda,101250.0
2025-08-11,19638,Set de sabanas,Hogar,Bogota,5,48900.0,0.05,Tienda,232275.0
2025-08-05,11351,Camiseta basica,Moda,Barranquilla,1,103100.0,0.1,En linea,92790.0
2025-06-18,13535,Audifonos BT,Tecnologia,Cali,3,320000.0,0.0,En linea,960000.0
2025-09-09,12798,Set de sabanas,Hogar,Cali,2,70100.0,0.0,Tienda,133190.0
2025-12-25,18656,Mancuernas 5kg,Deportes,Medellin,2,81400.0,0.15,En linea,138380.0
2025-04-28,13258,Audifonos BT,Tecnologia,Cali,1,379700.0,0.0,Tienda,379700.0
2025-01-08,12573,Camiseta basica,Moda,Cali,4,23900.0,0.0,Tienda,95600.0
2025-03-30,13899,Bolso cuero,Moda,Medellin,3,80900.0,0.05,En linea,230565.0
2025-07-09,11505,Tenis urbanos,Moda,Medellin,3,81200.0,0.2,En linea,194880.0
2025-09-24,14948,Juego de ollas,Hogar,Barranquilla,2,33800.0,0.1,En linea,60840.0
2025-02-14,16808,Aspiradora,Hogar,Bogota,1,85900.0,0.1,Tienda,77310.0
2025-05-20,10485,Set de sabanas,Hogar,Cali,3,41000.0,0.05,En linea,116850.0
2025-06-13,19001,Teclado mecanico,Tecnologia,Barranquilla,3,126300.0,0.0,En linea,378900.0
2025-10-12,16510,Audifonos BT,Tecnologia,Bogota,2,147900.0,0.15,En linea,251430.0
2025-10-26,17846,Balon futbol,Deportes,Medellin,4,43300.0,0.0,En linea,173200.0
2025-11-10,19647,Juego de ollas,Hogar,Barranquilla,1,24600.0,0.2,En linea,19680.0
2025-11-02,11897,Teclado mecanico,Tecnologia,Cali,1,267700.0,0.0,Tienda,267700.0
2025-02-13,10233,Camiseta basica,Moda,Cali,3,30400.0,0.1,En linea,82080.0
2025-06-14,12682,Tapete yoga,Deportes,Medellin,4,26300.0,0.0,Tienda,105200.0
2025-07-15,12392,Portatil 14,Tecnologia,Medellin,2,292500.0,0.3,En linea,409500.0
2025-04-26,12131,Mancuernas 5kg,Deportes,Bogota,4,112100.0,0.05,En linea,425980.0
2025-01-18,12208,Camiseta basica,Moda,Bogota,2,82500.0,0.1,En linea,148500.0
2025-11-25,10073,Aspiradora,Hogar,Bogota,1,44600.0,0.1,Tienda,40140.0
2025-11-29,12739,Teclado mecanico,Tecnologia,Bogota,1,742600.0,0.0,Tienda,742600.0
2025-07-10,10526,Bolso cuero,Moda,Cali,1,34500.0,0.0,Tienda,34500.0
2025-08-12,19428,Aspiradora,Hogar,Medellin,3,125300.0,0.3,Tienda,263130.0
2025-05-02,10192,Monitor 24,Tecnologia,Bogota,3,264500.0,0.2,En linea,634800.0
2025-06-09,13810,Licuadora,Hogar,Barranquilla,1,101900.0,0.15,En linea,86615.0
2025-12-01,13679,Bolso cuero,Moda,Bogota,1,47100.0,0.0,Tienda,47100.0
2025-03-02,15630,Guantes gym,Deportes,Bogota,2,64400.0,0.05,Tienda,122360.0
2025-04-27,15303,Set de sabanas,Hogar,Bogota,1,49100.0,0.0,Tienda,49100.0
2025-12-19,15510,Bolso cuero,Moda,Bogota,1,48000.0,0.0,En linea,48000.0
2025-10-31,14447,Portatil 14,Tecnologia,Bogota,3,458400.0,0.2,En linea,1100160.0
2025-03-12,11818,Monitor 24,Tecnologia,Medellin,3,776500.0,0.3,En linea,1630650.0
2025-09-18,19172,Camiseta basica,Moda,Cali,4,60700.0,0.1,Tienda,218520.0
2025-05-21,19050,Tapete yoga,Deportes,Bogota,4,32300.0,0.0,En linea,129200.0
2025-10-18,15319,Set de sabanas,Hogar,Cali,2,58700.0,0.05,En linea,111530.0
2025-08-11,12547,Tenis urbanos,Moda,Medellin,2,85200.0,0.0,Tienda,170400.0
2025-10-13,10123,Aspiradora,Hogar,Barranquilla,3,92300.0,0.0,En linea,276900.0
2025-09-21,13354,Mancuernas 5kg,Deportes,Cali,4,79700.0,0.05,En linea,302860.0
2025-07-20,13069,Audifonos BT,Tecnologia,Bogota,2,795200.0,0.1,Tienda,1431360.0
2025-09-06,15144,Jean slim,Moda,Medellin,3,46200.0,0.15,Tienda,117810.0
2025-05-27,14886,Juego de ollas,Hogar,Cali,2,175100.0,0.05,En linea,332690.0
2025-06-19,10629,Bolso cuero,Moda,Medellin,3,110400.0,0.0,En linea,331200.0
2025-07-08,15652,Camiseta basica,Moda,Barranquilla,4,54000.0,0.0,Tienda,216000.0
2025-11-18,10503,Chaqueta impermeable,Moda,Cali,3,86700.0,0.15,Tienda,221085.0
2025-10-11,10327,Bolso cuero,Moda,Bogota,4,43200.0,0.0,En linea,172800.0
2025-12-06,10604,Set de sabanas,Hogar,Cali,2,50600.0,0.0,Tienda,101200.0
2025-08-18,18146,Aspiradora,Hogar,Barranquilla,4,174000.0,0.05,En linea,661200.0
2025-08-17,14820,Tenis urbanos,Moda,Barranquilla,2,49900.0,0.1,En linea,89820.0
2025-03-24,18174,Chaqueta impermeable,Moda,Bogota,1,72800.0,0.3,En linea,50960.0
2025-08-10,14107,Aspiradora,Hogar,Bogota,5,259100.0,0.1,Tienda,1165950.0
2025-03-13,14137,Camiseta basica,Moda,Bogota,3,143100.0,0.1,Tienda,386370.0
2025-09-28,11108,Tenis urbanos,Moda,Medellin,2,55900.0,0.0,En linea,111800.0
2025-12-09,16253,Tablet 10,Tecnologia,Bogota,2,490100.0,0.0,Tienda,931190.0
2025-11-08,13763,Licuadora,Hogar,Bogota,1,130100.0,0.05,Tienda,123595.0
2025-12-28,12952,Camiseta basica,Moda,Medellin,2,32100.0,0.1,Tienda,57780.0
2025-06-25,17125,Camiseta basica,Moda,Medellin,2,116700.0,0.0,Tienda,233400.0
2025-04-24,11051,Camiseta basica,Moda,Barranquilla,2,31300.0,0.0,En linea,62600.0
2025-09-08,14104,Licuadora,Hogar,Barranquilla,3,86800.0,0.1,Tienda,234360.0
2025-04-22,12977,Tenis urbanos,Moda,Cali,2,32900.0,0.0,En linea,65800.0
2025-04-08,16457,Juego de ollas,Hogar,Medellin,4,105700.0,0.05,Tienda,401660.0
2025-09-15,15526,Juego de ollas,Hogar,Medellin,2,84300.0,0.0,Tienda,168600.0
2025-02-17,14622,Camiseta basica,Moda,Bogota,3,62900.0,0.05,Tienda,179265.0
2025-11-30,19351,Monitor 24,Tecnologia,Bogota,1,258900.0,0.1,Tienda,233010.0
2025-05-26,14681,Bolso cuero,Moda,Medellin,3,44700.0,0.15,Tienda,113985.0
2025-04-01,12712,Jean slim,Moda,Medellin,3,83500.0,0.15,Tienda,212925.0
2025-11-26,13525,Licuadora,Hogar,Medellin,5,112500.0,0.15,Tienda,478125.0
2025-02-12,14410,Balon futbol,Deportes,Bogota,3,116300.0,0.15,En linea,296565.0
2025-07-03,15367,Juego de ollas,Hogar,Barranquilla,3,67600.0,0.05,En linea,192660.0
2025-11-08,17190,Aspiradora,Hogar,Bogota,1,171100.0,0.0,Tienda,171100.0
2025-07-01,10000,Chaqueta impermeable,Moda,Cali,2,94300.0,0.1,Tienda,169740.0
2025-02-09,14009,Jean slim,Moda,Cali,4,122600.0,0.15,En linea,416840.0
2025-04-30,15939,Lampara LED,Hogar,Barranquilla,5,94100.0,0.0,En linea,470500.0
2025-04-11,16441,Camiseta basica,Moda,Bogota,3,99100.0,0.1,En linea,267570.0
2025-02-26,10869,Balon futbol,Deportes,Bogota,4,90500.0,0.2,Tienda,289600.0
2025-04-20,18903,Licuadora,Hogar,Cali,1,52000.0,0.0,Tienda,52000.0
2025-09-10,10601,Tapete yoga,Deportes,Bogota,3,38700.0,0.0,Tienda,116100.0
2025-11-08,13842,Bolso cuero,Moda,Cali,3,28300.0,0.0,En linea,84900.0
2025-03-07,11815,Balon futbol,Deportes,Medellin,1,27400.0,0.0,En linea,27400.0
2025-05-26,13879,Juego de ollas,Hogar,Medellin,3,79900.0,0.05,En linea,227715.0
2025-01-25,15566,Bicicleta estatica,Deportes,Medellin,4,9100.0,0.2,En linea,29120.0
2025-01-19,15689,Tapete yoga,Deportes,Medellin,2,55700.0,0.0,En linea,111400.0
2025-12-14,14838,Juego de ollas,Hogar,Medellin,4,81700.0,0.0,Tienda,326800.0
2025-11-12,11508,Camiseta basica,Moda,Cali,3,41300.0,0.0,Tienda,123900.0
2025-07-01,18875,Tenis urbanos,Moda,Cali,4,130400.0,0.05,Tienda,495520.0
2025-02-11,19787,Bicicleta estatica,Deportes,Cali,2,143800.0,0.05,En linea,273220.0
2025-01-25,18846,Camiseta basica,Moda,Cali,3,39300.0,0.1,Tienda,106110.0
2025-09-25,11359,Tenis urbanos,Moda,Bogota,1,29800.0,0.1,Tienda,26820.0
2025-11-14,10689,Guantes gym,Deportes,Medellin,1,72600.0,0.05,Tienda,68970.0
2025-12-08,14843,Bolso cuero,Moda,Cali,3,59200.0,0.1,Tienda,159840.0
2025-05-15,12586,Set de sabanas,Hogar,Medellin,1,40700.0,0.0,Tienda,40700.0
2025-05-13,12578,Audifonos BT,Tecnologia,Barranquilla,2,406000.0,0.05,Tienda,771400.0
2025-12-31,18881,Tablet 10,Tecnologia,Barranquilla,3,380800.0,0.15,En linea,971040.0
2025-02-02,17942,Chaqueta impermeable,Moda,Bogota,2,76200.0,0.3,Tienda,106680.0
2025-12-25,11846,Audifonos BT,Tecnologia,Barranquilla,1,384400.0,0.0,Tienda,384400.0
2025-01-19,19727,Chaqueta impermeable,Moda,Medellin,3,85000.0,0.0,En linea,255000.0
2025-04-07,11973,Lampara LED,Hogar,Cali,1,56200.0,0.05,En linea,53390.0
2025-08-02,18283,Tenis urbanos,Moda,Medellin,3,25800.0,0.05,Tienda,73530.0
2025-11-19,16638,Chaqueta impermeable,Moda,Cali,2,47700.0,0.05,Tienda,90630.0
2025-05-03,14403,Juego de ollas,Hogar,Barranquilla,3,63300.0,0.0,Tienda,189900.0
2025-07-14,18807,Set de sabanas,Hogar,Cali,2,119100.0,0.1,Tienda,214380.0
2025-01-06,11428,Lampara LED,Hogar,Medellin,1,56600.0,0.0,Tienda,48110.0
2025-11-21,15826,Bolso cuero,Moda,Cali,3,170900.0,0.05,Tienda,487065.0
2025-01-29,14687,Chaqueta impermeable,Moda,Medellin,1,68100.0,0.0,En linea,68100.0
2025-07-19,11801,Guantes gym,Deportes,Bogota,1,42600.0,0.0,Tienda,42600.0
2025-05-04,10535,Portatil 14,Tecnologia,Medellin,3,286800.0,0.1,En linea,774360.0
2025-02-16,10702,Tenis urbanos,Moda,Medellin,1,107800.0,0.0,Tienda,107800.0
2025-04-05,13881,Camiseta basica,Moda,Cali,1,114800.0,0.05,Tienda,109060.0
2025-03-09,18531,Guantes gym,Deportes,Bogota,2,42400.0,0.15,Tienda,72080.0
2025-11-01,10741,Licuadora,Hogar,Barranquilla,1,40100.0,0.1,Tienda,36090.0
2025-02-05,19087,Monitor 24,Tecnologia,Cali,2,589000.0,0.15,Tienda,1001300.0
2025-06-04,15641,Bolso cuero,Moda,Medellin,3,44100.0,0.05,Tienda,125685.0
2025-02-21,10716,Guantes gym,Deportes,Bogota,2,40700.0,0.0,En linea,77330.0
2025-07-04,10980,Lampara LED,Hogar,Barranquilla,3,28700.0,0.15,En linea,73185.0
2025-05-31,14755,Tenis urbanos,Moda,Bogota,2,50700.0,0.15,Tienda,86190.0
2025-12-15,18842,Juego de ollas,Hogar,Barranquilla,5,80800.0,0.0,Tienda,404000.0
2025-10-02,16206,Set de sabanas,Hogar,Cali,2,72100.0,0.0,En linea,144200.0
2025-06-23,10750,Mancuernas 5kg,Deportes,Bogota,2,53600.0,0.05,Tienda,101840.0
2025-08-09,13148,Portatil 14,Tecnologia,Medellin,2,168300.0,0.05,En linea,319770.0
2025-04-26,12215,Monitor 24,Tecnologia,Cali,2,343900.0,0.05,En linea,653410.0
2025-11-08,13999,Camiseta basica,Moda,Bogota,2,117900.0,0.0,En linea,235800.0
2025-06-02,18079,Licuadora,Hogar,Medellin,2,74000.0,0.0,Tienda,148000.0
2025-07-27,10078,Lampara LED,Hogar,Cali,3,38500.0,0.05,Tienda,109725.0
2025-11-08,18257,Audifonos BT,Tecnologia,Bogota,1,545300.0,0.1,Tienda,490770.0
2025-11-30,19846,Licuadora,Hogar,Medellin,1,52200.0,0.1,Tienda,46980.0
2025-08-03,19852,Bicicleta estatica,Deportes,Medellin,1,32100.0,0.05,Tienda,30495.0
2025-07-15,11260,Aspiradora,Hogar,Bogota,2,35300.0,0.0,Tienda,70600.0
2025-04-21,10612,Set de sabanas,Hogar,Medellin,3,170700.0,0.0,En linea,512100.0
2025-09-22,16609,Balon futbol,Deportes,Cali,2,44100.0,0.05,Tienda,83790.0
2025-05-02,17307,Tenis urbanos,Moda,Bogota,4,42100.0,0.15,En linea,143140.0
2025-08-17,17533,Teclado mecanico,Tecnologia,Barranquilla,1,476000.0,0.2,En linea,380800.0
2025-01-25,19817,Audifonos BT,Tecnologia,Cali,3,348700.0,0.1,Tienda,941490.0
2025-07-10,12994,Guantes gym,Deportes,Cali,3,68700.0,0.05,Tienda,195795.0
2025-11-10,10393,Portatil 14,Tecnologia,Bogota,3,448400.0,0.05,Tienda,1277940.0
2025-11-26,12479,Bolso cuero,Moda,Medellin,2,59300.0,0.05,Tienda,112670.0
2025-05-03,18685,Aspiradora,Hogar,Cali,1,33900.0,0.0,Tienda,33900.0
2025-06-15,12831,Monitor 24,Tecnologia,Medellin,2,247600.0,0.0,Tienda,495200.0
2025-09-17,17096,Juego de ollas,Hogar,Bogota,5,120100.0,0.3,En linea,420350.0
2025-12-27,17676,Balon futbol,Deportes,Barranquilla,4,79000.0,0.2,Tienda,252800.0
2025-11-12,14459,Tenis urbanos,Moda,Medellin,4,30500.0,0.0,En linea,122000.0
2025-06-14,12457,Portatil 14,Tecnologia,Medellin,1,292300.0,0.05,En linea,277685.0
2025-12-23,19052,Aspiradora,Hogar,Medellin,4,69900.0,0.05,Tienda,265620.0
2025-07-21,14030,Aspiradora,Hogar,Cali,2,115000.0,0.15,En linea,195500.0
2025-07-18,19762,Chaqueta impermeable,Moda,Cali,3,57200.0,0.0,Tienda,171600.0
2025-11-13,15379,Bolso cuero,Moda,Cali,2,50200.0,0.05,Tienda,95380.0
2025-06-07,12597,Juego de ollas,Hogar,Bogota,5,130700.0,0.0,En linea,620825.0
2025-09-23,17016,Tablet 10,Tecnologia,Bogota,3,660300.0,0.2,Tienda,1584720.0
2025-06-18,19307,Tenis urbanos,Moda,Bogota,2,113300.0,0.15,Tienda,192610.0
2025-07-06,16845,Tenis urbanos,Moda,Barranquilla,3,92100.0,0.0,En linea,276300.0
2025-06-19,17633,Bicicleta estatica,Deportes,Barranquilla,2,33500.0,0.3,En linea,46900.0
2025-10-10,18197,Audifonos BT,Tecnologia,Bogota,1,259900.0,0.0,Tienda,259900.0
2025-01-27,10336,Set de sabanas,Hogar,Medellin,3,38200.0,0.3,Tienda,80220.0
2025-10-04,11529,Aspiradora,Hogar,Medellin,2,64500.0,0.0,Tienda,129000.0
2025-10-27,13597,Portatil 14,Tecnologia,Medellin,2,347800.0,0.0,Tienda,695600.0
2025-11-20,15214,Guantes gym,Deportes,Barranquilla,1,57300.0,0.0,En linea,57300.0
2025-08-31,16538,Jean slim,Moda,Bogota,4,56300.0,0.1,Tienda,202680.0
2025-04-02,18589,Set de sabanas,Hogar,Barranquilla,2,70400.0,0.0,En linea,140800.0
2025-07-04,17550,Audifonos BT,Tecnologia,Bogota,3,335900.0,0.15,Tienda,856545.0
2025-08-17,10912,Mancuernas 5kg,Deportes,Medellin,1,44100.0,0.1,En linea,39690.0
2025-12-03,13893,Juego de ollas,Hogar,Medellin,3,45200.0,0.0,Tienda,135600.0
2025-07-28,10760,Bolso cuero,Moda,Bogota,1,41700.0,0.0,En linea,41700.0
2025-07-07,16396,Juego de ollas,Hogar,Barranquilla,1,70200.0,0.0,Tienda,70200.0
2025-03-08,19558,Tapete yoga,Deportes,Cali,4,84600.0,0.05,En linea,321480.0
2025-12-28,12869,Juego de ollas,Hogar,Medellin,3,32400.0,0.2,En linea,77760.0
2025-06-21,13295,Camiseta basica,Moda,Medellin,1,75500.0,0.0,Tienda,75500.0
2025-10-09,19244,Bolso cuero,Moda,Bogota,3,79400.0,0.3,Tienda,166740.0
2025-11-23,19841,Tapete yoga,Deportes,Barranquilla,1,58500.0,0.0,Tienda,58500.0
2025-06-19,18082,Juego de ollas,Hogar,Cali,5,76400.0,0.0,En linea,382000.0
2025-05-18,19368,Tapete yoga,Deportes,Bogota,3,102100.0,0.0,Tienda,306300.0
2025-10-19,18712,Guantes gym,Deportes,Barranquilla,3,50800.0,0.0,En linea,152400.0
2025-02-24,18602,Licuadora,Hogar,Cali,3,68600.0,0.0,Tienda,205800.0
2025-07-18,14478,Set de sabanas,Hogar,Bogota,5,129000.0,0.0,En linea,645000.0
2025-01-02,10631,Bolso cuero,Moda,Cali,1,89800.0,0.05,Tienda,85310.0
2025-05-20,18387,Aspiradora,Hogar,Medellin,2,148700.0,0.0,En linea,297400.0
2025-05-31,18065,Licuadora,Hogar,Medellin,5,87000.0,0.1,Tienda,391500.0
2025-01-08,11169,Guantes gym,Deportes,Bogota,4,53500.0,0.05,Tienda,203300.0
2025-06-04,14826,Jean slim,Moda,Bogota,2,52300.0,0.15,Tienda,88910.0
2025-04-14,16916,Aspiradora,Hogar,Medellin,4,147600.0,0.1,Tienda,531360.0
2025-12-19,17311,Balon futbol,Deportes,Cali,4,45200.0,0.2,En linea,144640.0
2025-01-10,12439,Jean slim,Moda,Bogota,4,92800.0,0.15,Tienda,315520.0
2025-08-09,13541,Monitor 24,Tecnologia,Cali,3,397300.0,0.0,Tienda,1191900.0
2025-04-24,10421,Tablet 10,Tecnologia,Medellin,3,747700.0,0.0,En linea,2243100.0
2025-05-31,10735,Lampara LED,Hogar,Bogota,4,70000.0,0.0,Tienda,280000.0
2025-06-03,10170,Jean slim,Moda,Bogota,4,69300.0,0.0,Tienda,277200.0
2025-03-21,11485,Jean slim,Moda,Cali,3,45200.0,0.1,En linea,122040.0
2025-06-08,17580,Bolso cuero,Moda,Medellin,1,99800.0,0.0,Tienda,99800.0
2025-08-25,15020,Lampara LED,Hogar,Medellin,2,251800.0,0.05,En linea,478420.0
2025-03-21,14995,Audifonos BT,Tecnologia,Cali,2,376600.0,0.05,Tienda,715540.0
2025-09-26,18614,Tapete yoga,Deportes,Barranquilla,4,20200.0,0.1,Tienda,72720.0
2025-11-18,12347,Aspiradora,Hogar,Barranquilla,5,56600.0,0.0,Tienda,283000.0
2025-02-27,18278,Set de sabanas,Hogar,Medellin,3,77300.0,0.2,Tienda,185520.0
2025-12-29,19575,Set de sabanas,Hogar,Cali,3,59600.0,0.05,Tienda,169860.0
2025-09-14,14708,Teclado mecanico,Tecnologia,Medellin,2,271000.0,0.05,En linea,514900.0
2025-02-17,11447,Camiseta basica,Moda,Bogota,3,43900.0,0.15,Tienda,111945.0
2025-01-18,12724,Jean slim,Moda,Barranquilla,4,170700.0,0.0,Tienda,682800.0
2025-04-30,16793,Mancuernas 5kg,Deportes,Bogota,3,54500.0,0.1,Tienda,147150.0
2025-06-14,11007,Set de sabanas,Hogar,Cali,1,128100.0,0.05,Tienda,121695.0
2025-08-16,12419,Licuadora,Hogar,Medellin,1,79100.0,0.0,En linea,79100.0
2025-03-25,18204,Guantes gym,Deportes,Cali,4,66600.0,0.1,Tienda,239760.0
2025-11-02,14579,Audifonos BT,Tecnologia,Cali,3,206700.0,0.0,Tienda,620100.0
2025-11-29,18598,Aspiradora,Hogar,Cali,1,33800.0,0.05,Tienda,32110.0
2025-07-19,16292,Bicicleta estatica,Deportes,Bogota,2,36300.0,0.15,Tienda,61710.0
2025-10-18,12562,Bolso cuero,Moda,Medellin,1,60800.0,0.15,Tienda,51680.0
2025-03-08,18140,Tapete yoga,Deportes,Cali,4,39000.0,0.0,Tienda,156000.0
2025-01-13,10840,Licuadora,Hogar,Cali,1,66300.0,0.0,En linea,66300.0
2025-10-29,13500,Tenis urbanos,Moda,Barranquilla,2,25600.0,0.0,En linea,51200.0
2025-06-10,12132,Balon futbol,Deportes,Cali,3,63300.0,0.0,En linea,189900.0
2025-07-03,11246,Monitor 24,Tecnologia,Medellin,3,394100.0,0.0,En linea,1182300.0
2025-02-08,16237,Mancuernas 5kg,Deportes,Medellin,3,53900.0,0.2,Tienda,129360.0
2025-12-29,14325,Tablet 10,Tecnologia,Medellin,2,111000.0,0.15,Tienda,188700.0
2025-12-03,13361,Portatil 14,Tecnologia,Cali,2,425900.0,0.15,Tienda,724030.0
2025-12-27,13349,Camiseta basica,Moda,Barranquilla,2,74900.0,0.1,Tienda,134820.0
2025-03-07,19829,Teclado mecanico,Tecnologia,Medellin,1,197600.0,0.15,Tienda,167960.0
2025-08-09,16497,Tenis urbanos,Moda,Medellin,1,99200.0,0.0,Tienda,99200.0
2025-05-21,14645,Tenis urbanos,Moda,Cali,1,67000.0,0.0,Tienda,67000.0
2025-11-28,18602,Licuadora,Hogar,Medellin,1,51800.0,0.0,Tienda,51800.0
2025-11-07,19586,Tenis urbanos,Moda,Barranquilla,3,28800.0,0.2,Tienda,69120.0
2025-01-22,11343,Bolso cuero,Moda,Bogota,1,75500.0,0.05,Tienda,71725.0
2025-02-01,14528,Tapete yoga,Deportes,Bogota,3,136400.0,0.0,En linea,409200.0
2025-04-16,12198,Chaqueta impermeable,Moda,Medellin,3,32900.0,0.0,Tienda,98700.0
2025-08-28,17865,Guantes gym,Deportes,Bogota,3,134900.0,0.0,Tienda,404700.0
2025-06-12,13404,Juego de ollas,Hogar,Barranquilla,3,91000.0,0.0,Tienda,273000.0
2025-02-27,12922,Juego de ollas,Hogar,Medellin,4,127800.0,0.0,Tienda,511200.0
2025-11-12,18062,Tenis urbanos,Moda,Barranquilla,2,67700.0,0.0,En linea,135400.0
2025-03-28,16454,Aspiradora,Hogar,Cali,3,90800.0,0.0,En linea,272400.0
2025-06-10,16846,Teclado mecanico,Tecnologia,Cali,1,353700.0,0.0,Tienda,353700.0
2025-12-15,10394,Mancuernas 5kg,Deportes,Medellin,2,49000.0,0.05,En linea,93100.0
2025-02-25,15063,Teclado mecanico,Tecnologia,Medellin,1,417400.0,0.05,Tienda,396530.0
2025-02-16,12043,Bicicleta estatica,Deportes,Bogota,1,33700.0,0.15,Tienda,28645.0
2025-09-29,13754,Portatil 14,Tecnologia,Medellin,3,220900.0,0.0,En linea,662700.0
2025-12-18,11068,Audifonos BT,Tecnologia,Bogota,2,643500.0,0.0,Tienda,1287000.0
2025-05-25,11861,Chaqueta impermeable,Moda,Bogota,1,29500.0,0.1,En linea,26550.0
2025-01-14,18217,Juego de ollas,Hogar,Barranquilla,4,71700.0,0.0,Tienda,286800.0
2025-12-12,14041,Mancuernas 5kg,Deportes,Cali,1,83400.0,0.0,En linea,83400.0
2025-06-10,10511,Lampara LED,Hogar,Cali,3,50500.0,0.15,En linea,128775.0
2025-06-07,11321,Portatil 14,Tecnologia,Cali,1,231100.0,0.05,En linea,219545.0
2025-07-29,13470,Monitor 24,Tecnologia,Medellin,1,228400.0,0.1,En linea,205560.0
2025-06-16,12708,Lampara LED,Hogar,Medellin,5,164000.0,0.0,En linea,820000.0
2025-05-17,17763,Juego de ollas,Hogar,Barranquilla,5,115000.0,0.05,En linea,546250.0
2025-12-11,10201,Tenis urbanos,Moda,Medellin,3,54600.0,0.0,Tienda,147420.0
2025-04-20,10561,Guantes gym,Deportes,Medellin,4,20700.0,0.05,En linea,78660.0
2025-11-02,10210,Bicicleta estatica,Deportes,Medellin,2,32500.0,0.3,En linea,45500.0
2025-04-23,12616,Chaqueta impermeable,Moda,Medellin,2,31800.0,0.15,Tienda,54060.0
2025-07-18,11960,Jean slim,Moda,Barranquilla,4,30100.0,0.2,Tienda,96320.0
2025-01-13,12522,Mancuernas 5kg,Deportes,Bogota,3,40900.0,0.0,Tienda,122700.0
2025-02-18,18487,Set de sabanas,Hogar,Medellin,2,48800.0,0.2,En linea,78080.0
2025-07-04,16853,Chaqueta impermeable,Moda,Cali,1,132700.0,0.0,Tienda,132700.0
2025-11-14,14902,Monitor 24,Tecnologia,Cali,2,212800.0,0.0,Tienda,425600.0
2025-08-28,16359,Lampara LED,Hogar,Bogota,2,37400.0,0.3,En linea,52360.0
